date,Bank Cash Assets,Treasury and Agency Securities Holdings,Bank Total Assets
2008-01-02,227.9067,706.9659,7058.874
2008-01-09,200.5758,705.3249,7016.8492
2008-01-16,194.2145,687.8649,7014.6566
2008-01-23,211.7707,688.6157,7109.6121
2008-01-30,229.2459,688.0207,7103.0935
2008-02-06,201.7923,693.4605,7096.8571
2008-02-13,212.8596,696.457,7100.3681
2008-02-20,207.5193,690.0111,7133.1522
2008-02-27,206.126,690.9301,7130.7497
2008-03-05,202.0757,694.5491,7153.348
2008-03-12,212.1003,702.5598,7202.7444
2008-03-19,201.1038,705.0302,7264.4852
2008-03-26,205.9021,710.2735,7243.2068
2008-04-02,203.4148,709.6397,7209.9213
2008-04-09,207.2261,707.5388,7201.9278
2008-04-16,197.4699,690.8543,7165.4091
2008-04-23,206.9524,700.713,7224.1884
2008-04-30,215.0548,703.6115,7232.0539
2008-05-07,207.4595,706.795,7188.3313
2008-05-14,196.627,709.6096,7157.1865
2008-05-21,212.4761,704.9197,7199.614
2008-05-28,217.0376,709.1782,7187.4207
2008-06-04,199.1476,724.1738,7168.7336
2008-06-11,196.4847,717.8696,7139.6341
2008-06-18,211.1938,721.3679,7174.4625
2008-06-25,201.6004,727.0991,7173.9831
2008-07-02,199.2229,725.399,7201.676
2008-07-09,198.7413,720.6471,7218.7722
2008-07-16,209.958,722.6726,7242.8233
2008-07-23,199.0525,717.5214,7201.2086
2008-07-30,210.5011,726.2561,7228.5945
2008-08-06,201.8119,725.3143,7186.577
2008-08-13,209.0072,732.8701,7197.9817
2008-08-20,200.8054,738.0548,7207.2442
2008-08-27,203.0496,740.4828,7203.9742
2008-09-03,216.1833,738.1955,7216.2696
2008-09-10,207.4602,743.7055,7200.2127
2008-09-17,286.408,740.278,7440.8838
2008-09-24,268.4211,755.5631,7449.3841
2008-10-01,365.6733,778.0061,7876.155
2008-10-08,360.4526,778.7259,7878.5323
2008-10-15,382.2801,787.0728,7932.5041
2008-10-22,372.9511,876.0128,8015.0645
2008-10-29,486.9999,866.1314,8035.1485
2008-11-05,475.4197,869.0563,7951.1363
2008-11-12,543.3724,871.6092,8007.3818
2008-11-19,492.1386,843.7648,7948.1291
2008-11-26,512.1792,848.3463,8037.6686
2008-12-03,536.06,853.4245,8158.1076
2008-12-10,552.8448,829.3983,8199.8583
2008-12-17,591.9107,815.5769,8213.7465
2008-12-24,570.0328,839.6533,8168.3612
2008-12-31,586.8149,831.0053,8071.3323
2009-01-07,585.7986,832.1659,8031.146
2009-01-14,596.4528,865.4595,8080.4008
2009-01-21,588.1021,865.7048,8070.3221
2009-01-28,514.9146,862.0839,7954.2003
2009-02-04,484.5454,857.2684,7923.135
2009-02-11,439.7588,838.4887,7897.2304
2009-02-18,506.9655,854.8104,7936.2538
2009-02-25,520.3179,841.035,7927.8903
2009-03-04,515.7926,848.7397,7928.9847
2009-03-11,524.0849,852.1015,7948.07
2009-03-18,564.4949,855.678,7929.5863
2009-03-25,597.18,845.5664,7956.0755
2009-04-01,604.1971,840.003,7934.4429
2009-04-08,584.2658,835.7318,7861.7051
2009-04-15,624.6372,838.1686,7906.5847
2009-04-22,640.7406,842.0715,7902.7776
2009-04-29,582.3005,835.8767,7949.0862
2009-05-06,613.313,841.1272,7991.091
2009-05-13,667.3947,837.644,7994.6418
2009-05-20,664.3164,849.9338,8000.9261
2009-05-27,622.4087,845.3074,7959.1933
2009-06-03,601.7259,852.66,7971.1898
2009-06-10,636.3774,854.5162,8017.2697
2009-06-17,594.0918,897.1379,7968.9822
2009-06-24,592.5066,895.1858,7969.0641
2009-07-01,605.0347,913.9906,7936.5044
2009-07-08,560.661,918.705,7895.3681
2009-07-15,629.9666,907.4075,7835.0862
2009-07-22,610.5,898.1655,7791.0797
2009-07-29,580.8932,893.3703,7734.3809
2009-08-05,575.7754,909.3499,7715.5876
2009-08-12,605.9405,928.9138,7736.2236
2009-08-19,603.0482,921.7842,7712.7701
2009-08-26,630.5767,917.7865,7710.7318
2009-09-02,594.2406,922.4372,7691.9229
2009-09-09,630.9993,926.2418,7693.4077
2009-09-16,662.0906,937.6381,7704.5123
2009-09-23,662.7925,950.0822,7708.6143
2009-09-30,635.3454,916.5293,7625.5211
2009-10-07,672.9292,905.993,7640.7086
2009-10-14,731.6112,920.2456,7676.8432
2009-10-21,717.3898,942.2103,7676.2238
2009-10-28,700.4802,926.7115,7637.6152
2009-11-04,751.3455,942.6226,7711.5685
2009-11-11,725.5749,945.9029,7667.9602
2009-11-18,718.468,946.5547,7650.7238
2009-11-25,786.1769,938.9976,7700.8434
2009-12-02,758.9578,947.6867,7684.9033
2009-12-09,717.2648,964.0963,7665.3921
2009-12-16,718.2714,976.402,7672.6948
2009-12-23,681.8653,979.3774,7643.3796
2009-12-30,605.3463,988.314,7592.9071
2010-01-06,615.0241,983.7014,7647.0208
2010-01-13,640.5675,972.9157,7631.4872
2010-01-20,596.1399,981.2167,7622.4252
2010-01-27,652.2358,993.9798,7665.3121
2010-02-03,645.9694,1000.6422,7656.9265
2010-02-10,656.88,1004.2402,7690.5827
2010-02-17,689.6249,1008.3932,7703.3748
2010-02-24,661.1721,1004.0042,7656.6811
2010-03-03,696.2137,1003.1715,7688.8677
2010-03-10,710.1239,1000.7364,7690.2883
2010-03-17,687.8418,1005.5091,7653.8424
2010-03-24,699.4087,1009.7433,7631.4137
2010-03-31,619.03,1020.9106,7892.0672
2010-04-07,694.2941,1021.2092,7975.1528
2010-04-14,682.6911,1027.8493,7940.889
2010-04-21,671.2589,1037.0999,7917.4669
2010-04-28,663.9845,1031.9501,7904.6919
2010-05-05,676.7534,1031.6479,7915.8929
2010-05-12,707.2241,1032.3687,7925.1852
2010-05-19,693.4749,1033.4824,7919.9255
2010-05-26,697.316,1020.0036,7893.6819
2010-06-02,659.0916,1017.6907,7828.8398
2010-06-09,666.7012,1025.1721,7845.1582
2010-06-16,661.5516,1019.5445,7835.6091
2010-06-23,677.4751,1026.3515,7850.7997
2010-06-30,591.1412,1025.601,7796.0443
2010-07-07,656.5969,1031.3371,7831.6379
2010-07-14,653.7894,1059.4466,7837.3097
2010-07-21,631.5027,1087.9236,7837.491
2010-07-28,615.591,1087.4535,7826.1898
2010-08-04,609.8775,1090.1101,7844.7819
2010-08-11,593.3086,1097.7627,7829.1306
2010-08-18,582.9243,1089.9078,7814.728
2010-08-25,616.7693,1086.2578,7845.0795
2010-09-01,588.6787,1102.7306,7828.2238
2010-09-08,600.6869,1098.0014,7836.0566
2010-09-15,592.4213,1108.5772,7813.4196
2010-09-22,593.8683,1114.9344,7805.6025
2010-09-29,580.2711,1101.161,7791.5207
2010-10-06,591.0123,1122.4002,7857.5152
2010-10-13,593.0711,1126.4212,7858.6368
2010-10-20,602.5438,1128.2034,7887.7978
2010-10-27,604.7861,1129.9049,7867.0321
2010-11-03,565.2428,1137.5058,7850.4169
2010-11-10,576.902,1134.239,7850.6947
2010-11-17,591.7418,1140.3962,7854.327
2010-11-24,575.3294,1136.9201,7829.1845
2010-12-01,571.3192,1139.5642,7821.714
2010-12-08,583.8093,1136.9493,7839.2031
2010-12-15,567.7436,1104.7623,7792.9454
2010-12-22,575.5664,1111.028,7773.2425
2010-12-29,555.1704,1114.34,7747.1916
2011-01-05,568.2466,1118.1505,7741.6006
2011-01-12,579.2777,1123.9183,7778.4674
2011-01-19,544.5343,1125.3581,7708.1652
2011-01-26,557.1007,1119.4918,7701.0612
2011-02-02,548.7377,1100.1261,7671.8664
2011-02-09,603.5779,1106.3504,7728.9808
2011-02-16,607.182,1104.0756,7711.0445
2011-02-23,659.8492,1102.7872,7774.2476
2011-03-02,647.8371,1094.0001,7752.0236
2011-03-09,656.6987,1101.6114,7775.3302
2011-03-16,615.3172,1108.1662,7730.0536
2011-03-23,635.4205,1105.7082,7755.4838
2011-03-30,660.7352,1108.281,7785.6772
2011-04-06,623.7767,1117.5426,7771.1707
2011-04-13,637.8042,1129.56,7781.7763
2011-04-20,625.7083,1127.3573,7795.0718
2011-04-27,604.9208,1127.7215,7758.202
2011-05-04,632.8823,1130.6704,7787.3994
2011-05-11,616.42,1126.049,7777.3747
2011-05-18,605.0476,1114.2629,7733.2685
2011-05-25,619.6719,1120.2622,7762.194
2011-06-01,644.9931,1120.5639,7810.0967
2011-06-08,643.4621,1124.2082,7793.5048
2011-06-15,657.4491,1123.6361,7790.1342
2011-06-22,686.4161,1105.5043,7854.8149
2011-06-29,718.952,1096.4939,7876.0851
2011-07-06,755.6587,1099.8932,7864.9106
2011-07-13,727.0224,1113.7734,7861.4558
2011-07-20,729.649,1106.1194,7853.7541
2011-07-27,777.6458,1104.8642,7913.9582
2011-08-03,804.9324,1103.6711,7959.8034
2011-08-10,749.7315,1109.0612,7960.3293
2011-08-17,722.5605,1114.3229,7930.8295
2011-08-24,689.1264,1117.7057,7890.0589
2011-08-31,693.5506,1118.8798,7904.8233
2011-09-07,679.2138,1122.6071,7897.8182
2011-09-14,710.5886,1127.1597,7933.1655
2011-09-21,670.1324,1129.4767,7917.2792
2011-09-28,716.7897,1126.9634,7964.2565
2011-10-05,707.7799,1123.6031,7962.7271
2011-10-12,656.799,1132.4267,7909.2405
2011-10-19,639.647,1138.3412,7895.4749
2011-10-26,631.9568,1144.8444,7901.5053
2011-11-02,647.6145,1147.0026,7922.0795
2011-11-09,641.5446,1130.3395,7926.1815
2011-11-16,639.2313,1131.7043,7924.1964
2011-11-23,627.8035,1148.1696,7951.0257
2011-11-30,638.54,1146.0954,7938.7549
2011-12-07,656.7462,1131.4467,7951.6224
2011-12-14,698.1897,1142.267,7972.4402
2011-12-21,637.3341,1134.4568,7908.2031
2011-12-28,657.6168,1139.3893,7937.7837
2012-01-04,658.5018,1155.9182,7950.5741
2012-01-11,670.6414,1164.6506,7980.5983
2012-01-18,669.4527,1144.646,7953.0327
2012-01-25,692.7445,1153.1348,7979.7167
2012-02-01,702.4187,1148.35,8014.8303
2012-02-08,692.6547,1157.7027,8001.4339
2012-02-15,698.129,1173.5587,8027.9317
2012-02-22,655.1148,1176.0456,7983.9939
2012-02-29,685.4328,1188.4284,8035.2404
2012-03-07,669.4509,1179.3295,7987.5158
2012-03-14,681.6831,1181.0052,7989.7055
2012-03-21,642.6957,1184.3772,7947.4442
2012-03-28,632.3595,1186.9818,7940.036
2012-04-04,687.88,1208.0612,8041.8612
2012-04-11,644.8035,1208.9837,8020.3403
2012-04-18,606.5131,1194.5734,7958.1892
2012-04-25,640.8362,1191.8786,7987.2343
2012-05-02,631.2422,1195.6613,7983.2148
2012-05-09,622.1738,1201.4872,7979.2916
2012-05-16,641.1862,1204.3218,8015.3345
2012-05-23,659.3498,1214.4601,8043.7007
2012-05-30,637.0649,1217.8503,8025.232
2012-06-06,679.299,1215.0357,8080.2917
2012-06-13,695.0865,1209.4846,8094.1142
2012-06-20,653.8707,1207.7436,8037.9466
2012-06-27,661.4925,1231.7724,8069.6401
2012-07-04,681.1229,1241.9442,8105.9139
2012-07-11,667.9902,1254.4336,8114.766
2012-07-18,662.6537,1244.2849,8103.2606
2012-07-25,696.9713,1248.1892,8151.7823
2012-08-01,677.6828,1250.6593,8120.7653
2012-08-08,682.4839,1247.0858,8110.935
2012-08-15,682.8251,1244.8241,8097.7986
2012-08-22,660.5292,1244.8079,8092.6127
2012-08-29,656.375,1247.5877,8085.4377
2012-09-05,694.2695,1248.4776,8140.2149
2012-09-12,654.1339,1240.0458,8103.7049
2012-09-19,650.7479,1234.5413,8102.3858
2012-09-26,677.2707,1239.912,8124.674
2012-10-03,672.0138,1240.2225,8123.4015
2012-10-10,661.3443,1235.2178,8121.7516
2012-10-17,673.0255,1231.2789,8125.3363
2012-10-24,676.3399,1235.6234,8124.3581
2012-10-31,715.4824,1239.3339,8241.1534
2012-11-07,723.8684,1249.2213,8239.6269
2012-11-14,731.6593,1259.696,8282.3833
2012-11-21,683.168,1261.2826,8211.0572
2012-11-28,679.8215,1257.2206,8215.4971
2012-12-05,717.9702,1269.2624,8268.4059
2012-12-12,703.0507,1273.0471,8245.1197
2012-12-19,707.521,1277.3342,8282.8948
2012-12-26,762.0026,1278.6907,8348.4467
2013-01-02,718.6205,1262.834,8326.828
2013-01-09,691.7427,1259.5694,8283.2071
2013-01-16,669.8215,1258.6599,8246.8937
2013-01-23,662.5521,1262.5957,8252.626
2013-01-30,682.354,1262.2385,8266.3649
2013-02-06,698.6771,1260.1084,8294.5779
2013-02-13,708.7998,1259.3469,8310.1336
2013-02-20,692.9495,1252.8483,8281.6684
2013-02-27,715.6161,1250.7555,8301.945
2013-03-06,716.8283,1248.5462,8315.6844
2013-03-13,751.174,1251.7936,8328.8714
2013-03-20,761.9259,1243.9947,8334.7435
2013-03-27,814.1334,1244.0337,8395.7727
2013-04-03,816.6458,1277.9287,8408.2227
2013-04-10,796.6509,1273.7655,8407.7192
2013-04-17,817.1433,1274.8702,8418.6285
2013-04-24,773.4788,1272.7654,8365.8852
2013-05-01,822.6144,1273.0553,8419.7118
2013-05-08,809.9428,1262.9336,8388.3167
2013-05-15,866.4816,1263.7444,8437.4564
2013-05-22,847.8453,1264.3732,8422.2784
2013-05-29,854.8184,1259.7158,8414.8797
2013-06-05,879.0177,1274.0857,8465.432
2013-06-12,858.5647,1265.4178,8448.3992
2013-06-19,820.9098,1261.892,8406.677
2013-06-26,868.9575,1258.7389,8434.7159
2013-07-03,876.7912,1248.5404,8430.6585
2013-07-10,893.371,1237.5834,8449.3524
2013-07-17,916.7272,1234.5891,8469.8255
2013-07-24,910.6463,1231.9905,8454.2337
2013-07-31,926.6804,1228.4767,8460.996
2013-08-07,940.8178,1218.8722,8459.5597
2013-08-14,958.3879,1219.7132,8468.3242
2013-08-21,937.4755,1210.5971,8441.1431
2013-08-28,945.0409,1208.664,8446.4612
2013-09-04,962.8614,1198.8014,8456.5256
2013-09-11,936.4909,1202.9118,8447.3627
2013-09-18,992.1351,1208.2172,8518.3004
2013-09-25,1024.7957,1204.3168,8502.1711
2013-10-02,1072.0295,1205.102,8564.5528
2013-10-09,1062.617,1212.0913,8533.6481
2013-10-16,1179.2186,1209.0422,8645.9005
2013-10-23,1115.6898,1206.4497,8603.5169
2013-10-30,1102.4619,1206.9266,8593.2136
2013-11-06,1080.7487,1211.4528,8553.1821
2013-11-13,1087.9175,1213.6694,8571.7998
2013-11-20,1082.7866,1220.012,8580.9694
2013-11-27,1135.0428,1221.3085,8648.9033
2013-12-04,1118.8962,1214.5037,8608.6497
2013-12-11,1109.5356,1219.3093,8623.3808
2013-12-18,1077.9075,1224.3934,8608.6893
2013-12-25,1127.1719,1224.3313,8679.3002
2014-01-01,1106.9009,1227.6249,8656.7402
2014-01-08,1117.3126,1233.4798,8658.3947
2014-01-15,1139.9746,1234.5707,8675.2379
2014-01-22,1159.2693,1235.632,8708.4457
2014-01-29,1144.164,1238.3149,8708.0704
2014-02-05,1147.6774,1251.4091,8731.7814
2014-02-12,1116.2512,1248.6541,8714.5656
2014-02-19,1137.9611,1250.2581,8747.2638
2014-02-26,1054.3574,1258.4439,8673.7037
2014-03-05,1092.959,1264.5093,8716.9625
2014-03-12,1072.9954,1270.1743,8693.44
2014-03-19,1084.376,1266.7832,8721.1401
2014-03-26,1086.9315,1279.7637,8733.0162
2014-04-02,1100.2015,1276.2922,8737.1244
2014-04-09,1123.2742,1282.5342,8775.9841
2014-04-16,1118.5193,1281.4516,8784.9198
2014-04-23,1131.0073,1287.7614,8809.3823
2014-04-30,1193.6743,1285.4358,8884.7092
2014-05-07,1176.4242,1287.9235,8858.4465
2014-05-14,1154.9758,1302.268,8857.2235
2014-05-21,1158.2692,1303.6099,8872.4837
2014-05-28,1148.4626,1309.4677,8879.6016
2014-06-04,1165.5098,1308.2364,8884.3782
2014-06-11,1164.1048,1313.5016,8906.532
2014-06-18,1159.1924,1318.082,8905.2236
2014-06-25,1243.221,1317.927,8987.9501
2014-07-02,1171.7523,1330.5732,8952.6997
2014-07-09,1202.3261,1338.5336,8981.1845
2014-07-16,1205.4226,1337.4433,8995.8515
2014-07-23,1218.8314,1342.6075,9023.2612
2014-07-30,1193.7322,1345.9953,9000.175
2014-08-06,1199.8849,1351.5459,9021.2612
2014-08-13,1197.042,1349.6567,9004.9995
2014-08-20,1209.411,1349.7826,9045.8459
2014-08-27,1212.8637,1356.2922,9039.8873
2014-09-03,1276.643,1361.9263,9113.1708
2014-09-10,1252.5995,1375.2523,9095.8711
2014-09-17,1285.4575,1382.8263,9139.4171
2014-09-24,1287.5737,1394.6346,9163.3435
2014-10-01,1261.8421,1397.2773,9129.5847
2014-10-08,1235.0245,1401.2815,9108.0398
2014-10-15,1283.7828,1403.6105,9168.3467
2014-10-22,1277.0215,1395.1292,9170.1767
2014-10-29,1252.8362,1394.5152,9122.576
2014-11-05,1264.1175,1402.3905,9170.5627
2014-11-12,1282.0786,1409.9727,9218.2223
2014-11-19,1279.5738,1413.0725,9190.9917
2014-11-26,1361.292,1423.078,9302.8665
2014-12-03,1313.8687,1435.9942,9263.49
2014-12-10,1339.8661,1445.7168,9304.5515
2014-12-17,1339.2501,1445.0868,9304.976
2014-12-24,1355.6803,1446.4004,9336.7929
2014-12-31,1322.1253,1451.7584,9331.3871
2015-01-07,1377.5305,1460.1873,9494.6082
2015-01-14,1360.6873,1468.552,9495.7762
2015-01-21,1346.5065,1477.7742,9529.5669
2015-01-28,1344.1771,1482.6245,9533.4695
2015-02-04,1384.3021,1499.5141,9577.8588
2015-02-11,1365.9026,1505.8466,9550.2029
2015-02-18,1346.4885,1505.0872,9545.4733
2015-02-25,1346.8312,1504.8396,9539.8614
2015-03-04,1347.7795,1509.8395,9564.7741
2015-03-11,1354.1122,1506.8446,9597.3047
2015-03-18,1335.5053,1502.8006,9605.7721
2015-03-25,1342.0111,1510.0471,9583.8993
2015-04-01,1382.6895,1506.4831,9660.4011
2015-04-08,1346.2731,1506.5614,9609.5599
2015-04-15,1370.7877,1505.9033,9641.284
2015-04-22,1329.4602,1515.7621,9614.3242
2015-04-29,1330.5088,1519.3584,9618.327
2015-05-06,1341.1355,1534.6196,9632.6965
2015-05-13,1312.2185,1532.6857,9634.3855
2015-05-20,1264.3168,1534.1339,9585.2254
2015-05-27,1288.4916,1538.1517,9612.8589
2015-06-03,1239.5177,1539.9098,9567.1906
2015-06-10,1246.8983,1543.3993,9576.2973
2015-06-17,1264.8978,1551.1215,9614.7393
2015-06-24,1226.8048,1546.6008,9585.7757
2015-07-01,1266.1112,1536.2939,9603.0853
2015-07-08,1243.4558,1532.6542,9584.9095
2015-07-15,1292.3222,1540.03,9631.3775
2015-07-22,1273.2337,1539.8343,9625.8175
2015-07-29,1250.2863,1539.8989,9595.2247
2015-08-05,1254.1661,1547.485,9616.713
2015-08-12,1247.2221,1548.0965,9627.2976
2015-08-19,1274.9258,1551.9673,9667.9092
2015-08-26,1317.9271,1544.7059,9718.4584
2015-09-02,1237.0534,1546.865,9624.8306
2015-09-09,1245.4063,1552.559,9641.1562
2015-09-16,1241.4481,1541.6485,9607.9077
2015-09-23,1229.4359,1542.0544,9628.3665
2015-09-30,1213.2514,1550.7057,9658.4254
2015-10-07,1245.2628,1549.9292,9646.7089
2015-10-14,1218.3329,1557.8854,9659.1418
2015-10-21,1265.0288,1557.6496,9700.831
2015-10-28,1276.8744,1557.6824,9731.5469
2015-11-04,1274.1799,1569.7503,9742.5736
2015-11-11,1239.0732,1571.1685,9736.6937
2015-11-18,1223.215,1577.6118,9718.9151
2015-11-25,1242.6257,1577.0545,9741.9371
2015-12-02,1210.2622,1576.6957,9715.3498
2015-12-09,1219.9379,1581.3257,9745.0263
2015-12-16,1197.5606,1585.7184,9722.7881
2015-12-23,1180.7096,1582.4509,9728.7577
2015-12-30,1147.655,1580.1108,9677.3702
2016-01-06,1209.6876,1581.2718,9771.5879
2016-01-13,1199.998,1580.3354,9765.07
2016-01-20,1208.0932,1577.5633,9814.4482
2016-01-27,1213.6735,1581.3602,9799.3892
2016-02-03,1217.3459,1592.7579,9838.1454
2016-02-10,1223.9289,1594.3542,9865.8293
2016-02-17,1234.3187,1585.9507,9856.3447
2016-02-24,1221.3283,1592.4026,9851.1369
2016-03-02,1215.6963,1593.5302,9879.1678
2016-03-09,1189.0039,1591.819,9862.3989
2016-03-16,1197.1176,1591.5398,9865.5099
2016-03-23,1216.2208,1593.7678,9893.9487
2016-03-30,1181.3046,1592.6401,9888.4646
2016-04-06,1234.7966,1599.1106,9949.0376
2016-04-13,1249.1977,1610.3358,9975.4291
2016-04-20,1275.9429,1608.3403,9988.7853
2016-04-27,1251.4532,1613.3846,9975.1332
2016-05-04,1278.3806,1623.6126,10033.6766
2016-05-11,1269.8891,1622.9732,10024.0725
2016-05-18,1244.069,1623.4502,9991.6895
2016-05-25,1260.3711,1625.1057,10015.0611
2016-06-01,1278.5094,1630.8638,10043.0836
2016-06-08,1298.6888,1633.9461,10090.3054
2016-06-15,1297.3573,1631.0982,10094.901
2016-06-22,1279.5604,1635.5905,10097.3778
2016-06-29,1191.082,1641.5197,10062.5827
2016-07-06,1256.7771,1649.6265,10140.5441
2016-07-13,1202.6117,1660.1352,10096.0239
2016-07-20,1215.8585,1664.2666,10089.447
2016-07-27,1210.7694,1671.7405,10094.1319
2016-08-03,1255.1269,1670.7319,10125.6296
2016-08-10,1227.2868,1676.3338,10122.3494
2016-08-17,1257.1497,1676.2664,10149.8202
2016-08-24,1232.0992,1684.8018,10145.7925
2016-08-31,1182.9839,1689.8839,10145.1901
2016-09-07,1236.3575,1693.7078,10177.0742
2016-09-14,1255.9985,1704.0702,10218.6552
2016-09-21,1192.11,1707.5753,10161.4956
2016-09-28,1169.8209,1711.4754,10163.9898
2016-10-05,1221.5101,1715.4886,10228.6719
2016-10-12,1206.5825,1714.6137,10232.3156
2016-10-19,1181.114,1728.2823,10191.0066
2016-10-26,1181.9813,1731.5907,10193.4381
2016-11-02,1175.4163,1740.371,10189.8693
2016-11-09,1182.5029,1735.2532,10207.6566
2016-11-16,1203.8673,1733.2527,10226.3656
2016-11-23,1154.7299,1723.1204,10191.1458
2016-11-30,1154.8473,1726.6643,10194.0877
2016-12-07,1168.8664,1713.0671,10209.869
2016-12-14,1204.7648,1727.1317,10240.6153
2016-12-21,1147.2743,1721.9308,10189.3702
2016-12-28,1156.3811,1727.7738,10189.9366
2017-01-04,1175.9227,1734.424,10226.3628
2017-01-11,1171.7719,1729.9942,10192.8621
2017-01-18,1200.1,1731.4683,10209.6598
2017-01-25,1205.1258,1741.9428,10207.1119
2017-02-01,1237.0063,1738.8076,10240.0792
2017-02-08,1209.4986,1745.8075,10224.9514
2017-02-15,1220.9754,1754.4953,10240.5726
2017-02-22,1192.1869,1758.6798,10235.0795
2017-03-01,1248.5477,1754.9934,10288.8076
2017-03-08,1228.9563,1750.8023,10255.9389
2017-03-15,1262.355,1757.9324,10313.578
2017-03-22,1245.1821,1759.0007,10265.7629
2017-03-29,1223.6626,1752.1977,10244.8886
2017-04-05,1207.9912,1764.4782,10259.0434
2017-04-12,1218.4446,1758.1573,10248.6562
2017-04-19,1209.4396,1757.1825,10259.1264
2017-04-26,1205.926,1750.0067,10247.3346
2017-05-03,1180.0542,1752.9162,10227.4652
2017-05-10,1208.6764,1760.2574,10261.1548
2017-05-17,1218.9561,1774.8551,10300.9093
2017-05-24,1213.6626,1773.6533,10333.3605
2017-05-31,1165.3489,1773.6039,10285.4195
2017-06-07,1213.1596,1764.4306,10294.6332
2017-06-14,1209.484,1770.0339,10289.388
2017-06-21,1233.7171,1761.1183,10308.1077
2017-06-28,1215.887,1757.4476,10287.2941
2017-07-05,1251.2792,1760.9593,10321.2901
2017-07-12,1218.5869,1765.7737,10304.7753
2017-07-19,1238.4605,1771.5855,10331.8003
2017-07-26,1250.601,1773.5076,10368.0216
2017-08-02,1227.2927,1777.4005,10357.9588
2017-08-09,1239.6378,1774.2686,10348.1634
2017-08-16,1255.3656,1772.3329,10362.4015
2017-08-23,1224.2429,1776.7268,10350.498
2017-08-30,1218.1432,1765.4664,10334.2785
2017-09-06,1221.9296,1768.0924,10351.3671
2017-09-13,1224.5979,1764.1851,10346.8924
2017-09-20,1232.9264,1781.2847,10388.0669
2017-09-27,1220.3054,1789.8294,10377.8798
2017-10-04,1211.6599,1789.8,10362.0406
2017-10-11,1219.161,1794.8288,10387.5466
2017-10-18,1198.6422,1791.6288,10367.2006
2017-10-25,1221.759,1792.2573,10385.2775
2017-11-01,1223.6445,1791.998,10403.2465
2017-11-08,1218.9882,1793.0756,10407.4089
2017-11-15,1212.7138,1789.9326,10381.3671
2017-11-22,1221.0017,1790.858,10400.5871
2017-11-29,1192.8035,1790.4058,10372.7258
2017-12-06,1241.7769,1796.521,10435.3946
2017-12-13,1233.6035,1789.5862,10424.2637
2017-12-20,1251.6996,1792.4347,10440.0526
2017-12-27,1239.0842,1796.4776,10432.5144
2018-01-03,1220.6527,1793.821,10399.4402
2018-01-10,1205.1121,1788.9063,10381.1572
2018-01-17,1204.0574,1786.5039,10398.5083
2018-01-24,1177.3457,1778.5544,10378.2146
2018-01-31,1205.0492,1781.7844,10391.5944
2018-02-07,1204.5976,1775.9209,10353.2922
2018-02-14,1183.1279,1781.1211,10355.3685
2018-02-21,1181.0362,1779.02,10337.7112
2018-02-28,1170.0592,1782.3268,10371.9294
2018-03-07,1151.3028,1776.494,10321.5636
2018-03-14,1123.7121,1781.0574,10328.4488
2018-03-21,1074.1441,1776.1607,10276.1942
2018-03-28,1097.3733,1778.2959,10318.0221
2018-04-04,1090.6789,1779.7679,10288.5741
2018-04-11,1105.5911,1778.009,10294.9006
2018-04-18,1103.9924,1778.4148,10296.1216
2018-04-25,1122.7721,1777.5892,10304.4828
2018-05-02,1082.2107,1775.0659,10295.4605
2018-05-09,1100.3858,1780.6508,10311.3033
2018-05-16,1110.3797,1786.1352,10319.5391
2018-05-23,1122.7651,1793.8031,10363.8539
2018-05-30,1110.877,1801.4444,10376.2935
2018-06-06,1114.8125,1797.7935,10352.3882
2018-06-13,1099.973,1804.322,10343.483
2018-06-20,1108.2652,1812.7784,10369.0315
2018-06-27,1106.4733,1824.2888,10381.8142
2018-07-04,1117.0313,1820.5019,10401.3921
2018-07-11,1106.5007,1826.4809,10365.8042
2018-07-18,1091.2837,1825.0769,10363.8421
2018-07-25,1100.1165,1828.0535,10376.9186
2018-08-01,1104.3149,1819.5112,10381.6056
2018-08-08,1093.6297,1822.7588,10361.9378
2018-08-15,1101.1364,1825.327,10426.0977
2018-08-22,1088.844,1825.0738,10415.4847
2018-08-29,1097.5658,1820.394,10391.4496
2018-09-05,1082.3596,1821.0624,10394.7545
2018-09-12,1083.4274,1828.58,10381.8796
2018-09-19,1086.9602,1828.4943,10403.8017
2018-09-26,1084.8821,1827.3108,10418.8369
2018-10-03,1098.5812,1826.917,10476.9202
2018-10-10,1099.9581,1828.9957,10461.4877
2018-10-17,1090.7048,1828.0758,10471.8308
2018-10-24,1098.7699,1835.3216,10500.7846
2018-10-31,1025.4772,1824.0876,10475.0381
2018-11-07,1044.7749,1824.3642,10435.8963
2018-11-14,1027.7346,1843.8593,10472.4949
2018-11-21,994.067,1855.711,10456.5092
2018-11-28,1012.811,1860.9886,10482.3656
2018-12-05,1030.616,1869.2902,10567.4857
2018-12-12,931.507,1894.1641,10483.9401
2018-12-19,938.0585,1911.9042,10508.2226
2018-12-26,976.6786,1916.8017,10582.077
2019-01-02,942.031,1930.8295,10594.6761
2019-01-09,931.7264,1933.7818,10538.4381
2019-01-16,892.1468,1946.2284,10509.6897
2019-01-23,921.4143,1940.8392,10507.7915
2019-01-30,908.105,1935.9898,10538.2287
2019-02-06,922.6803,1939.8034,10551.3263
2019-02-13,879.8466,1953.5087,10559.3501
2019-02-20,915.2888,1955.9733,10583.2345
2019-02-27,925.1823,1956.2428,10602.5818
2019-03-06,916.639,1954.9397,10587.3143
2019-03-13,905.2854,1966.0891,10620.1846
2019-03-20,901.9523,1970.5169,10673.267
2019-03-27,900.3483,1979.5564,10678.079
2019-04-03,902.8325,1979.8342,10671.8138
2019-04-10,913.2844,1993.9848,10680.4594
2019-04-17,887.9217,1999.4532,10681.6575
2019-04-24,897.514,2002.5783,10673.093
2019-05-01,880.5472,1995.5291,10669.8192
2019-05-08,884.8421,2006.8863,10696.6106
2019-05-15,942.1693,2008.5613,10787.8101
2019-05-22,876.5501,2006.9114,10678.9564
2019-05-29,871.8066,2012.8548,10691.8138
2019-06-05,886.6244,2020.552,10768.0169
2019-06-12,891.1361,2029.5326,10782.318
2019-06-19,879.2762,2049.7622,10791.8271
2019-06-26,892.5752,2055.1751,10812.9432
2019-07-03,867.8223,2067.2322,10784.6518
2019-07-10,859.8848,2072.2972,10764.3377
2019-07-17,885.7606,2063.7124,10816.8086
2019-07-24,893.6485,2074.1385,10809.5284
2019-07-31,851.3613,2075.3623,10801.3697
2019-08-07,861.2904,2083.1136,10884.7852
2019-08-14,870.7962,2096.9763,10867.4202
2019-08-21,862.6292,2101.7215,10836.0864
2019-08-28,839.4349,2126.3109,10851.4163
2019-09-04,821.8327,2132.1123,10870.5368
2019-09-11,797.4691,2153.2583,10846.0866
2019-09-18,784.9011,2175.9915,10823.6861
2019-09-25,844.8373,2175.8949,10868.8698
2019-10-02,846.2176,2177.0897,10909.4265
2019-10-09,874.6855,2172.9266,10940.1774
2019-10-16,865.6652,2168.3056,10961.7456
2019-10-23,862.153,2176.9703,10938.0157
2019-10-30,864.0774,2176.9314,10923.7396
2019-11-06,878.6198,2186.5201,10973.8019
2019-11-13,861.2461,2212.5745,10975.6925
2019-11-20,875.4588,2206.7331,10974.9049
2019-11-27,864.9786,2210.4391,10970.9745
2019-12-04,859.1585,2214.9595,10977.5082
2019-12-11,906.1977,2213.505,11020.7757
2019-12-18,894.5283,2181.2119,10973.882
2019-12-25,867.6497,2180.9677,10952.9315
2020-01-01,847.6925,2176.1245,10942.7282
2020-01-08,875.0431,2168.0751,10981.7007
2020-01-15,894.5174,2195.751,11024.8186
2020-01-22,895.9343,2199.542,11014.7127
2020-01-29,869.0253,2207.1202,11018.9406
2020-02-05,877.9839,2213.5334,11040.1437
2020-02-12,902.1432,2198.6942,11032.2915
2020-02-19,898.231,2219.4107,11122.8368
2020-02-26,859.3033,2242.2422,11090.6319
2020-03-04,845.2726,2287.1262,11237.3562
2020-03-11,834.6339,2317.7409,11290.5424
2020-03-18,1003.3259,2325.9884,11614.4407
2020-03-25,1265.3717,2348.0592,11996.9717
2020-04-01,1289.9362,2333.2043,12027.1
2020-04-08,1344.9425,2314.5993,12020.4979
2020-04-15,1602.7192,2324.3983,12264.2178
2020-04-22,1669.7376,2338.906,12333.9883
2020-04-29,1660.3178,2359.0171,12360.9312
2020-05-06,1752.075,2360.251,12443.8725
2020-05-13,1786.7787,2345.8195,12443.1524
2020-05-20,1860.8267,2368.1985,12496.3906
2020-05-27,1875.2319,2380.4384,12504.9177
2020-06-03,1906.1454,2407.4972,12543.9407
2020-06-10,1880.0118,2433.5228,12597.3389
2020-06-17,1852.856,2468.195,12602.7953
2020-06-24,1824.6779,2492.0484,12613.2059
2020-07-01,1757.2241,2519.6584,12577.1148
2020-07-08,1711.9293,2533.2645,12634.0964
2020-07-15,1654.4372,2568.4293,12635.1283
2020-07-22,1580.6966,2579.2624,12521.4565
2020-07-29,1636.7499,2592.6213,12539.7174
2020-08-05,1701.4047,2614.2957,12595.533
2020-08-12,1729.9629,2595.3973,12575.8048
2020-08-19,1714.6516,2625.8973,12555.2261
2020-08-26,1736.7357,2648.4389,12572.0916
2020-09-02,1712.1534,2689.7277,12577.4068
2020-09-09,1708.113,2689.698,12597.7867
2020-09-16,1744.3012,2687.3824,12693.434
2020-09-23,1670.5952,2688.7495,12578.3046
2020-09-30,1669.2977,2691.4963,12533.9945
2020-10-07,1680.1682,2710.8243,12566.1312
2020-10-14,1717.8629,2727.3904,12607.4978
2020-10-21,1803.2224,2734.4871,12649.1144
2020-10-28,1805.2501,2763.0407,12669.468
2020-11-04,1822.0476,2795.3118,12706.4334
2020-11-11,1800.0294,2792.4221,12709.3872
2020-11-18,1776.1254,2824.2266,12682.5061
2020-11-25,1794.7794,2837.3679,12760.5376
2020-12-02,1790.0672,2852.3471,12764.2164
2020-12-09,1782.3759,2840.7727,12773.5036
2020-12-16,1823.7925,2841.9278,12819.7148
2020-12-23,1858.1728,2850.8769,12838.8661
2020-12-30,1873.3996,2862.3196,12804.5311
2021-01-06,1891.5542,2884.5608,12888.2505
2021-01-13,1858.6597,2885.1178,12881.0995
2021-01-20,1853.4219,2899.2222,12851.215
2021-01-27,1885.5963,2942.332,12886.6796
2021-02-03,1914.3747,2952.3021,12917.6335
2021-02-10,1899.4234,2960.9234,12932.548
2021-02-17,1954.5881,2972.4976,12947.9802
2021-02-24,1915.4357,2985.562,12904.1146
2021-03-03,1981.1934,3015.1841,12947.1157
2021-03-10,1984.8736,3011.1749,12959.7396
2021-03-17,2072.0654,3026.8197,13023.5463
2021-03-24,2038.545,3051.5555,13025.6311
2021-03-31,1997.5852,3056.4444,13022.5939
2021-04-07,2038.1015,3061.2406,13100.6452
2021-04-14,2103.0331,3086.5979,13143.0231
2021-04-21,2141.9123,3099.1403,13211.7065
2021-04-28,2143.7394,3105.6191,13217.7496
2021-05-05,2181.9985,3123.2181,13275.5161
2021-05-12,2149.9106,3126.9615,13277.303
2021-05-19,2076.0991,3146.4923,13236.7489
2021-05-26,2075.3476,3162.1791,13245.946
2021-06-02,2054.5606,3174.5034,13237.2404
2021-06-09,2124.4078,3177.7808,13349.918
2021-06-16,2115.0564,3179.207,13288.3196
2021-06-23,2112.9334,3179.7993,13302.3012
2021-06-30,2058.9694,3188.6858,13273.3828
2021-07-07,2095.8947,3204.6635,13298.5046
2021-07-14,2107.4862,3206.384,13336.3616
2021-07-21,2171.5526,3210.0065,13404.8073
2021-07-28,2120.5827,3219.0135,13366.3308
2021-08-04,2142.6066,3228.1309,13422.603
2021-08-11,2149.863,3220.9516,13423.1674
2021-08-18,2197.487,3243.8638,13503.2579
2021-08-25,2233.6589,3245.0976,13552.3824
2021-09-01,2212.8839,3261.856,13569.5594
2021-09-08,2168.4526,3256.527,13531.6778
2021-09-15,2230.1388,3271.4719,13621.9672
2021-09-22,2204.658,3285.3628,13604.5081
2021-09-29,2184.3006,3311.4622,13586.7297
2021-10-06,2188.8214,3332.1991,13656.7851
2021-10-13,2133.6157,3346.7418,13639.3506
2021-10-20,2128.2149,3375.7779,13687.8633
2021-10-27,2130.2625,3379.9448,13707.2679
2021-11-03,2131.8261,3395.8492,13730.2795
2021-11-10,2074.9505,3401.5508,13714.1515
2021-11-17,2087.5231,3411.0202,13755.0959
2021-11-24,2096.242,3427.578,13810.0226
2021-12-01,2156.1692,3433.3673,13856.1969
2021-12-08,2072.8691,3418.6702,13810.8346
2021-12-15,2074.1997,3433.3214,13783.2132
2021-12-22,2075.6468,3450.1222,13834.6384
2021-12-29,2068.7748,3448.7519,13825.8615
2022-01-05,2027.2851,3515.6302,13915.9864
2022-01-12,1949.9515,3511.0924,13840.5376
2022-01-19,1948.1525,3513.2331,13859.1422
2022-01-26,1934.6377,3509.6609,13821.3746
2022-02-02,1896.2205,3528.2126,13805.301
2022-02-09,1880.754,3525.7861,13821.8974
2022-02-16,1863.1959,3527.9668,13776.6207
2022-02-23,1880.0638,3542.7399,13815.8578
2022-03-02,1916.0788,3529.894,13898.0194
2022-03-09,1889.766,3510.9789,13873.927
2022-03-16,1810.752,3490.8128,13810.1616
2022-03-23,1738.8254,3499.8955,13775.1035
2022-03-30,1740.487,3498.0744,13759.9351
2022-04-06,1755.2629,3499.2883,13818.1073
2022-04-13,1745.9735,3500.9592,13847.1654
2022-04-20,1617.7099,3482.1965,13720.9456
2022-04-27,1613.7593,3485.3447,13747.5027
2022-05-04,1620.9199,3469.5271,13745.2584
2022-05-11,1542.9716,3479.8301,13720.8933
2022-05-18,1533.0301,3478.6565,13716.9005
2022-05-25,1569.932,3482.0122,13779.1652
2022-06-01,1596.0887,3461.4781,13805.9232
2022-06-08,1525.9616,3460.0685,13752.1965
2022-06-15,1575.5676,3432.5555,13761.1406
2022-06-22,1596.7148,3424.7303,13789.2134
2022-06-29,1606.0336,3428.7247,13771.9398
2022-07-06,1603.049,3422.197,13833.299
2022-07-13,1592.3652,3419.2995,13811.5835
2022-07-20,1589.3599,3399.5098,13820.1182
2022-07-27,1644.0163,3407.0206,13865.2147
2022-08-03,1591.0288,3399.9776,13808.3684
2022-08-10,1570.2263,3389.9344,13816.8777
2022-08-17,1543.8991,3387.3735,13778.7525
2022-08-24,1536.2029,3368.9499,13812.9727
2022-08-31,1550.0752,3347.244,13780.0748
2022-09-07,1516.1775,3353.5,13720.4897
2022-09-14,1518.1093,3335.4326,13738.6954
2022-09-21,1513.9848,3321.6466,13739.0941
2022-09-28,1505.09,3305.6053,13705.7134
2022-10-05,1439.4855,3271.6366,13629.5311
2022-10-12,1472.2281,3258.0033,13651.4159
2022-10-19,1453.857,3251.2012,13627.5694
2022-10-26,1496.3568,3243.0691,13693.9825
2022-11-02,1431.4323,3229.797,13634.9513
2022-11-09,1423.6434,3223.0445,13634.3406
2022-11-16,1441.4835,3222.1733,13667.398
2022-11-23,1435.4012,3216.2162,13707.6112
2022-11-30,1425.0151,3215.5452,13655.7947
2022-12-07,1388.8626,3230.0252,13590.2616
2022-12-14,1425.0314,3214.8258,13637.3685
2022-12-21,1434.8473,3203.3787,13620.5194
2022-12-28,1424.4405,3194.4043,13568.9343
2023-01-04,1476.5522,3183.3667,13644.1613
2023-01-11,1438.6348,3191.9469,13597.8435
2023-01-18,1440.1593,3201.0763,13631.9652
2023-01-25,1420.1875,3198.8264,13618.7356
2023-02-01,1420.3368,3200.018,13627.3976
2023-02-08,1381.0304,3201.0274,13559.1843
2023-02-15,1396.8916,3198.7459,13570.3723
2023-02-22,1366.1804,3189.7711,13546.7322
2023-03-01,1360.7533,3178.0394,13532.2986
2023-03-08,1309.723,3172.883,13467.9181
2023-03-15,1596.9473,3169.3,13772.9697
2023-03-22,1575.631,3140.212,13726.1606
2023-03-29,1623.4323,3122.4253,13755.2682
2023-04-05,1621.8083,3143.9316,13742.1899
2023-04-12,1593.0268,3129.3939,13681.9891
2023-04-19,1623.6298,3126.4464,13735.1031
2023-04-26,1586.1358,3132.969,13698.5875
2023-05-03,1575.1889,3121.1083,13689.6293
2023-05-10,1564.9127,3118.091,13691.0553
2023-05-17,1607.109,3094.2201,13689.5749
2023-05-24,1634.1926,3086.4234,13730.43
2023-05-31,1650.9852,3086.9659,13752.9205
2023-06-07,1618.771,3084.8546,13642.704
2023-06-14,1621.2477,3085.9515,13655.8059
2023-06-21,1630.2493,3080.6164,13663.7647
2023-06-28,1569.9594,3080.1474,13559.3227
2023-07-05,1609.078,3065.3117,13617.6183
2023-07-12,1542.1508,3066.54,13549.2478
2023-07-19,1595.7944,3078.3278,13608.4844
2023-07-26,1550.627,3072.7632,13542.5608
2023-08-02,1558.397,3055.0535,13507.6281
2023-08-09,1543.826,3052.6823,13497.0125
2023-08-16,1581.4016,3048.2462,13540.9982
2023-08-23,1587.0471,3060.3178,13565.6328
2023-08-30,1574.0332,3055.1842,13521.8997
2023-09-06,1614.0356,3051.678,13585.2213
2023-09-13,1608.0356,3065.1038,13567.8136
2023-09-20,1612.0288,3069.4746,13577.5272
2023-09-27,1678.9635,3067.0267,13648.136
2023-10-04,1686.0921,3043.621,13658.2356
2023-10-11,1691.8656,3041.4003,13654.1375
2023-10-18,1643.2984,3031.4256,13593.4289
2023-10-25,1662.9972,3035.939,13618.6078
2023-11-01,1706.0544,3049.0277,13669.4525
2023-11-08,1691.7882,3058.9069,13640.3361
2023-11-15,1720.9095,3050.3009,13670.1235
2023-11-22,1719.6947,3048.4104,13674.5506
2023-11-29,1699.3299,3049.3615,13669.2524
2023-12-06,1738.6884,3059.4803,13708.769
2023-12-13,1734.2724,3084.5926,13721.4696
2023-12-20,1718.3946,3110.83,13745.5381
2023-12-27,1733.472,3121.5024,13813.7177
2024-01-03,1749.4096,3107.3691,13777.0304
2024-01-10,1771.0655,3101.4295,13757.5317
2024-01-17,1801.1721,3100.6226,13810.6584
2024-01-24,1741.8354,3109.3026,13778.6617
2024-01-31,1794.6668,3095.8417,13816.5755
2024-02-07,1792.6433,3100.3203,13808.1252
2024-02-14,1738.8725,3125.9551,13795.9684
2024-02-21,1679.1954,3112.2482,13712.5963
2024-02-28,1682.6675,3133.7278,13722.4524
2024-03-06,1703.9646,3172.6736,13755.688
2024-03-13,1614.8384,3228.0376,13728.7072
2024-03-20,1587.7323,3232.7284,13710.0342
2024-03-27,1654.6393,3246.7963,13785.9148
2024-04-03,1631.6292,3226.0928,13749.8683
2024-04-10,1686.455,3192.5322,13770.6586
2024-04-17,1644.1127,3178.5044,13712.3648
2024-04-24,1704.0656,3172.6684,13779.6619
2024-05-01,1661.9424,3169.4571,13740.4285
2024-05-08,1654.5312,3177.0126,13747.1301
2024-05-15,1663.4757,3200.2802,13797.8942
2024-05-22,1627.9172,3199.4963,13770.5845
2024-05-29,1619.5132,3193.0475,13750.9846
2024-06-05,1640.6085,3219.9246,13782.9053
2024-06-12,1655.7725,3222.8839,13806.4293
2024-06-19,1697.5584,3257.6673,13881.0574
2024-06-26,1662.2034,3270.2935,13869.5384
2024-07-03,1633.5356,3272.0865,13838.173
2024-07-10,1633.9767,3275.1547,13839.8411
2024-07-17,1637.4096,3284.8819,13856.1491
2024-07-24,1621.8406,3282.4256,13844.333
2024-07-31,1597.8756,3285.4593,13915.4805
2024-08-07,1604.9675,3297.1902,13865.8335
2024-08-14,1585.5786,3325.6683,13873.752
2024-08-21,1571.9521,3324.3775,13891.6577
2024-08-28,1561.6916,3316.7658,13864.716
2024-09-04,1584.6023,3320.0585,13895.8901
2024-09-11,1557.1386,3336.7254,13892.359
2024-09-18,1576.7504,3338.0579,13922.3646
2024-09-25,1527.358,3353.476,13918.2149
2024-10-02,1563.3778,3360.4703,13958.4088
2024-10-09,1537.294,3369.1175,13914.9092
2024-10-16,1574.8769,3367.3139,13981.3709
2024-10-23,1559.9973,3370.251,13987.0883
2024-10-30,1513.4702,3361.7845,13939.8542
2024-11-06,1518.3532,3363.7619,13940.6542
2024-11-13,1504.4663,3368.8873,13959.9531
2024-11-20,1523.6469,3372.2888,13923.913
2024-11-27,1507.9758,3385.9183,13945.2876
2024-12-04,1488.5677,3386.8592,13939.4997
2024-12-11,1493.6844,3394.9172,13986.8596
2024-12-18,1479.159,3389.003,13960.6377
2024-12-25,1528.5555,3387.3294,14021.2418
2025-01-01,1466.4499,3390.1618,13938.0405
2025-01-08,1498.2813,3389.6373,13988.6694
2025-01-15,1482.0668,3381.2528,13962.4776
2025-01-22,1535.5205,3381.0196,14028.1957
2025-01-29,1480.1967,3378.0314,13987.3651
2025-02-05,1452.3969,3381.4543,13972.8376
2025-02-12,1437.8441,3378.5783,13972.5303
2025-02-19,1477.1969,3392.3778,14049.0925
2025-02-26,1458.2258,3406.3472,14042.507
2025-03-05,1445.9689,3401.6734,14056.0953
2025-03-12,1415.0263,3397.1639,14013.4721
2025-03-19,1382.3257,3418.8146,14001.845
2025-03-26,1425.5984,3432.6317,14069.8709
2025-04-02,1419.4153,3447.6971,14108.8078
2025-04-09,1430.9418,3468.925,14173.3791
2025-04-16,1393.5735,3494.4185,14187.5403
2025-04-23,1384.0764,3496.5922,14156.7909
2025-04-30,1380.963,3511.7894,14197.3928
2025-05-07,1374.4222,3510.9665,14140.592
2025-05-14,1342.8079,3505.6496,14134.382
2025-05-21,1351.3901,3505.4123,14164.2907
2025-05-28,1373.2217,3515.7726,14189.3168
2025-06-04,1379.6392,3519.57,14207.5112
2025-06-11,1429.7887,3533.0353,14283.9891
2025-06-18,1368.9756,3531.9441,14237.346
2025-06-25,1467.0594,3527.794,14372.7818
2025-07-02,1467.7962,3531.7034,14387.4622
2025-07-09,1445.5773,3536.3532,14376.1897
2025-07-16,1459.0685,3538.6663,14397.6034
2025-07-23,1415.5987,3552.5993,14408.6598
2025-07-30,1445.0443,3565.545,14432.2077
2025-08-06,1424.1545,3574.0196,14410.7087
2025-08-13,1419.2025,3585.0287,14463.9734
2025-08-20,1421.8312,3572.1637,14439.2186
2025-08-27,1452.4843,3609.9595,14529.8769
2025-09-03,1434.881,3578.6062,14490.0838
2025-09-10,1410.0391,3600.3585,14516.7481
2025-09-17,1411.9364,3589.8792,14522.7441
2025-09-24,1380.8149,3609.2315,14515.9346
2025-10-01,1426.7,3605.9703,14564.4249
2025-10-08,1398.224,3602.6732,14560.8187
2025-10-15,1426.4682,3612.695,14577.3362
2025-10-22,1384.1678,3623.6682,14542.3858
2025-10-29,1325.1927,3605.0747,14487.0219
2025-11-05,1328.8381,3595.2353,14447.9559
2025-11-12,1382.0229,3593.9391,14517.5609
2025-11-19,1276.1043,3599.3782,14451.6549
2025-11-26,1331.4696,3605.7759,14534.8023
2025-12-03,1335.1735,3586.3805,14527.9561
2025-12-10,1289.5143,3575.6828,14511.5421
2025-12-17,1285.2363,3567.0248,14522.7791
2025-12-24,1300.8969,3573.6811,14553.1704
2025-12-31,1308.9821,3562.9358,14537.6156
2026-01-07,1410.2499,3575.4275,14624.1609
2026-01-14,1398.1228,3589.3063,14672.659
2026-01-21,1335.894,3601.0268,14654.3554
2026-01-28,1330.8506,3611.2035,14719.3813
2026-02-04,1396.3899,3598.0072,14733.3274
2026-02-11,1406.1642,3629.2316,14792.4842
2026-02-18,1395.6047,3638.5383,14799.5214
2026-02-25,1417.453,3635.506,14850.4927
2026-03-04,1417.9413,3636.2367,14862.2295
2026-03-11,1379.4337,3638.9328,14849.4735
2026-03-18,1353.0475,3638.2157,14865.806
2026-03-25,1365.0528,3643.0576,14906.3968
2026-04-01,1348.8928,3642.4356,14968.2262
2026-04-08,1310.1204,3646.6608,14942.0978