date,10-Year Sovereign Yield,Central Bank Total Assets
2008-01-04,3.94,922187
2008-01-11,3.85,880754
2008-01-18,3.72,893581
2008-01-25,3.58,877253
2008-02-01,3.67,900264
2008-02-08,3.66,871022
2008-02-15,3.72,883005
2008-02-22,3.85,878949
2008-02-29,3.78,893825
2008-03-07,3.61,881208
2008-03-14,3.51,896565
2008-03-21,3.39,888646
2008-03-28,3.52,893965
2008-04-04,3.55,883708
2008-04-11,3.54,893029
2008-04-18,3.67,881904
2008-04-25,3.81,885781
2008-05-02,3.83,888131
2008-05-09,3.85,889228
2008-05-16,3.86,880175
2008-05-23,3.84,898487
2008-05-30,4.03,904054
2008-06-06,3.98,895939
2008-06-13,4.15,890610
2008-06-20,4.2,902304
2008-06-27,4.09,892713
2008-07-04,4,902962
2008-07-11,3.9,898034
2008-07-18,3.98,910681
2008-07-25,4.11,899665
2008-08-01,4.04,918625
2008-08-08,3.99,901710
2008-08-15,3.91,914632
2008-08-22,3.83,898611
2008-08-29,3.79,909982
2008-09-05,3.69,905253
2008-09-12,3.66,925725
2008-09-19,3.54,995093
2008-09-26,3.84,1211825
2008-10-03,3.7,1503989
2008-10-10,3.69,1591587
2008-10-17,4.02,1770809
2008-10-24,3.74,1802602
2008-10-31,3.92,1969086
2008-11-07,3.82,2074205
2008-11-14,3.78,2212852
2008-11-21,3.38,2187137
2008-11-28,3.1,2106117
2008-12-05,2.66,2136924
2008-12-12,2.67,2250012
2008-12-19,2.26,2254983
2008-12-26,2.18,2232311
2009-01-02,2.24,2239457
2009-01-09,2.48,2121439
2009-01-16,2.3,2049714
2009-01-23,2.56,2037112
2009-01-30,2.75,1927082
2009-02-06,2.92,1851437
2009-02-13,2.88,1843400
2009-02-20,2.75,1915562
2009-02-27,2.91,1916115
2009-03-06,2.9,1901317
2009-03-13,2.92,1899514
2009-03-20,2.75,2066942
2009-03-27,2.74,2071556
2009-04-03,2.76,2078936
2009-04-10,2.93,2088573
2009-04-17,2.87,2186498
2009-04-24,2.96,2196812
2009-05-01,3.1,2066712
2009-05-08,3.23,2079758
2009-05-15,3.14,2196351
2009-05-22,3.29,2181632
2009-05-29,3.59,2080115
2009-06-05,3.7,2077695
2009-06-12,3.89,2052297
2009-06-19,3.75,2072527
2009-06-26,3.63,2025571
2009-07-03,3.53,2005627
2009-07-10,3.42,1992740
2009-07-17,3.55,2072451
2009-07-24,3.62,2039001
2009-07-31,3.67,2000547
2009-08-07,3.77,1989203
2009-08-14,3.67,2014899
2009-08-21,3.48,2060641
2009-08-28,3.46,2074902
2009-09-04,3.37,2083720
2009-09-11,3.41,2087946
2009-09-18,3.46,2139783
2009-09-25,3.43,2158631
2009-10-02,3.28,2141020
2009-10-09,3.28,2138086
2009-10-16,3.43,2192787
2009-10-23,3.43,2201119
2009-10-30,3.49,2161537
2009-11-06,3.53,2165067
2009-11-13,3.48,2135035
2009-11-20,3.35,2208721
2009-11-27,3.3,2206359
2009-12-04,3.34,2204074
2009-12-11,3.47,2186383
2009-12-18,3.56,2235763
2009-12-25,3.76,2235803
2010-01-01,3.83,2234067
2010-01-08,3.83,2235304
2010-01-15,3.77,2291700
2010-01-22,3.66,2251806
2010-01-29,3.66,2246886
2010-02-05,3.66,2249319
2010-02-12,3.69,2256679
2010-02-19,3.74,2277574
2010-02-26,3.69,2286127
2010-03-05,3.63,2280147
2010-03-12,3.72,2282474
2010-03-19,3.68,2307997
2010-03-26,3.79,2313149
2010-04-02,3.89,2307150
2010-04-09,3.94,2307575
2010-04-16,3.85,2339345
2010-04-23,3.81,2337556
2010-04-30,3.76,2330472
2010-05-07,3.56,2326164
2010-05-14,3.54,2336103
2010-05-21,3.33,2350890
2010-05-28,3.25,2334041
2010-06-04,3.31,2336216
2010-06-11,3.22,2331529
2010-06-18,3.26,2344316
2010-06-25,3.17,2344497
2010-07-02,2.99,2330851
2010-07-09,3.02,2332017
2010-07-16,3.05,2340717
2010-07-23,2.97,2332322
2010-07-30,3.02,2325298
2010-08-06,2.94,2326479
2010-08-13,2.76,2327533
2010-08-20,2.61,2313662
2010-08-27,2.56,2301015
2010-09-03,2.59,2301996
2010-09-10,2.71,2305802
2010-09-17,2.74,2296079
2010-09-24,2.61,2307171
2010-10-01,2.52,2298691
2010-10-08,2.45,2308092
2010-10-15,2.5,2309885
2010-10-22,2.54,2305227
2010-10-29,2.67,2295392
2010-11-05,2.61,2300353
2010-11-12,2.68,2312768
2010-11-19,2.89,2314757
2010-11-26,2.84,2346001
2010-12-03,2.93,2346920
2010-12-10,3.18,2382294
2010-12-17,3.42,2385754
2010-12-24,3.37,2427921
2010-12-31,3.38,2420570
2011-01-07,3.4,2436064
2011-01-14,3.36,2468131
2011-01-21,3.42,2425164
2011-01-28,3.4,2443527
2011-02-04,3.54,2469419
2011-02-11,3.68,2500481
2011-02-18,3.6,2508868
2011-02-25,3.46,2533221
2011-03-04,3.47,2545119
2011-03-11,3.46,2577076
2011-03-18,3.29,2583046
2011-03-25,3.38,2601341
2011-04-01,3.47,2622523
2011-04-08,3.54,2648676
2011-04-15,3.51,2665408
2011-04-22,3.41,2685782
2011-04-29,3.36,2690985
2011-05-06,3.24,2718757
2011-05-13,3.2,2744498
2011-05-20,3.15,2758009
2011-05-27,3.1,2774996
2011-06-03,3.01,2788723
2011-06-10,3,2811206
2011-06-17,2.99,2827549
2011-06-24,2.96,2856403
2011-07-01,3.11,2865251
2011-07-08,3.12,2870103
2011-07-15,2.94,2878074
2011-07-22,2.97,2871301
2011-07-29,2.97,2863576
2011-08-05,2.62,2867215
2011-08-12,2.27,2872423
2011-08-19,2.17,2857906
2011-08-26,2.19,2859433
2011-09-02,2.17,2853888
2011-09-09,1.99,2858660
2011-09-16,2.03,2863540
2011-09-23,1.87,2857747
2011-09-30,1.97,2850921
2011-10-07,1.93,2859701
2011-10-14,2.22,2860822
2011-10-21,2.2,2852390
2011-10-28,2.28,2845685
2011-11-04,2.07,2822034
2011-11-11,2.05,2839786
2011-11-18,2.02,2831576
2011-11-25,1.94,2821980
2011-12-02,2.04,2814235
2011-12-09,2.04,2820691
2011-12-16,1.94,2902488
2011-12-23,1.95,2916085
2011-12-30,1.94,2926095
2012-01-06,1.99,2917689
2012-01-13,1.95,2899149
2012-01-20,1.96,2919423
2012-01-27,2.01,2919545
2012-02-03,1.88,2924947
2012-02-10,1.99,2928275
2012-02-17,1.97,2937893
2012-02-24,2.01,2932813
2012-03-02,1.97,2925722
2012-03-09,2,2884747
2012-03-16,2.21,2893560
2012-03-23,2.32,2892646
2012-03-30,2.22,2878137
2012-04-06,2.21,2865478
2012-04-13,2.04,2867200
2012-04-20,2,2875470
2012-04-27,1.98,2866561
2012-05-04,1.95,2864280
2012-05-11,1.88,2864150
2012-05-18,1.74,2850984
2012-05-25,1.76,2859495
2012-06-01,1.61,2842654
2012-06-08,1.61,2852018
2012-06-15,1.62,2869071
2012-06-22,1.64,2870846
2012-06-29,1.64,2863547
2012-07-06,1.61,2865858
2012-07-13,1.52,2866279
2012-07-20,1.52,2855807
2012-07-27,1.47,2846757
2012-08-03,1.54,2851118
2012-08-10,1.65,2856181
2012-08-17,1.76,2833317
2012-08-24,1.74,2825661
2012-08-31,1.63,2812806
2012-09-07,1.64,2822169
2012-09-14,1.76,2823448
2012-09-21,1.81,2821574
2012-09-28,1.68,2804457
2012-10-05,1.67,2808512
2012-10-12,1.71,2811623
2012-10-19,1.79,2846920
2012-10-26,1.81,2840964
2012-11-02,1.74,2823137
2012-11-09,1.68,2830791
2012-11-16,1.59,2877244
2012-11-23,1.67,2871161
2012-11-30,1.63,2851362
2012-12-07,1.62,2859807
2012-12-14,1.69,2917260
2012-12-21,1.8,2920231
2012-12-28,1.76,2907300
2013-01-04,1.87,2917189
2013-01-11,1.9,2928728
2013-01-18,1.87,2963812
2013-01-25,1.9,3011697
2013-02-01,2.02,3008704
2013-02-08,2,3014975
2013-02-15,2.01,3074225
2013-02-22,2,3095150
2013-03-01,1.88,3090600
2013-03-08,1.96,3108805
2013-03-15,2.04,3165396
2013-03-22,1.94,3206888
2013-03-29,1.9,3202256
2013-04-05,1.81,3215432
2013-04-12,1.79,3227762
2013-04-19,1.73,3295109
2013-04-26,1.73,3318649
2013-05-03,1.7,3317194
2013-05-10,1.83,3324615
2013-05-17,1.93,3354269
2013-05-24,1.99,3398713
2013-05-31,2.14,3385128
2013-06-07,2.12,3400183
2013-06-14,2.2,3410842
2013-06-21,2.33,3470530
2013-06-28,2.55,3478672
2013-07-05,2.56,3492742
2013-07-12,2.64,3504095
2013-07-19,2.54,3537861
2013-07-26,2.57,3574574
2013-08-02,2.64,3571797
2013-08-09,2.62,3585359
2013-08-16,2.73,3646323
2013-08-23,2.86,3645668
2013-08-30,2.76,3644456
2013-09-06,2.92,3654182
2013-09-13,2.92,3662035
2013-09-20,2.79,3722192
2013-09-27,2.66,3734018
2013-10-04,2.64,3747387
2013-10-11,2.68,3758663
2013-10-18,2.66,3813599
2013-10-25,2.55,3839033
2013-11-01,2.57,3843396
2013-11-08,2.68,3851623
2013-11-15,2.74,3907424
2013-11-22,2.74,3906620
2013-11-29,2.74,3925876
2013-12-06,2.84,3932626
2013-12-13,2.86,3993955
2013-12-20,2.89,4008062
2013-12-27,2.99,4032575
2014-01-03,3.01,4023640
2014-01-10,2.96,4028185
2014-01-17,2.86,4071528
2014-01-24,2.82,4097914
2014-01-31,2.73,4102138
2014-02-07,2.68,4109285
2014-02-14,2.75,4119474
2014-02-21,2.73,4149224
2014-02-28,2.69,4159972
2014-03-07,2.71,4171762
2014-03-14,2.72,4181361
2014-03-21,2.74,4222081
2014-03-28,2.72,4226971
2014-04-04,2.77,4236441
2014-04-11,2.68,4244188
2014-04-18,2.67,4283967
2014-04-25,2.71,4296339
2014-05-02,2.66,4296049
2014-05-09,2.62,4303143
2014-05-16,2.57,4336649
2014-05-23,2.54,4327560
2014-05-30,2.47,4322654
2014-06-06,2.59,4330917
2014-06-13,2.62,4340904
2014-06-20,2.63,4368168
2014-06-27,2.57,4368348
2014-07-04,2.6,4377031
2014-07-11,2.57,4383401
2014-07-18,2.53,4398201
2014-07-25,2.49,4410746
2014-08-01,2.53,4406637
2014-08-08,2.47,4410111
2014-08-15,2.41,4431923
2014-08-22,2.41,4412924
2014-08-29,2.37,4413736
2014-09-05,2.44,4415587
2014-09-12,2.54,4421408
2014-09-19,2.61,4449588
2014-09-26,2.55,4459050
2014-10-03,2.47,4450260
2014-10-10,2.36,4455403
2014-10-17,2.19,4474360
2014-10-24,2.25,4481616
2014-10-31,2.32,4486754
2014-11-07,2.36,4486585
2014-11-14,2.36,4488895
2014-11-21,2.33,4492759
2014-11-28,2.25,4485931
2014-12-05,2.27,4486190
2014-12-12,2.19,4488865
2014-12-19,2.14,4502247
2014-12-26,2.24,4509462
2015-01-02,2.18,4497660
2015-01-09,2,4499524
2015-01-16,1.86,4516077
2015-01-23,1.85,4512936
2015-01-30,1.77,4500064
2015-02-06,1.81,4500348
2015-02-13,2,4501685
2015-02-20,2.11,4496851
2015-02-27,2.01,4486725
2015-03-06,2.13,4487583
2015-03-13,2.14,4489279
2015-03-20,2,4495888
2015-03-27,1.94,4480603
2015-04-03,1.91,4481799
2015-04-10,1.93,4483419
2015-04-17,1.9,4485366
2015-04-24,1.94,4489695
2015-05-01,2.03,4471499
2015-05-08,2.19,4472703
2015-05-15,2.24,4501188
2015-05-22,2.23,4480384
2015-05-29,2.13,4463981
2015-06-05,2.31,4465360
2015-06-12,2.42,4468005
2015-06-19,2.32,4487817
2015-06-26,2.41,4495055
2015-07-03,2.38,4479130
2015-07-10,2.31,4481289
2015-07-17,2.38,4493605
2015-07-24,2.32,4500503
2015-07-31,2.25,4485480
2015-08-07,2.22,4486329
2015-08-14,2.18,4489250
2015-08-21,2.12,4487208
2015-08-28,2.14,4475105
2015-09-04,2.18,4475886
2015-09-11,2.21,4478213
2015-09-18,2.22,4487809
2015-09-25,2.16,4497484
2015-10-02,2.05,4484111
2015-10-09,2.09,4486185
2015-10-16,2.03,4504704
2015-10-23,2.06,4501372
2015-10-30,2.11,4489339
2015-11-06,2.26,4489702
2015-11-13,2.32,4492012
2015-11-20,2.26,4486721
2015-11-27,2.24,4477088
2015-12-04,2.23,4478069
2015-12-11,2.21,4480436
2015-12-18,2.25,4489593
2015-12-25,2.24,4496523
2016-01-01,2.29,4486587
2016-01-08,2.19,4486606
2016-01-15,2.1,4501695
2016-01-22,2.04,4488840
2016-01-29,2,4482349
2016-02-05,1.89,4483495
2016-02-12,1.71,4486278
2016-02-19,1.78,4483629
2016-02-26,1.75,4489796
2016-03-04,1.82,4478485
2016-03-11,1.91,4481083
2016-03-18,1.93,4486333
2016-03-25,1.91,4492857
2016-04-01,1.82,4482840
2016-04-08,1.74,4484069
2016-04-15,1.77,4499729
2016-04-22,1.84,4490131
2016-04-29,1.88,4474665
2016-05-06,1.81,4477270
2016-05-13,1.75,4478411
2016-05-20,1.82,4473741
2016-05-27,1.85,4461111
2016-06-03,1.8,4461393
2016-06-10,1.7,4463542
2016-06-17,1.61,4472817
2016-06-24,1.68,4482009
2016-07-01,1.47,4466482
2016-07-08,1.38,4470605
2016-07-15,1.51,4472202
2016-07-22,1.58,4480973
2016-07-29,1.53,4464498
2016-08-05,1.54,4466793
2016-08-12,1.54,4468929
2016-08-19,1.56,4466476
2016-08-26,1.57,4473840
2016-09-02,1.58,4457907
2016-09-09,1.59,4459394
2016-09-16,1.7,4481635
2016-09-23,1.66,4473032
2016-09-30,1.58,4452002
2016-10-07,1.7,4459407
2016-10-14,1.78,4457698
2016-10-21,1.76,4467382
2016-10-28,1.81,4454326
2016-11-04,1.82,4453087
2016-11-11,1.98,4455087
2016-11-18,2.26,4453633
2016-11-25,2.34,4465782
2016-12-02,2.37,4446307
2016-12-09,2.4,4448618
2016-12-16,2.54,4470973
2016-12-23,2.55,4469089
2016-12-30,2.51,4451451
2017-01-06,2.43,4453101
2017-01-13,2.38,4452509
2017-01-20,2.43,4460758
2017-01-27,2.48,4452838
2017-02-03,2.48,4453881
2017-02-10,2.39,4456236
2017-02-17,2.46,4454676
2017-02-24,2.39,4468702
2017-03-03,2.43,4458018
2017-03-10,2.55,4459840
2017-03-17,2.55,4469577
2017-03-24,2.42,4478236
2017-03-31,2.4,4469618
2017-04-07,2.35,4474634
2017-04-14,2.3,4484492
2017-04-21,2.23,4479270
2017-04-28,2.31,4470142
2017-05-05,2.33,4471246
2017-05-12,2.39,4473459
2017-05-19,2.27,4467108
2017-05-26,2.26,4470852
2017-06-02,2.2,4459914
2017-06-09,2.18,4462443
2017-06-16,2.18,4476269
2017-06-23,2.16,4474257
2017-06-30,2.23,4463347
2017-07-07,2.36,4467272
2017-07-14,2.35,4466702
2017-07-21,2.27,4476903
2017-07-28,2.3,4465284
2017-08-04,2.27,4466846
2017-08-11,2.24,4469083
2017-08-18,2.22,4462871
2017-08-25,2.19,4463837
2017-09-01,2.14,4452360
2017-09-08,2.07,4453474
2017-09-15,2.18,4471174
2017-09-22,2.26,4458576
2017-09-29,2.28,4455661
2017-10-06,2.34,4460422
2017-10-13,2.33,4459415
2017-10-20,2.33,4469723
2017-10-27,2.42,4461117
2017-11-03,2.36,4455887
2017-11-10,2.34,4458552
2017-11-17,2.37,4448289
2017-11-24,2.35,4450615
2017-12-01,2.36,4438592
2017-12-08,2.36,4437148
2017-12-15,2.37,4452726
2017-12-22,2.46,4447470
2017-12-29,2.43,4448680
2018-01-05,2.46,4443718
2018-01-12,2.54,4446062
2018-01-19,2.59,4439145
2018-01-26,2.65,4441317
2018-02-02,2.75,4419225
2018-02-09,2.82,4420745
2018-02-16,2.87,4434863
2018-02-23,2.91,4411660
2018-03-02,2.86,4393401
2018-03-09,2.88,4396097
2018-03-16,2.84,4407258
2018-03-23,2.86,4401222
2018-03-30,2.79,4392198
2018-04-06,2.78,4386104
2018-04-13,2.8,4383684
2018-04-20,2.88,4385903
2018-04-27,2.99,4372886
2018-05-04,2.96,4356129
2018-05-11,2.97,4358207
2018-05-18,3.07,4337609
2018-05-25,3.01,4337301
2018-06-01,2.83,4327519
2018-06-08,2.94,4319191
2018-06-15,2.95,4324906
2018-06-22,2.91,4315896
2018-06-29,2.85,4305491
2018-07-06,2.84,4289764
2018-07-13,2.85,4291201
2018-07-20,2.86,4291615
2018-07-27,2.96,4277681
2018-08-03,2.97,4255653
2018-08-10,2.94,4258030
2018-08-17,2.87,4228924
2018-08-24,2.83,4228818
2018-08-31,2.87,4218914
2018-09-07,2.91,4208496
2018-09-14,2.97,4210812
2018-09-21,3.05,4208059
2018-09-28,3.07,4192909
2018-10-05,3.14,4174704
2018-10-12,3.18,4176906
2018-10-19,3.18,4175446
2018-10-26,3.14,4173070
2018-11-02,3.14,4139731
2018-11-09,3.21,4141936
2018-11-16,3.11,4145892
2018-11-23,3.06,4106198
2018-11-30,3.05,4097170
2018-12-07,2.9,4086044
2018-12-14,2.89,4088314
2018-12-21,2.81,4084274
2018-12-28,2.76,4075636
2019-01-04,2.65,4058378
2019-01-11,2.72,4056563
2019-01-18,2.74,4050044
2019-01-25,2.75,4047052
2019-02-01,2.7,4039678
2019-02-08,2.68,4026350
2019-02-15,2.67,4028431
2019-02-22,2.66,3981420
2019-03-01,2.7,3974590
2019-03-08,2.68,3969134
2019-03-15,2.62,3971559
2019-03-22,2.55,3962748
2019-03-29,2.41,3955617
2019-04-05,2.5,3935509
2019-04-12,2.52,3936784
2019-04-19,2.58,3931827
2019-04-26,2.55,3928273
2019-05-03,2.53,3889691
2019-05-10,2.47,3892216
2019-05-17,2.4,3864749
2019-05-24,2.37,3860435
2019-05-31,2.22,3851444
2019-06-07,2.1,3847645
2019-06-14,2.12,3849955
2019-06-21,2.05,3844016
2019-06-28,2.02,3826817
2019-07-05,2,3813198
2019-07-12,2.09,3815038
2019-07-19,2.07,3808110
2019-07-26,2.07,3803436
2019-08-02,1.98,3779102
2019-08-09,1.73,3781543
2019-08-16,1.6,3786018
2019-08-23,1.58,3764866
2019-08-30,1.5,3759946
2019-09-06,1.52,3761508
2019-09-13,1.76,3769673
2019-09-20,1.8,3844695
2019-09-27,1.7,3857715
2019-10-04,1.6,3945831
2019-10-11,1.62,3949955
2019-10-18,1.76,3966471
2019-10-25,1.78,3968700
2019-11-01,1.78,4019823
2019-11-08,1.86,4039443
2019-11-15,1.87,4047882
2019-11-22,1.77,4030249
2019-11-29,1.76,4052875
2019-12-06,1.79,4065696
2019-12-13,1.84,4095491
2019-12-20,1.91,4137052
2019-12-27,1.9,4165591
2020-01-03,1.88,4173626
2020-01-10,1.84,4149544
2020-01-17,1.82,4175850
2020-01-24,1.75,4145912
2020-01-31,1.59,4151630
2020-02-07,1.61,4166707
2020-02-14,1.59,4182689
2020-02-21,1.52,4171570
2020-02-28,1.29,4158637
2020-03-06,0.96,4241507
2020-03-13,0.79,4311911
2020-03-20,0.99,4668212
2020-03-27,0.81,5254278
2020-04-03,0.65,5811607
2020-04-10,0.73,6083141
2020-04-17,0.68,6367887
2020-04-24,0.61,6573136
2020-05-01,0.64,6655929
2020-05-08,0.67,6721420
2020-05-15,0.67,6934227
2020-05-22,0.69,7037258
2020-05-29,0.68,7097316
2020-06-05,0.77,7165217
2020-06-12,0.77,7168936
2020-06-19,0.72,7094690
2020-06-26,0.69,7082302
2020-07-03,0.67,7009040
2020-07-10,0.66,6920716
2020-07-17,0.63,6958604
2020-07-24,0.6,6964755
2020-07-31,0.58,6949032
2020-08-07,0.55,6945237
2020-08-14,0.67,6957277
2020-08-21,0.67,7010637
2020-08-28,0.7,6990418
2020-09-04,0.68,7017492
2020-09-11,0.69,7010614
2020-09-18,0.69,7064475
2020-09-25,0.67,7093161
2020-10-02,0.68,7056129
2020-10-09,0.78,7074649
2020-10-16,0.74,7151426
2020-10-23,0.83,7177265
2020-10-30,0.82,7146306
2020-11-06,0.83,7157479
2020-11-13,0.93,7175417
2020-11-20,0.87,7243080
2020-11-27,0.87,7216480
2020-12-04,0.92,7222414
2020-12-11,0.93,7242658
2020-12-18,0.93,7362592
2020-12-25,0.95,7404039
2021-01-01,0.94,7363351
2021-01-08,1.03,7334809
2021-01-15,1.13,7333968
2021-01-22,1.11,7414942
2021-01-29,1.06,7404926
2021-02-05,1.14,7410598
2021-02-12,1.18,7442225
2021-02-19,1.31,7557402
2021-02-26,1.42,7590111
2021-03-05,1.49,7557524
2021-03-12,1.57,7579901
2021-03-19,1.66,7693506
2021-03-26,1.65,7719622
2021-04-02,1.72,7688988
2021-04-09,1.68,7708882
2021-04-16,1.62,7793104
2021-04-23,1.58,7820948
2021-04-30,1.63,7780962
2021-05-07,1.6,7810486
2021-05-14,1.65,7830663
2021-05-21,1.64,7922883
2021-05-28,1.59,7903541
2021-06-04,1.6,7935703
2021-06-11,1.5,7952327
2021-06-18,1.51,8064257
2021-06-25,1.5,8101945
2021-07-02,1.47,8078544
2021-07-09,1.34,8097773
2021-07-16,1.36,8201651
2021-07-23,1.26,8240530
2021-07-30,1.26,8221473
2021-08-06,1.22,8235073
2021-08-13,1.34,8257159
2021-08-20,1.26,8342598
2021-08-27,1.31,8332743
2021-09-03,1.3,8349173
2021-09-10,1.35,8357314
2021-09-17,1.33,8448770
2021-09-24,1.37,8489824
2021-10-01,1.51,8447981
2021-10-08,1.55,8464032
2021-10-15,1.57,8480942
2021-10-22,1.65,8564943
2021-10-29,1.59,8556181
2021-11-05,1.54,8574871
2021-11-12,1.53,8663117
2021-11-19,1.6,8674970
2021-11-26,1.61,8681771
2021-12-03,1.43,8650402
2021-12-10,1.48,8664524
2021-12-17,1.44,8756666
2021-12-24,1.47,8790495
2021-12-31,1.51,8757460
2022-01-07,1.7,8765721
2022-01-14,1.75,8788278
2022-01-21,1.82,8867834
2022-01-28,1.79,8860485
2022-02-04,1.83,8873211
2022-02-11,1.95,8878009
2022-02-18,1.99,8911033
2022-02-25,1.97,8928129
2022-03-04,1.8,8904455
2022-03-11,1.91,8910748
2022-03-18,2.16,8954306
2022-03-25,2.37,8962474
2022-04-01,2.39,8937142
2022-04-08,2.59,8937592
2022-04-15,2.76,8965487
2022-04-22,2.89,8955851
2022-04-29,2.83,8939199
2022-05-06,3.01,8939972
2022-05-13,2.94,8942008
2022-05-20,2.87,8945898
2022-05-27,2.77,8914281
2022-06-03,2.92,8915050
2022-06-10,3.05,8918254
2022-06-17,3.36,8932420
2022-06-24,3.17,8934346
2022-07-01,3.07,8913553
2022-07-08,2.96,8891851
2022-07-15,2.95,8895867
2022-07-22,2.94,8899213
2022-07-29,2.75,8890004
2022-08-05,2.72,8874620
2022-08-12,2.81,8879138
2022-08-19,2.87,8849762
2022-08-26,3.05,8851436
2022-09-02,3.17,8826093
2022-09-09,3.31,8822401
2022-09-16,3.42,8832759
2022-09-23,3.59,8816802
2022-09-30,3.83,8795567
2022-10-07,3.75,8759053
2022-10-14,3.95,8758969
2022-10-21,4.12,8743922
2022-10-28,4.07,8723090
2022-11-04,4.12,8676870
2022-11-11,4.08,8678886
2022-11-18,3.79,8625620
2022-11-25,3.75,8621390
2022-12-02,3.63,8584576
2022-12-09,3.52,8582735
2022-12-16,3.51,8583413
2022-12-23,3.67,8564411
2022-12-30,3.86,8551169
2023-01-06,3.69,8507429
2023-01-13,3.52,8508587
2023-01-20,3.44,8489039
2023-01-27,3.49,8470557
2023-02-03,3.48,8433610
2023-02-10,3.67,8435369
2023-02-17,3.8,8384767
2023-02-24,3.93,8382190
2023-03-03,3.98,8339684
2023-03-10,3.91,8342283
2023-03-17,3.53,8639300
2023-03-24,3.46,8733787
2023-03-31,3.54,8705942
2023-04-07,3.35,8632384
2023-04-14,3.44,8614797
2023-04-21,3.58,8593263
2023-04-28,3.46,8562768
2023-05-05,3.44,8503994
2023-05-12,3.47,8503017
2023-05-19,3.59,8456760
2023-05-26,3.76,8436255
2023-06-02,3.66,8385854
2023-06-09,3.73,8389325
2023-06-16,3.78,8388323
2023-06-23,3.75,8362060
2023-06-30,3.77,8340914
2023-07-07,3.98,8298312
2023-07-14,3.89,8296923
2023-07-21,3.81,8274552
2023-07-28,3.92,8243344
2023-08-04,4.07,8206764
2023-08-11,4.07,8208241
2023-08-18,4.25,8145727
2023-08-25,4.27,8139066
2023-09-01,4.14,8121316
2023-09-08,4.28,8101318
2023-09-15,4.29,8098779
2023-09-22,4.39,8024090
2023-09-29,4.58,8002064
2023-10-06,4.75,7955782
2023-10-13,4.64,7952054
2023-10-20,4.87,7933162
2023-10-27,4.87,7907830
2023-11-03,4.75,7866664
2023-11-10,4.59,7860691
2023-11-17,4.5,7814991
2023-11-24,4.43,7810814
2023-12-01,4.32,7796145
2023-12-08,4.19,7737385
2023-12-15,4.06,7739566
2023-12-22,3.91,7724063
2023-12-29,3.85,7712781
2024-01-05,3.98,7681024
2024-01-12,4,7686710
2024-01-19,4.12,7673741
2024-01-26,4.14,7677230
2024-02-02,4.01,7630124
2024-02-09,4.13,7631300
2024-02-16,4.26,7633874
2024-02-23,4.3,7581683
2024-03-01,4.26,7567807
2024-03-08,4.13,7538857
2024-03-15,4.21,7541969
2024-03-22,4.28,7514348
2024-03-29,4.22,7484739
2024-04-05,4.35,7439558
2024-04-12,4.48,7438176
2024-04-19,4.63,7405506
2024-04-26,4.65,7402434
2024-05-03,4.61,7362474
2024-05-10,4.48,7353408
2024-05-17,4.42,7304272
2024-05-24,4.44,7299566
2024-05-31,4.55,7284319
2024-06-07,4.35,7255687
2024-06-14,4.32,7258974
2024-06-21,4.25,7252542
2024-06-28,4.29,7231163
2024-07-05,4.39,7221520
2024-07-12,4.25,7224079
2024-07-19,4.2,7208247
2024-07-26,4.25,7205455
2024-08-02,4.04,7178391
2024-08-09,3.91,7175256
2024-08-16,3.88,7177688
2024-08-23,3.83,7139952
2024-08-30,3.85,7123238
2024-09-06,3.77,7112567
2024-09-13,3.67,7115001
2024-09-20,3.69,7109137
2024-09-27,3.76,7080059
2024-10-04,3.83,7046925
2024-10-11,4.06,7046840
2024-10-18,4.06,7039284
2024-10-25,4.22,7029408
2024-11-01,4.3,7013490
2024-11-08,4.32,6994299
2024-11-15,4.43,6967108
2024-11-22,4.41,6923731
2024-11-29,4.25,6905140
2024-12-06,4.19,6895827
2024-12-13,4.28,6897485
2024-12-20,4.48,6889332
2024-12-27,4.6,6885963
2025-01-03,4.58,6852491
2025-01-10,4.68,6853554
2025-01-17,4.69,6834070
2025-01-24,4.61,6831760
2025-01-31,4.55,6818186
2025-02-07,4.49,6810935
2025-02-14,4.53,6813513
2025-02-21,4.5,6782332
2025-02-28,4.3,6766101
2025-03-07,4.25,6756764
2025-03-14,4.28,6759571
2025-03-21,4.27,6755982
2025-03-28,4.33,6740253
2025-04-04,4.13,6723452
2025-04-11,4.33,6727416
2025-04-18,4.34,6727113
2025-04-25,4.37,6726930
2025-05-02,4.23,6709277
2025-05-09,4.33,6710889
2025-05-16,4.47,6713270
2025-05-23,4.51,6688726
2025-05-30,4.44,6673244
2025-06-06,4.44,6672885
2025-06-13,4.43,6677155
2025-06-20,4.4,6681056
2025-06-27,4.3,6662200
2025-07-04,4.29,6659598
2025-07-11,4.39,6661912
2025-07-18,4.46,6659273
2025-07-25,4.39,6657715
2025-08-01,4.35,6642578
2025-08-08,4.23,6640843
2025-08-15,4.28,6643615
2025-08-22,4.3,6618415
2025-08-29,4.25,6603384
2025-09-05,4.19,6602071
2025-09-12,4.05,6605962
2025-09-19,4.08,6608597
2025-09-26,4.16,6608395
2025-10-03,4.13,6587119
2025-10-10,4.13,6590815
2025-10-17,4.02,6596454
2025-10-24,4,6589533
2025-10-31,4.06,6587034
2025-11-07,4.12,6572732
2025-11-14,4.12,6580462
2025-11-21,4.11,6555283
2025-11-28,4.02,6552419
2025-12-05,4.1,6535781
2025-12-12,4.16,6539303
2025-12-19,4.15,6556861
2025-12-26,4.16,6581231
2026-01-02,4.16,6640618
2026-01-09,4.17,6573602
2026-01-16,4.19,6581700
2026-01-23,4.27,6584580
2026-01-30,4.24,6587568
2026-02-06,4.26,6605909
2026-02-13,4.14,6622382
2026-02-20,4.08,6613395
2026-02-27,4.02,6613797
2026-03-06,4.1,6628894
2026-03-13,4.21,6646344
2026-03-20,4.27,6655939
2026-03-27,4.38,6657161
2026-04-03,4.33,6675344
2026-04-10,4.31,6693871
2026-04-17,4.29,6705696
2026-04-24,4.3,6707419
2026-05-01,4.38,6699950
2026-05-08,4.41,6709505
2026-05-15,4.48,6728502
2026-05-22,4.6,6713643
2026-05-29,4.47,6704383
2026-06-05,4.49,6711495
2026-06-12,4.51,6725397
2026-06-19,4.46,6736424
2026-06-26,4.44,6735645
2026-07-03,4.45,6724564
2026-07-10,,6735609