date,IT.INDU,IT.SERV,IT.CONS,IT.RETA,IT.BUIL,IT.ESI,IT.EEI
2000-01-01,9.2,20.9,-2.4,-18.1,-9.5,118.7,126.2
2000-02-01,9.0,23.9,-4.3,25.3,-7.6,121.1,117.5
2000-03-01,10.6,26.8,-5.4,-10.4,-12.0,119.4,126.2
2000-04-01,10.2,30.4,-4.8,10.2,-12.7,122.5,125.6
2000-05-01,11.5,28.9,-6.7,26.1,-4.8,124.2,128.8
2000-06-01,10.4,30.4,-6.1,-13.5,-6.7,121.3,115.7
2000-07-01,11.2,19.6,-5.4,-23.6,-5.3,117.0,124.8
2000-08-01,8.7,19.7,-4.2,-6.9,-5.4,117.7,116.2
2000-09-01,9.2,20.2,-7.6,-30.7,-2.0,114.2,123.0
2000-10-01,8.0,22.2,-3.5,-11.1,-5.9,116.4,122.5
2000-11-01,7.8,20.6,-5.7,-2.2,-2.6,115.8,119.1
2000-12-01,8.5,19.3,-4.7,-18.1,-1.8,116.7,120.9
2001-01-01,4.9,26.4,-4.8,-4.7,-3.4,115.1,120.8
2001-02-01,1.5,24.6,-5.5,1.6,-7.0,111.8,122.5
2001-03-01,-1.0,22.2,-5.1,7.3,3.1,110.0,118.6
2001-04-01,-1.4,8.9,-5.2,-2.6,-4.5,103.2,117.5
2001-05-01,-0.1,9.4,-3.0,-11.0,-0.3,105.0,116.1
2001-06-01,-1.4,11.9,-1.5,-12.3,-4.0,106.2,110.4
2001-07-01,-1.6,17.0,-0.9,-6.4,-3.8,109.0,103.1
2001-08-01,-1.5,9.5,-1.4,-24.1,1.7,106.9,107.5
2001-09-01,-10.4,4.0,-3.5,-22.6,1.2,97.9,107.6
2001-10-01,-12.1,-10.3,-4.1,-17.4,2.6,90.3,109.1
2001-11-01,-9.7,-15.1,-7.5,-12.5,-1.1,90.4,101.0
2001-12-01,-5.2,-0.3,-4.8,-27.4,-7.4,99.2,110.5
2002-01-01,-6.7,9.3,-3.6,-4.1,-10.0,100.4,109.8
2002-02-01,-1.4,10.0,-3.7,-28.7,-4.1,105.3,110.7
2002-03-01,0.0,19.3,-4.1,-12.4,-4.2,109.7,111.7
2002-04-01,-0.7,11.0,-6.3,-9.3,1.1,106.3,109.5
2002-05-01,0.4,11.8,-6.9,-14.1,-4.8,106.8,102.5
2002-06-01,-1.5,5.6,-8.0,-10.8,-2.3,103.2,108.3
2002-07-01,-1.8,-1.7,-7.7,-9.5,-5.6,100.8,107.4
2002-08-01,-6.0,-10.1,-8.6,-8.8,-0.8,99.1,110.7
2002-09-01,0.8,-4.2,-10.4,2.7,-4.4,103.5,108.1
2002-10-01,-2.0,-19.8,-10.2,-3.6,-5.7,96.0,109.1
2002-11-01,-1.8,-9.8,-10.0,6.5,0.8,99.9,113.8
2002-12-01,-3.0,-9.1,-13.0,-3.3,-13.1,96.7,110.1
2003-01-01,-1.1,-1.7,-13.0,-9.5,-9.2,101.0,104.7
2003-02-01,-1.2,-6.3,-12.0,-5.1,-3.8,99.8,100.5
2003-03-01,-1.9,-4.0,-13.9,-10.3,-1.2,100.4,102.1
2003-04-01,-3.9,-8.8,-13.4,-6.8,-2.6,97.6,96.4
2003-05-01,-5.6,-2.9,-13.6,-12.1,-4.3,96.3,101.5
2003-06-01,-5.7,-5.5,-11.6,-14.2,-1.5,96.4,98.8
2003-07-01,-8.6,-6.5,-12.7,-9.1,-10.6,93.2,97.5
2003-08-01,-5.0,-6.7,-13.6,-6.4,-12.0,97.3,98.0
2003-09-01,-4.2,-6.2,-13.0,-9.8,-8.8,97.0,98.2
2003-10-01,-3.3,-3.7,-12.4,-10.8,-9.0,98.5,95.9
2003-11-01,-2.1,-5.3,-13.0,-12.5,-4.5,99.2,95.8
2003-12-01,-5.0,6.1,-14.0,-14.8,-13.2,97.7,96.8
2004-01-01,-5.2,-1.4,-13.9,-11.5,-12.7,96.3,99.5
2004-02-01,-4.7,3.4,-15.5,-11.6,-9.0,96.8,102.3
2004-03-01,-3.7,-2.8,-14.4,-7.9,-11.2,97.6,99.2
2004-04-01,-1.8,-2.4,-14.6,-11.5,-11.9,100.0,99.3
2004-05-01,-2.1,-1.1,-15.5,-7.6,2.7,100.9,101.2
2004-06-01,-1.7,5.7,-12.8,-8.3,0.5,103.4,102.7
2004-07-01,-2.4,2.7,-13.9,-7.0,-12.0,100.8,102.1
2004-08-01,-1.4,2.6,-13.5,-10.1,-11.5,101.5,100.3
2004-09-01,-2.9,5.2,-13.6,-8.1,-12.4,100.8,100.3
2004-10-01,-1.6,2.9,-11.5,-9.1,-14.9,102.4,101.1
2004-11-01,-2.5,3.9,-11.9,-12.7,-11.0,100.3,101.1
2004-12-01,-4.2,-2.5,-12.6,-7.8,-10.6,96.1,99.8
2005-01-01,-4.6,3.3,-12.7,-11.6,-18.4,97.0,102.4
2005-02-01,-4.9,-0.4,-11.4,-5.9,-19.0,96.7,99.4
2005-03-01,-6.8,7.0,-12.0,-5.5,-18.8,97.5,104.8
2005-04-01,-8.5,6.6,-11.2,-4.0,-15.0,97.2,101.2
2005-05-01,-8.7,6.2,-14.1,-4.8,-11.9,96.3,97.9
2005-06-01,-9.0,1.6,-16.0,-7.2,-12.7,94.4,95.7
2005-07-01,-6.4,3.8,-15.1,-2.5,-11.8,97.3,96.2
2005-08-01,-3.4,5.6,-14.6,-2.0,-15.2,100.4,98.7
2005-09-01,-1.8,2.8,-15.4,-1.6,-16.0,100.6,97.7
2005-10-01,-1.3,10.5,-12.6,0.4,-16.1,104.6,96.0
2005-11-01,-0.7,13.7,-13.0,-5.2,-12.5,105.9,97.6
2005-12-01,-0.1,10.7,-12.3,4.0,-12.5,105.6,99.4
2006-01-01,1.8,14.3,-14.0,4.5,-18.1,108.6,101.4
2006-02-01,2.6,7.6,-12.8,6.1,-16.8,108.0,103.4
2006-03-01,3.7,12.9,-10.9,2.1,-15.1,109.5,103.3
2006-04-01,4.7,18.5,-11.4,3.5,-14.3,111.5,105.2
2006-05-01,4.7,15.9,-9.8,3.7,-13.5,111.1,108.2
2006-06-01,6.6,18.8,-12.4,2.5,-13.5,112.9,104.0
2006-07-01,4.1,15.0,-9.9,1.9,-10.3,110.8,102.8
2006-08-01,4.1,14.6,-10.9,5.8,-13.7,111.2,102.3
2006-09-01,5.0,16.2,-8.1,7.3,-20.5,113.1,104.7
2006-10-01,5.3,13.8,-11.2,3.9,-14.0,110.5,104.2
2006-11-01,4.4,13.4,-11.1,6.8,-19.9,109.1,104.2
2006-12-01,4.7,14.8,-7.3,0.9,-8.7,111.8,102.5
2007-01-01,3.5,9.4,-11.0,3.9,-14.2,107.1,103.6
2007-02-01,4.8,16.2,-10.9,5.1,-14.0,111.3,103.8
2007-03-01,6.2,18.6,-9.9,6.8,-10.3,112.7,105.6
2007-04-01,7.5,16.9,-12.1,6.4,-8.1,112.7,104.7
2007-05-01,5.5,14.8,-12.7,7.9,-11.0,109.8,105.2
2007-06-01,3.6,14.6,-15.3,6.1,-15.2,107.7,102.2
2007-07-01,2.5,11.4,-14.1,5.9,-13.9,106.2,102.4
2007-08-01,2.3,12.5,-14.9,4.3,-13.6,106.4,103.6
2007-09-01,1.2,12.7,-14.8,2.7,-15.9,104.7,102.3
2007-10-01,1.2,9.7,-14.6,2.0,-11.7,102.9,103.5
2007-11-01,1.0,10.2,-15.9,4.5,-14.7,103.9,102.0
2007-12-01,1.3,7.1,-16.4,2.6,-17.7,103.3,103.0
2008-01-01,0.5,5.2,-17.9,0.0,-17.9,101.2,103.5
2008-02-01,0.1,1.6,-17.3,0.7,-22.8,100.1,102.3
2008-03-01,-1.3,-0.3,-18.1,0.1,-16.6,99.0,100.2
2008-04-01,-3.6,-0.2,-17.1,-3.9,-15.8,98.0,100.1
2008-05-01,-2.9,3.9,-14.0,-4.9,-19.0,100.4,100.9
2008-06-01,-4.9,3.4,-17.0,-5.0,-22.7,97.0,99.3
2008-07-01,-7.6,-0.3,-21.7,-10.8,-19.1,91.5,96.5
2008-08-01,-8.2,-4.0,-18.4,-2.6,-23.1,92.5,100.5
2008-09-01,-9.4,-0.2,-15.5,-1.7,-22.5,93.8,95.3
2008-10-01,-13.9,-7.8,-14.5,-5.4,-27.1,89.7,91.5
2008-11-01,-22.3,-7.2,-16.8,-12.3,-37.1,81.6,85.9
2008-12-01,-27.7,-11.4,-17.3,-19.0,-27.1,76.6,85.7
2009-01-01,-28.9,-12.7,-16.9,-10.2,-38.5,76.2,84.5
2009-02-01,-30.6,-14.4,-16.2,-10.7,-37.2,76.4,85.0
2009-03-01,-32.7,-20.9,-17.3,-12.8,-35.7,71.4,80.8
2009-04-01,-28.1,-17.2,-15.2,-12.4,-38.9,77.8,84.0
2009-05-01,-24.2,-10.7,-14.9,-7.5,-33.9,84.6,85.3
2009-06-01,-23.6,-12.8,-14.3,-7.2,-36.8,83.2,87.3
2009-07-01,-21.6,-9.3,-13.1,-4.4,-36.4,87.5,85.7
2009-08-01,-18.6,-4.0,-12.1,-2.9,-35.1,91.3,87.6
2009-09-01,-16.9,-3.5,-11.7,-3.7,-33.4,93.5,87.4
2009-10-01,-15.0,-5.1,-10.7,-7.6,-32.7,95.5,88.7
2009-11-01,-14.8,-2.8,-8.6,-2.0,-38.2,96.8,88.0
2009-12-01,-13.0,-0.5,-9.8,-1.8,-38.9,97.8,89.6
2010-01-01,-10.5,1.7,-11.9,8.2,-36.6,101.0,84.7
2010-02-01,-8.9,5.4,-15.4,1.8,-43.7,101.2,86.5
2010-03-01,-8.6,1.0,-15.6,6.4,-36.5,100.4,87.2
2010-04-01,-7.4,8.4,-14.1,3.5,-34.2,102.4,92.2
2010-05-01,-4.7,4.0,-17.3,2.7,-39.2,102.3,93.5
2010-06-01,-4.6,1.0,-19.3,-0.1,-35.5,101.7,93.0
2010-07-01,-3.5,3.5,-19.6,-3.1,-35.9,101.6,96.5
2010-08-01,-3.1,3.1,-18.3,-2.2,-28.0,101.3,92.4
2010-09-01,-2.9,3.2,-17.5,-2.9,-32.2,101.5,87.3
2010-10-01,-2.1,2.9,-18.7,2.9,-30.1,100.9,87.8
2010-11-01,-2.5,4.1,-18.8,0.6,-26.7,101.1,92.6
2010-12-01,-0.3,2.8,-16.0,10.1,-28.7,103.9,94.4
2011-01-01,0.9,3.2,-20.0,5.8,-31.4,103.3,96.0
2011-02-01,-1.0,6.5,-19.8,1.3,-32.4,101.5,95.3
2011-03-01,-1.0,-1.6,-20.7,0.0,-28.5,99.2,91.4
2011-04-01,-0.6,4.8,-21.9,5.0,-32.7,101.3,93.0
2011-05-01,-0.6,2.3,-23.3,-0.1,-27.2,100.0,94.6
2011-06-01,-2.8,5.8,-20.0,-7.4,-31.1,99.5,93.9
2011-07-01,-5.0,1.4,-22.2,-2.8,-31.8,95.4,95.6
2011-08-01,-5.3,2.1,-22.7,-10.2,-29.8,94.2,93.3
2011-09-01,-9.9,-5.2,-23.1,-10.0,-31.0,89.1,83.6
2011-10-01,-9.7,-1.4,-25.9,-15.4,-30.7,89.9,86.0
2011-11-01,-10.1,-3.4,-21.4,-19.9,-28.4,90.9,89.9
2011-12-01,-12.6,-10.5,-24.8,-25.5,-31.4,82.9,84.9
2012-01-01,-11.8,-14.9,-27.1,-25.4,-33.4,83.1,85.3
2012-02-01,-12.6,-14.5,-23.9,-22.3,-32.3,83.1,83.4
2012-03-01,-12.7,-12.6,-21.8,-18.6,-31.1,85.7,86.9
2012-04-01,-14.5,-15.1,-29.2,-17.3,-30.6,80.2,85.6
2012-05-01,-17.1,-15.3,-30.8,-25.2,-30.9,76.7,84.0
2012-06-01,-14.2,-15.9,-31.1,-16.0,-27.8,80.2,84.7
2012-07-01,-16.2,-14.1,-29.0,-25.8,-30.3,78.8,83.4
2012-08-01,-15.0,-18.9,-26.2,-28.7,-29.6,79.0,83.9
2012-09-01,-15.8,-21.3,-28.5,-23.9,-26.8,77.5,83.9
2012-10-01,-16.9,-17.3,-27.1,-22.2,-30.7,78.9,86.1
2012-11-01,-15.7,-16.8,-29.0,-20.8,-32.2,79.7,82.7
2012-12-01,-14.5,-19.6,-30.2,-26.4,-31.1,80.2,80.0
2013-01-01,-15.1,-15.1,-29.3,-29.2,-33.1,79.6,79.2
2013-02-01,-14.8,-18.6,-27.7,-30.6,-32.8,78.8,82.2
2013-03-01,-15.0,-14.8,-29.0,-29.9,-34.6,80.7,83.6
2013-04-01,-15.3,-22.1,-25.3,-26.2,-33.6,79.1,81.2
2013-05-01,-14.3,-20.6,-27.1,-22.5,-29.5,80.4,83.4
2013-06-01,-12.0,-20.1,-23.1,-16.4,-37.7,82.6,79.5
2013-07-01,-9.6,-18.3,-24.6,-15.1,-34.4,84.5,79.1
2013-08-01,-8.0,-10.8,-24.4,-12.0,-29.8,88.7,78.6
2013-09-01,-4.8,-13.9,-21.2,-6.4,-27.6,93.5,84.0
2013-10-01,-5.8,-11.6,-26.0,-8.1,-29.6,90.3,87.1
2013-11-01,-3.7,-7.7,-23.3,-9.9,-28.7,93.5,88.1
2013-12-01,-3.2,-10.3,-23.8,-8.2,-29.7,93.6,88.1
2014-01-01,-3.6,-6.9,-24.7,-2.8,-32.6,94.6,83.4
2014-02-01,-3.5,-8.5,-23.3,-0.5,-34.6,95.2,86.3
2014-03-01,-3.5,-2.9,-20.0,-3.6,-37.7,96.7,88.5
2014-04-01,-3.3,-4.6,-16.8,-4.5,-36.4,96.6,87.0
2014-05-01,-3.7,-6.5,-14.5,-1.6,-34.0,97.7,85.6
2014-06-01,-3.9,-4.6,-16.4,2.6,-30.3,96.8,89.9
2014-07-01,-4.3,-0.2,-19.5,3.2,-25.6,96.8,84.2
2014-08-01,-6.6,-2.6,-21.7,-1.2,-31.9,91.7,77.1
2014-09-01,-6.7,-5.4,-20.1,-6.5,-31.6,91.5,86.9
2014-10-01,-6.5,-5.9,-21.1,-5.5,-28.3,92.1,82.8
2014-11-01,-5.5,-7.2,-20.9,-3.6,-30.6,92.1,83.8
2014-12-01,-5.8,-4.3,-23.0,1.8,-32.5,91.9,87.5
2015-01-01,-5.1,-1.2,-21.8,1.0,-29.3,94.7,91.5
2015-02-01,-4.5,2.0,-14.6,3.0,-29.0,98.0,97.1
2015-03-01,-1.5,5.1,-13.0,5.5,-24.0,102.7,105.3
2015-04-01,-1.4,3.5,-14.0,10.0,-26.2,101.8,101.9
2015-05-01,-1.3,4.1,-15.2,8.6,-26.1,101.6,98.3
2015-06-01,-0.8,5.2,-14.7,9.5,-21.1,103.8,105.3
2015-07-01,-1.6,10.5,-17.8,8.6,-22.6,102.6,102.7
2015-08-01,-1.6,8.5,-15.0,10.5,-21.5,103.1,101.8
2015-09-01,-0.8,11.2,-11.4,11.2,-18.5,106.5,99.9
2015-10-01,0.0,8.3,-9.7,17.6,-20.5,106.9,95.1
2015-11-01,-0.8,9.0,-7.8,16.3,-18.9,106.9,98.5
2015-12-01,-1.6,11.6,-10.3,9.2,-22.3,105.7,96.4
2016-01-01,-2.4,7.8,-10.5,4.8,-24.5,103.9,95.2
2016-02-01,-3.6,8.2,-10.1,8.1,-21.9,104.0,96.4
2016-03-01,-3.5,5.9,-11.3,7.3,-22.4,102.1,100.6
2016-04-01,-2.3,13.1,-10.6,6.2,-21.0,106.1,98.3
2016-05-01,-2.5,14.2,-13.9,5.5,-20.4,105.2,97.6
2016-06-01,-1.9,8.8,-13.2,2.2,-19.8,104.0,96.6
2016-07-01,-2.0,7.6,-12.1,3.2,-16.9,104.0,96.1
2016-08-01,-2.8,6.4,-15.3,-0.3,-18.8,101.5,97.5
2016-09-01,-2.9,6.2,-16.9,4.1,-17.2,101.3,98.2
2016-10-01,-2.6,9.4,-16.1,2.5,-16.5,102.2,104.3
2016-11-01,-2.7,8.7,-15.1,8.0,-17.0,102.3,105.2
2016-12-01,-1.6,5.9,-15.8,8.1,-18.6,101.4,100.8
2017-01-01,-0.3,10.1,-14.9,6.2,-18.3,105.1,101.8
2017-02-01,0.4,10.0,-16.3,10.7,-18.8,104.7,105.3
2017-03-01,1.9,9.4,-14.2,11.8,-19.2,106.4,106.7
2017-04-01,2.6,11.1,-15.5,16.6,-16.5,107.6,106.7
2017-05-01,2.3,9.2,-16.4,16.4,-15.3,107.0,103.2
2017-06-01,2.5,9.5,-18.3,11.6,-14.4,106.3,105.3
2017-07-01,2.3,8.6,-17.6,10.2,-13.7,105.2,107.7
2017-08-01,4.1,12.0,-14.0,6.5,-15.5,109.8,105.7
2017-09-01,4.9,11.1,-10.7,10.6,-12.7,110.5,106.1
2017-10-01,5.2,11.9,-10.0,14.6,-13.5,111.9,108.3
2017-11-01,5.2,12.6,-10.2,11.9,-11.8,111.6,106.7
2017-12-01,4.5,12.5,-9.1,13.3,-14.2,111.1,106.9
2018-01-01,4.2,9.4,-10.8,10.7,-14.8,108.4,110.4
2018-02-01,4.1,12.8,-10.1,6.8,-13.5,110.7,105.6
2018-03-01,3.2,10.6,-10.0,8.5,-13.1,108.9,106.4
2018-04-01,3.1,11.1,-7.7,3.6,-11.7,110.1,109.6
2018-05-01,2.3,10.1,-12.4,5.4,-11.3,107.2,100.8
2018-06-01,1.4,11.0,-9.5,6.9,-12.4,108.2,101.5
2018-07-01,1.3,8.8,-9.1,3.3,-7.8,107.8,102.1
2018-08-01,0.4,8.6,-9.8,4.2,-8.3,107.0,103.4
2018-09-01,0.6,8.2,-8.4,5.6,-9.6,107.0,103.2
2018-10-01,-0.5,7.6,-8.1,2.6,-7.9,106.2,100.7
2018-11-01,-1.1,5.6,-9.1,4.0,-11.5,104.7,101.2
2018-12-01,-1.8,2.4,-9.9,6.6,-12.0,102.8,102.8
2019-01-01,-3.4,2.7,-10.2,5.1,-8.2,101.9,101.2
2019-02-01,-4.3,2.0,-11.2,6.7,-11.2,100.4,99.8
2019-03-01,-4.3,4.4,-11.9,9.7,-8.0,101.3,99.7
2019-04-01,-4.0,4.4,-11.7,8.0,-7.7,102.0,100.7
2019-05-01,-2.8,3.5,-12.2,8.6,-4.5,103.0,104.1
2019-06-01,-4.2,2.5,-14.0,8.5,-7.1,100.8,105.0
2019-07-01,-4.6,3.4,-11.4,11.2,-5.9,102.4,103.0
2019-08-01,-4.5,1.9,-13.6,9.7,-7.6,100.7,101.2
2019-09-01,-5.6,1.6,-13.3,8.7,-5.4,99.9,100.4
2019-10-01,-5.4,3.3,-12.6,9.2,-6.3,100.3,103.7
2019-11-01,-5.8,2.8,-14.6,9.8,-8.5,99.9,98.0
2019-12-01,-5.8,3.4,-12.4,12.8,-5.6,100.7,100.6
2020-01-01,-5.4,1.1,-11.3,8.4,-5.9,100.2,100.7
2020-02-01,-5.6,1.4,-12.4,8.2,-6.7,100.4,102.7
2020-03-01,-17.0,-20.9,-21.8,0.6,-8.8,80.1,84.3
2020-04-01,NA,NA,NA,NA,NA,NA,NA
2020-05-01,-32.3,-58.4,-22.3,-27.2,-28.3,56.1,75.3
2020-06-01,-25.4,-44.3,-14.4,-19.0,-18.3,69.2,82.6
2020-07-01,-19.9,-30.5,-16.1,-14.3,-14.6,78.1,85.9
2020-08-01,-17.3,-22.6,-15.1,-7.1,-12.7,82.0,90.9
2020-09-01,-11.0,-10.5,-12.6,-1.6,-8.5,92.8,92.7
2020-10-01,-8.2,-9.8,-15.9,0.8,-5.5,94.0,93.0
2020-11-01,-13.6,-22.1,-19.4,-3.0,-8.7,83.6,89.6
2020-12-01,-6.9,-18.2,-14.1,-9.5,-8.3,92.3,89.4
2021-01-01,-5.9,-8.6,-13.8,-9.4,-9.3,96.3,94.8
2021-02-01,-3.0,-7.1,-12.1,-2.6,-7.5,99.1,99.4
2021-03-01,-0.4,-5.2,-12.2,-1.3,-3.4,101.6,99.6
2021-04-01,3.1,-3.5,-10.0,4.3,-3.5,105.8,102.8
2021-05-01,6.7,5.0,-5.4,6.5,1.7,114.0,109.7
2021-06-01,8.4,9.9,-2.4,11.1,1.3,117.5,109.0
2021-07-01,9.9,12.9,-2.2,13.3,4.3,119.7,112.0
2021-08-01,8.9,13.6,-4.6,16.0,0.6,118.0,109.5
2021-09-01,9.7,14.2,-4.0,11.3,1.3,119.1,108.7
2021-10-01,11.1,15.2,-3.3,9.8,4.9,120.9,106.9
2021-11-01,10.2,15.3,-6.0,10.9,4.2,118.7,114.2
2021-12-01,10.5,14.0,-5.9,10.8,6.4,118.5,112.2
2022-01-01,8.3,3.3,-10.3,9.2,4.0,110.8,108.9
2022-02-01,8.2,7.5,-11.1,7.9,4.3,112.3,111.5
2022-03-01,4.2,5.1,-24.5,5.4,4.6,103.7,109.1
2022-04-01,4.4,2.7,-22.1,10.7,4.5,104.6,108.6
2022-05-01,4.1,6.5,-22.2,11.8,5.1,105.7,111.1
2022-06-01,3.4,8.7,-23.9,11.9,5.4,104.5,110.4
2022-07-01,1.0,4.7,-27.8,11.1,7.5,100.4,110.5
2022-08-01,-0.2,5.3,-24.6,17.0,2.0,100.0,109.4
2022-09-01,-2.4,-1.8,-26.4,14.8,5.2,95.6,105.6
2022-10-01,-2.9,0.0,-26.4,13.6,2.9,95.1,106.1
2022-11-01,-1.9,2.2,-18.2,15.8,1.7,100.0,108.1
2022-12-01,-1.7,2.5,-16.8,15.6,5.7,101.0,109.1
2023-01-01,-1.4,4.9,-18.3,11.9,4.3,101.5,109.3
2023-02-01,-0.7,3.6,-16.8,16.9,3.4,102.2,109.3
2023-03-01,-0.4,4.2,-14.6,20.0,3.6,103.9,108.8
2023-04-01,-1.6,8.6,-14.6,18.5,6.9,104.9,110.2
2023-05-01,-3.3,4.9,-16.4,15.9,5.4,101.4,109.3
2023-06-01,-4.8,4.5,-15.3,14.0,5.4,100.7,107.7
2023-07-01,-5.6,6.1,-16.3,13.3,9.3,100.3,106.9
2023-08-01,-6.0,5.5,-16.0,11.7,4.5,100.0,107.7
2023-09-01,-6.8,3.4,-17.1,11.4,5.5,97.8,107.9
2023-10-01,-7.3,4.3,-19.7,10.3,7.7,97.2,105.0
2023-11-01,-7.4,2.0,-18.3,9.4,7.5,97.2,104.7
2023-12-01,-7.7,7.0,-16.3,10.3,8.7,99.2,106.5
2024-01-01,-7.1,7.6,-16.3,12.4,5.3,100.5,107.0
2024-02-01,-7.5,5.3,-16.3,6.7,2.0,99.0,106.7
2024-03-01,-6.3,6.1,-16.6,12.6,4.1,100.9,106.7
2024-04-01,-6.5,6.9,-18.6,12.3,2.3,100.3,105.7
2024-05-01,-6.2,5.2,-18.5,11.1,1.9,100.7,107.7
2024-06-01,-7.9,4.6,-17.0,9.5,4.6,99.7,104.2
2024-07-01,-7.6,3.6,-15.0,8.2,4.9,100.0,102.3
2024-08-01,-8.3,5.0,-16.7,7.5,3.1,98.9,103.3
2024-09-01,-8.4,6.7,-15.6,9.7,2.5,99.9,104.5
2024-10-01,-9.1,2.6,-15.0,10.9,5.3,99.3,103.7
2024-11-01,-9.1,0.8,-14.0,13.5,3.3,98.9,103.2
2024-12-01,-9.4,4.5,-15.8,13.0,3.0,98.1,105.0
2025-01-01,-8.4,3.9,-15.0,12.1,2.7,99.7,103.8
2025-02-01,-8.3,2.6,-13.9,10.1,1.2,99.5,102.0
2025-03-01,-8.4,0.0,-16.5,11.9,3.0,97.6,106.8
2025-04-01,-8.8,-1.1,-18.9,10.8,2.4,96.1,104.5
2025-05-01,-8.1,2.0,-16.1,11.1,2.3,99.0,104.8
2025-06-01,-7.4,2.6,-17.2,9.0,3.6,99.1,108.2
2025-07-01,-6.9,1.1,-17.0,11.7,3.6,99.6,105.3
2025-08-01,-7.6,2.8,-16.8,8.8,1.0,98.6,103.9
2025-09-01,-7.6,3.0,-15.7,8.9,2.1,99.4,101.3
2025-10-01,-6.6,2.9,-15.4,12.6,4.7,100.7,102.4
2025-11-01,-5.5,4.5,-16.5,14.4,4.3,101.9,105.8
2025-12-01,-6.5,5.2,-16.5,13.4,3.2,101.2,106.2
2026-01-01,-5.9,8.7,-15.6,7.6,-1.7,102.5,105.8
2026-02-01,-6.5,7.3,-15.1,11.2,1.0,101.8,106.6
2026-03-01,-6.0,7.8,-20.1,8.2,2.2,100.5,105.1
2026-04-01,-6.8,5.7,-23.8,9.7,-0.4,97.8,104.5
2026-05-01,-6.9,4.1,-21.3,9.2,-0.5,97.8,104.1
2026-06-01,-6.4,4.6,-22.2,13.1,1.9,99.1,103.1