date,Labour Participation Rate,Number of People in Employment,Unemployment Rate,Continued Jobless Claims,Average Weekly Earnings,Full-Time Employment,Part-Time Employment
1971-01-01,,,,533.6,,,
1971-02-01,75.1,24613,3.8,552.3,,,
1971-03-01,75,24575,3.9,573.5,,,
1971-04-01,75,24559,4,599.1,,,
1971-05-01,75.1,24556,4.1,641.7,,,
1971-06-01,75,24541,4.1,655.2,,,
1971-07-01,75,24508,4.2,662.9,,,
1971-08-01,74.9,24464,4.2,664.1,,,
1971-09-01,74.8,24424,4.3,684,,,
1971-10-01,74.8,24398,4.4,715.8,,,
1971-11-01,74.8,24395,4.4,747.6,,,
1971-12-01,74.9,24416,4.5,757.7,,,
1972-01-01,75,24455,4.5,754.1,,,
1972-02-01,75.2,24501,4.5,768.5,,,
1972-03-01,75.3,24529,4.5,779.6,,,
1972-04-01,75.3,24539,4.5,775.9,,,
1972-05-01,75.2,24542,4.4,745.8,,,
1972-06-01,75.2,24541,4.4,722.4,,,
1972-07-01,75.1,24557,4.3,709.8,,,
1972-08-01,75.2,24585,4.3,692.7,,,
1972-09-01,75.2,24614,4.2,696.7,,,
1972-10-01,75.3,24643,4.2,680.7,,,
1972-11-01,75.4,24689,4.2,666.2,,,
1972-12-01,75.5,24748,4.1,639.4,,,
1973-01-01,75.6,24825,4,603.7,,,
1973-02-01,75.7,24903,3.9,574.3,,,
1973-03-01,75.8,24962,3.8,560.3,,,
1973-04-01,75.9,24986,3.8,547.2,,,
1973-05-01,75.8,24986,3.7,537.6,,,
1973-06-01,75.7,24975,3.7,530.2,,,
1973-07-01,75.7,24965,3.6,506.3,,,
1973-08-01,75.6,24972,3.6,486.8,,,
1973-09-01,75.6,24984,3.5,469.4,,,
1973-10-01,75.6,24997,3.5,456.5,,,
1973-11-01,75.6,24999,3.4,441.2,,,
1973-12-01,75.6,25000,3.4,422.6,,,
1974-01-01,75.6,24995,3.5,468.7,,,
1974-02-01,75.6,24984,3.6,486.6,,,
1974-03-01,75.7,24984,3.6,494.8,,,
1974-04-01,75.7,24985,3.6,497.4,,,
1974-05-01,75.7,25002,3.6,494.3,,,
1974-06-01,75.8,25020,3.6,508.9,,,
1974-07-01,75.9,25044,3.7,510.8,,,
1974-08-01,75.9,25066,3.7,530.2,,,
1974-09-01,76,25077,3.7,534.3,,,
1974-10-01,76,25075,3.7,539.7,,,
1974-11-01,75.9,25065,3.7,544.9,,,
1974-12-01,75.9,25044,3.8,558.5,,,
1975-01-01,75.9,25018,3.9,587.8,,,
1975-02-01,75.9,24996,4,609.1,,,
1975-03-01,75.9,24980,4.1,641.7,,,
1975-04-01,75.9,24965,4.2,683.4,,,
1975-05-01,76,24955,4.3,734.4,,,
1975-06-01,76.1,24945,4.5,774.2,,,
1975-07-01,76.1,24934,4.6,818.7,,,
1975-08-01,76.1,24918,4.7,845.8,,,
1975-09-01,76.2,24897,4.8,877,,,
1975-10-01,76.2,24880,4.9,934.4,,,
1975-11-01,76.2,24864,5,970.1,,,
1975-12-01,76.2,24847,5.1,997.1,,,
1976-01-01,76.2,24825,5.2,"1,022.00",,,
1976-02-01,76.1,24809,5.3,"1,042.30",,,
1976-03-01,76.1,24793,5.3,"1,055.60",,,
1976-04-01,76.1,24788,5.4,"1,070.10",,,
1976-05-01,76.1,24779,5.4,"1,088.20",,,
1976-06-01,76.1,24776,5.4,"1,085.50",,,
1976-07-01,76.1,24772,5.4,"1,093.00",,,
1976-08-01,76,24768,5.5,"1,107.60",,,
1976-09-01,76,24771,5.5,"1,107.00",,,
1976-10-01,76,24779,5.5,"1,097.80",,,
1976-11-01,76,24788,5.5,"1,105.10",,,
1976-12-01,76,24797,5.5,"1,108.80",,,
1977-01-01,76,24800,5.5,"1,111.10",,,
1977-02-01,75.9,24803,5.5,"1,107.40",,,
1977-03-01,75.9,24801,5.5,"1,107.90",,,
1977-04-01,75.9,24799,5.5,"1,117.60",,,
1977-05-01,75.9,24802,5.5,"1,119.70",,,
1977-06-01,75.9,24800,5.6,"1,149.30",,,
1977-07-01,75.9,24804,5.6,"1,169.80",,,
1977-08-01,75.9,24809,5.7,"1,172.70",,,
1977-09-01,75.9,24813,5.7,"1,193.60",,,
1977-10-01,75.9,24818,5.7,"1,188.10",,,
1977-11-01,75.9,24822,5.7,"1,186.10",,,
1977-12-01,75.8,24833,5.7,"1,181.50",,,
1978-01-01,75.8,24844,5.6,"1,167.50",,,
1978-02-01,75.8,24862,5.6,"1,150.90",,,
1978-03-01,75.8,24874,5.6,"1,148.10",,,
1978-04-01,75.8,24886,5.6,"1,147.30",,,
1978-05-01,75.7,24897,5.6,"1,140.60",,,
1978-06-01,75.7,24908,5.5,"1,140.30",,,
1978-07-01,75.7,24919,5.5,"1,134.60",,,
1978-08-01,75.7,24941,5.5,"1,144.60",,,
1978-09-01,75.8,24975,5.5,"1,130.20",,,
1978-10-01,75.8,25017,5.4,"1,115.40",,,
1978-11-01,75.8,25059,5.4,"1,094.70",,,
1978-12-01,75.8,25087,5.3,"1,083.80",,,
1979-01-01,75.8,25106,5.3,"1,089.10",,,
1979-02-01,75.8,25113,5.4,"1,109.40",,,
1979-03-01,75.8,25121,5.3,"1,106.70",,,
1979-04-01,75.8,25136,5.3,"1,076.60",,,
1979-05-01,75.8,25159,5.3,"1,076.60",,,
1979-06-01,75.8,25186,5.3,"1,057.80",,,
1979-07-01,75.8,25211,5.3,"1,053.60",,,
1979-08-01,75.9,25229,5.4,"1,040.90",,,
1979-09-01,75.9,25248,5.4,"1,033.50",,,
1979-10-01,75.9,25265,5.4,"1,042.50",,,
1979-11-01,75.9,25280,5.5,"1,033.00",,,
1979-12-01,75.9,25280,5.6,"1,044.10",,,
1980-01-01,76,25270,5.7,"1,060.80",,,
1980-02-01,76,25250,5.8,"1,096.00",,,
1980-03-01,76,25235,6,"1,125.10",,,
1980-04-01,76,25215,6.1,"1,172.30",,,
1980-05-01,76.1,25190,6.3,"1,211.10",,,
1980-06-01,76.1,25160,6.5,"1,261.90",,,
1980-07-01,76.1,25110,6.8,"1,324.80",,,
1980-08-01,76.1,25050,7.1,"1,421.50",,,
1980-09-01,76.1,24985,7.4,"1,491.60",,,
1980-10-01,76.1,24915,7.7,"1,579.60",,,
1980-11-01,76.1,24855,8,"1,689.80",,,
1980-12-01,76.2,24785,8.3,"1,777.40",,,
1981-01-01,76.2,24720,8.6,"1,842.30",,,
1981-02-01,76.2,24661,8.9,"1,911.20",,,
1981-03-01,76.1,24606,9.1,"1,984.30",,,
1981-04-01,76.1,24549,9.4,"2,048.10",,,
1981-05-01,76.1,24495,9.6,"2,110.70",,,
1981-06-01,76,24444,9.7,"2,157.10",,,
1981-07-01,75.9,24398,9.8,"2,203.60",,,
1981-08-01,75.9,24355,9.9,"2,241.50",,,
1981-09-01,75.8,24311,10,"2,282.60",,,
1981-10-01,75.7,24261,10.1,"2,320.00",,,
1981-11-01,75.6,24209,10.2,"2,354.60",,,
1981-12-01,75.5,24169,10.3,"2,373.30",,,
1982-01-01,75.4,24139,10.4,"2,402.80",,,
1982-02-01,75.4,24120,10.4,"2,415.50",,,
1982-03-01,75.3,24092,10.5,"2,425.50",,,
1982-04-01,75.2,24067,10.5,"2,454.00",,,
1982-05-01,75.1,24027,10.6,"2,468.40",,,
1982-06-01,75,23992,10.6,"2,498.90",,,
1982-07-01,74.9,23949,10.7,"2,528.10",,,
1982-08-01,74.8,23901,10.8,"2,554.40",,,
1982-09-01,74.7,23852,10.9,"2,582.70",,,
1982-10-01,74.6,23803,11,"2,616.00",,,
1982-11-01,74.5,23755,11.1,"2,642.60",,,
1982-12-01,74.3,23712,11.2,"2,673.70",,,
1983-01-01,74.2,23675,11.2,"2,691.00",,,
1983-02-01,74.2,23651,11.3,"2,699.80",,,
1983-03-01,74.1,23636,11.3,"2,723.40",,,
1983-04-01,74.1,23630,11.3,"2,739.60",,,
1983-05-01,74.1,23647,11.4,"2,756.50",,,
1983-06-01,74.3,23687,11.5,"2,779.90",,,
1983-07-01,74.4,23741,11.5,"2,782.60",,,
1983-08-01,74.6,23809,11.5,"2,774.00",,,
1983-09-01,74.8,23879,11.6,"2,787.80",,,
1983-10-01,75,23947,11.6,"2,792.50",,,
1983-11-01,75.1,23994,11.7,"2,801.50",,,
1983-12-01,75.3,24044,11.7,"2,813.70",,,
1984-01-01,75.4,24085,11.8,"2,823.70",,,
1984-02-01,75.5,24125,11.8,"2,846.70",,,
1984-03-01,75.6,24165,11.9,"2,857.70",,,
1984-04-01,75.7,24208,11.9,"2,847.50",,,
1984-05-01,75.8,24245,11.9,"2,863.90",,,
1984-06-01,75.8,24275,11.8,"2,868.50",,,
1984-07-01,75.8,24305,11.8,"2,884.90",,,
1984-08-01,75.8,24335,11.7,"2,893.70",,,
1984-09-01,75.9,24370,11.7,"2,925.00",,,
1984-10-01,75.9,24400,11.7,"2,936.60",,,
1984-11-01,76,24435,11.6,"2,949.10",,,
1984-12-01,76,24470,11.6,"2,955.70",,,
1985-01-01,76,24490,11.5,"2,964.90",,,
1985-02-01,76,24515,11.5,"2,982.80",,,
1985-03-01,76.1,24540,11.4,"2,977.10",,,
1985-04-01,76.1,24554,11.4,"2,998.30",,,
1985-05-01,76.1,24570,11.4,"3,000.70",,,
1985-06-01,76.1,24590,11.3,"2,988.50",,,
1985-07-01,76.1,24610,11.3,"2,995.10",,,
1985-08-01,76.1,24625,11.3,"2,997.50",,,
1985-09-01,76.2,24635,11.3,"3,004.80",,,
1985-10-01,76.2,24650,11.3,"3,011.30",,,
1985-11-01,76.2,24660,11.3,"3,012.60",,,
1985-12-01,76.2,24660,11.3,"3,033.40",,,
1986-01-01,76.2,24670,11.3,"3,044.50",,,
1986-02-01,76.2,24670,11.3,"3,053.20",,,
1986-03-01,76.3,24675,11.3,"3,086.10",,,
1986-04-01,76.3,24683,11.3,"3,076.30",,,
1986-05-01,76.3,24695,11.3,"3,084.40",,,
1986-06-01,76.4,24720,11.4,"3,085.80",,,
1986-07-01,76.5,24740,11.4,"3,090.00",,,
1986-08-01,76.5,24770,11.4,"3,087.60",,,
1986-09-01,76.5,24800,11.3,"3,072.00",,,
1986-10-01,76.6,24830,11.3,"3,052.70",,,
1986-11-01,76.6,24850,11.3,"3,045.60",,,
1986-12-01,76.7,24875,11.2,"3,021.40",,,
1987-01-01,76.7,24900,11.2,"3,014.90",,,
1987-02-01,76.6,24925,11.1,"2,966.40",,,
1987-03-01,76.7,24970,11,"2,924.60",,,
1987-04-01,76.7,25031,10.9,"2,911.10",,,
1987-05-01,76.8,25110,10.7,"2,845.70",,,
1987-06-01,76.9,25190,10.6,"2,807.70",,,
1987-07-01,77,25270,10.4,"2,764.00",,,
1987-08-01,77,25345,10.2,"2,721.00",,,
1987-09-01,77.1,25420,10,"2,677.60",,,
1987-10-01,77.1,25495,9.9,"2,621.00",,,
1987-11-01,77.2,25575,9.7,"2,565.60",,,
1987-12-01,77.3,25655,9.5,"2,535.80",,,
1988-01-01,77.3,25730,9.4,"2,488.60",,,
1988-02-01,77.4,25795,9.2,"2,449.40",,,
1988-03-01,77.4,25860,9,"2,405.60",,,
1988-04-01,77.4,25913,8.9,"2,362.40",,,
1988-05-01,77.5,25970,8.7,"2,317.20",,,
1988-06-01,77.5,26030,8.6,"2,271.80",,,
1988-07-01,77.5,26100,8.5,"2,214.40",,,
1988-08-01,77.6,26160,8.4,"2,176.80",,,
1988-09-01,77.7,26230,8.3,"2,156.40",,,
1988-10-01,77.8,26290,8.2,"2,120.00",,,
1988-11-01,77.8,26355,8,"2,069.00",,,
1988-12-01,77.9,26430,7.9,"2,005.80",,,
1989-01-01,77.9,26510,7.7,"1,967.30",,,
1989-02-01,78,26590,7.6,"1,918.20",,,
1989-03-01,78.1,26660,7.4,"1,876.90",,,
1989-04-01,78.1,26709,7.3,"1,820.60",,,
1989-05-01,78.1,26730,7.2,"1,787.80",,,
1989-06-01,78.1,26750,7.2,"1,762.30",,,
1989-07-01,78.1,26775,7.1,"1,743.00",,,
1989-08-01,78.1,26795,7.1,"1,705.20",,,
1989-09-01,78.2,26820,7.1,"1,685.00",,,
1989-10-01,78.2,26850,7,"1,671.70",,,
1989-11-01,78.3,26880,7,"1,648.70",,,
1989-12-01,78.3,26890,7,"1,629.50",,,
1990-01-01,78.3,26900,6.9,"1,605.90",,,
1990-02-01,78.2,26900,6.9,"1,597.00",,,
1990-03-01,78.3,26910,6.9,"1,584.10",,,
1990-04-01,78.3,26922,6.9,"1,570.20",,,
1990-05-01,78.3,26935,6.9,"1,567.50",,,
1990-06-01,78.3,26945,6.9,"1,584.30",,,
1990-07-01,78.3,26930,7,"1,607.00",,,
1990-08-01,78.3,26900,7.1,"1,635.20",,,
1990-09-01,78.2,26855,7.2,"1,680.50",,,
1990-10-01,78.2,26805,7.3,"1,725.90",,,
1990-11-01,78.2,26750,7.5,"1,773.50",,,
1990-12-01,78.1,26685,7.6,"1,846.50",,,
1991-01-01,78,26615,7.8,"1,871.10",,,
1991-02-01,78,26530,8,"1,960.90",,,
1991-03-01,77.9,26450,8.2,"2,079.60",,,
1991-04-01,77.9,26365,8.5,"2,143.60",,,
1991-05-01,77.8,26275,8.7,"2,205.90",,,
1991-06-01,77.7,26190,8.8,"2,274.70",,,
1991-07-01,77.6,26105,9,"2,341.30",,,
1991-08-01,77.5,26025,9.2,"2,391.30",,,
1991-09-01,77.4,25955,9.3,"2,434.90",,,
1991-10-01,77.2,25885,9.4,"2,470.10",,,
1991-11-01,77.1,25820,9.5,"2,504.80",,,
1991-12-01,77,25775,9.5,"2,535.90",,,
1992-01-01,77,25740,9.6,"2,564.40",,,
1992-02-01,76.9,25710,9.7,"2,609.10",,,
1992-03-01,76.9,25685,9.8,"2,636.10",,,
1992-04-01,76.8,25636,9.8,"2,665.00",,,
1992-05-01,76.7,25605,9.8,"2,696.70",,"19,632","6,004"
1992-06-01,76.6,25542,9.9,"2,711.10",,"19,583","6,023"
1992-07-01,76.6,25525,9.9,"2,733.20",,"19,529","6,013"
1992-08-01,76.6,25509,9.9,"2,777.70",,"19,520","6,005"
1992-09-01,76.5,25454,10.1,"2,807.70",,"19,492","6,017"
1992-10-01,76.6,25406,10.2,"2,848.40",,"19,437","6,017"
1992-11-01,76.5,25336,10.4,"2,888.90",,"19,389","6,018"
1992-12-01,76.6,25301,10.5,"2,960.30",,"19,328","6,008"
1993-01-01,76.6,25274,10.7,"2,937.50",,"19,306","5,995"
1993-02-01,76.6,25282,10.6,"2,930.60",,"19,262","6,012"
1993-03-01,76.5,25258,10.6,"2,923.10",,"19,239","6,044"
1993-04-01,76.5,25286,10.5,"2,925.50",,"19,205","6,053"
1993-05-01,76.4,25293,10.4,"2,909.40",,"19,213","6,073"
1993-06-01,76.4,25293,10.4,"2,901.80",,"19,222","6,070"
1993-07-01,76.3,25278,10.3,"2,878.10",,"19,216","6,077"
1993-08-01,76.4,25316,10.2,"2,874.80",,"19,175","6,103"
1993-09-01,76.4,25320,10.3,"2,855.90",,"19,188","6,127"
1993-10-01,76.4,25319,10.2,"2,823.90",,"19,176","6,144"
1993-11-01,76.4,25320,10.3,"2,794.30",,"19,144","6,175"
1993-12-01,76.4,25322,10.3,"2,764.80",,"19,157","6,163"
1994-01-01,76.4,25362,10.1,"2,766.00",,"19,136","6,186"
1994-02-01,76.4,25408,9.9,"2,734.20",,"19,195","6,167"
1994-03-01,76.4,25451,9.8,"2,712.00",,"19,200","6,207"
1994-04-01,76.3,25455,9.7,"2,676.30",,"19,226","6,225"
1994-05-01,76.3,25451,9.7,"2,652.60",,"19,219","6,236"
1994-06-01,76.4,25516,9.6,"2,624.90",,"19,219","6,232"
1994-07-01,76.3,25517,9.5,"2,593.50",,"19,272","6,244"
1994-08-01,76.3,25559,9.4,"2,553.20",,"19,257","6,260"
1994-09-01,76.1,25561,9.3,"2,524.50",,"19,285","6,274"
1994-10-01,76,25594,9.1,"2,484.90",,"19,291","6,270"
1994-11-01,75.9,25600,9,"2,453.50",,"19,347","6,247"
1994-12-01,75.8,25583,8.9,"2,407.40",,"19,356","6,244"
1995-01-01,75.9,25638,8.9,"2,387.30",,"19,351","6,232"
1995-02-01,76,25670,8.9,"2,358.60",,"19,369","6,268"
1995-03-01,76.1,25705,8.8,"2,341.90",,"19,415","6,255"
1995-04-01,76.1,25733,8.8,"2,319.60",,"19,437","6,268"
1995-05-01,76.1,25770,8.7,"2,307.10",,"19,448","6,286"
1995-06-01,76.2,25791,8.7,"2,294.00",,"19,445","6,325"
1995-07-01,76.3,25838,8.6,"2,283.50",,"19,454","6,337"
1995-08-01,76.3,25852,8.6,"2,260.70",,"19,468","6,370"
1995-09-01,76.3,25869,8.6,"2,233.90",,"19,486","6,366"
1995-10-01,76.3,25891,8.6,"2,238.70",,"19,477","6,392"
1995-11-01,76.3,25982,8.3,"2,228.80",,"19,458","6,433"
1995-12-01,76.4,25987,8.4,"2,221.80",,"19,493","6,490"
1996-01-01,76.3,25981,8.3,"2,198.40",,"19,474","6,513"
1996-02-01,76.2,25970,8.2,"2,205.20",,"19,469","6,512"
1996-03-01,76.3,25977,8.3,"2,179.10",,"19,416","6,554"
1996-04-01,76.3,26002,8.3,"2,171.10",,"19,449","6,529"
1996-05-01,76.3,26009,8.3,"2,153.00",,"19,479","6,522"
1996-06-01,76.2,26006,8.2,"2,134.50",,"19,495","6,515"
1996-07-01,76.2,26063,8.1,"2,103.40",,"19,458","6,548"
1996-08-01,76.2,26062,8.1,"2,083.00",,"19,491","6,571"
1996-09-01,76.3,26120,8.1,"2,043.80",,"19,509","6,553"
1996-10-01,76.4,26177,8,"2,002.40",,"19,546","6,574"
1996-11-01,76.4,26198,7.8,"1,903.90",,"19,596","6,580"
1996-12-01,76.4,26258,7.7,"1,872.10",,"19,584","6,614"
1997-01-01,76.4,26324,7.5,"1,818.40",,"19,634","6,624"
1997-02-01,76.4,26381,7.3,"1,752.80",,"19,689","6,635"
1997-03-01,76.4,26428,7.2,"1,704.30",,"19,752","6,629"
1997-04-01,76.4,26450,7.2,"1,662.60",,"19,779","6,648"
1997-05-01,76.6,26514,7.2,"1,619.60",,"19,783","6,667"
1997-06-01,76.6,26493,7.3,"1,571.50",,"19,827","6,686"
1997-07-01,76.4,26509,7.1,"1,554.10",,"19,817","6,677"
1997-08-01,76.4,26572,6.8,"1,526.50",,"19,829","6,679"
1997-09-01,76.3,26603,6.7,"1,497.80",,"19,862","6,710"
1997-10-01,76.3,26622,6.6,"1,464.10",,"19,884","6,719"
1997-11-01,76.2,26636,6.5,"1,431.70",,"19,934","6,688"
1997-12-01,76.1,26632,6.4,"1,410.50",,"19,985","6,651"
1998-01-01,76.1,26658,6.4,"1,400.50",,"19,989","6,643"
1998-02-01,76.2,26677,6.4,"1,380.70",,"19,998","6,660"
1998-03-01,76.2,26707,6.3,"1,364.90",,"20,000","6,677"
1998-04-01,76.1,26708,6.3,"1,359.40",,"20,009","6,698"
1998-05-01,76.1,26714,6.3,"1,350.00",,"19,991","6,717"
1998-06-01,76.3,26770,6.3,"1,344.20",,"19,989","6,725"
1998-07-01,76.4,26824,6.3,"1,344.00",,"20,070","6,700"
1998-08-01,76.4,26834,6.2,"1,340.70",,"20,130","6,694"
1998-09-01,76.4,26878,6.2,"1,327.20",,"20,140","6,693"
1998-10-01,76.5,26939,6.2,"1,321.90",,"20,141","6,737"
1998-11-01,76.5,26955,6.1,"1,325.30",,"20,154","6,785"
1998-12-01,76.7,27000,6.2,"1,314.30",,"20,168","6,787"
1999-01-01,76.7,27018,6.2,"1,309.70",,"20,169","6,832"
1999-02-01,76.6,27036,6.2,"1,304.50",,"20,217","6,801"
1999-03-01,76.6,27042,6.2,"1,297.50",,"20,232","6,804"
1999-04-01,76.5,27058,6.1,"1,288.10",,"20,239","6,803"
1999-05-01,76.6,27095,6,"1,273.10",,"20,250","6,809"
1999-06-01,76.5,27115,6,"1,263.10",,"20,286","6,810"
1999-07-01,76.6,27170,5.9,"1,244.70",,"20,298","6,817"
1999-08-01,76.7,27218,5.9,"1,229.00",,"20,342","6,828"
1999-09-01,76.6,27212,5.8,"1,222.90",,"20,397","6,821"
1999-10-01,76.7,27270,5.8,"1,200.70",,"20,381","6,831"
1999-11-01,76.8,27322,5.8,"1,184.10",,"20,446","6,824"
1999-12-01,76.7,27307,5.9,"1,159.30",,"20,457","6,865"
2000-01-01,76.7,27309,5.8,"1,162.90",305,"20,463","6,844"
2000-02-01,76.8,27362,5.8,"1,152.20",300,"20,413","6,896"
2000-03-01,76.8,27406,5.7,"1,144.00",311,"20,450","6,912"
2000-04-01,76.8,27442,5.6,"1,113.30",309,"20,487","6,919"
2000-05-01,76.7,27468,5.5,"1,104.70",311,"20,520","6,921"
2000-06-01,76.7,27528,5.3,"1,093.60",311,"20,523","6,945"
2000-07-01,76.7,27565,5.3,"1,074.70",313,"20,550","6,979"
2000-08-01,76.8,27555,5.3,"1,060.40",315,"20,559","7,007"
2000-09-01,76.7,27528,5.4,"1,044.80",317,"20,529","7,026"
2000-10-01,76.5,27516,5.3,"1,044.70",318,"20,542","6,986"
2000-11-01,76.5,27549,5.2,"1,035.60",320,"20,522","6,994"
2000-12-01,76.7,27637,5.2,"1,029.90",323,"20,565","6,984"
2001-01-01,76.7,27618,5.2,"1,008.60",321,"20,616","7,022"
2001-02-01,76.6,27623,5.1,999.5,325,"20,611","7,006"
2001-03-01,76.6,27663,5,990.9,326,"20,619","7,004"
2001-04-01,76.5,27699,4.9,975.5,326,"20,693","6,971"
2001-05-01,76.6,27707,5,974.9,327,"20,720","6,979"
2001-06-01,76.5,27699,5,961.6,328,"20,724","6,983"
2001-07-01,76.5,27719,5.1,951.8,328,"20,718","6,982"
2001-08-01,76.5,27715,5.1,951.2,331,"20,785","6,934"
2001-09-01,76.5,27735,5.1,946.1,331,"20,772","6,943"
2001-10-01,76.6,27787,5.1,953,333,"20,779","6,956"
2001-11-01,76.6,27803,5.2,959.7,334,"20,789","6,998"
2001-12-01,76.5,27769,5.2,966.5,334,"20,782","7,021"
2002-01-01,76.4,27781,5.1,958.2,333,"20,742","7,027"
2002-02-01,76.4,27797,5.2,951.9,334,"20,762","7,019"
2002-03-01,76.6,27856,5.2,947.5,334,"20,787","7,010"
2002-04-01,76.7,27888,5.2,954.9,338,"20,818","7,038"
2002-05-01,76.7,27933,5.2,947.1,339,"20,828","7,060"
2002-06-01,76.6,27908,5.2,949.7,340,"20,803","7,130"
2002-07-01,76.7,27949,5.2,950,341,"20,796","7,112"
2002-08-01,76.7,27935,5.3,945.7,341,"20,792","7,157"
2002-09-01,76.8,28023,5.2,943.7,342,"20,778","7,156"
2002-10-01,76.8,28059,5.2,939.5,342,"20,812","7,211"
2002-11-01,76.8,28110,5.1,936.4,343,"20,879","7,180"
2002-12-01,76.6,28081,5,935.2,343,"20,951","7,159"
2003-01-01,76.6,28058,5.1,939.3,339,"20,932","7,149"
2003-02-01,76.7,28099,5.2,942.5,341,"20,877","7,181"
2003-03-01,76.7,28142,5.1,941.2,349,"20,876","7,224"
2003-04-01,76.7,28199,5,936.1,347,"20,879","7,263"
2003-05-01,76.7,28226,4.9,947.2,348,"20,919","7,279"
2003-06-01,76.8,28236,5.1,947.1,349,"20,957","7,270"
2003-07-01,76.7,28228,5.1,940.2,351,"20,979","7,257"
2003-08-01,76.7,28256,5,933.3,352,"20,954","7,275"
2003-09-01,76.7,28285,5,928.7,355,"20,976","7,279"
2003-10-01,76.6,28295,4.9,922,356,"20,985","7,299"
2003-11-01,76.5,28304,4.9,913,357,"21,001","7,295"
2003-12-01,76.7,28399,4.8,906,357,"20,987","7,317"
2004-01-01,76.8,28438,4.8,899.2,364,"21,038","7,361"
2004-02-01,76.8,28459,4.8,892.1,352,"21,049","7,389"
2004-03-01,76.7,28449,4.8,881,361,"21,047","7,413"
2004-04-01,76.6,28466,4.8,871.9,362,"21,059","7,390"
2004-05-01,76.6,28470,4.8,858.1,363,"21,081","7,384"
2004-06-01,76.5,28464,4.8,846.9,364,"21,111","7,360"
2004-07-01,76.5,28480,4.7,836.4,365,"21,107","7,357"
2004-08-01,76.5,28518,4.7,834.5,367,"21,125","7,355"
2004-09-01,76.5,28544,4.7,832.9,369,"21,176","7,342"
2004-10-01,76.6,28627,4.7,831.5,372,"21,232","7,312"
2004-11-01,76.7,28673,4.7,829.5,372,"21,328","7,299"
2004-12-01,76.8,28726,4.7,826.1,373,"21,376","7,297"
2005-01-01,76.9,28794,4.8,823.7,379,"21,430","7,296"
2005-02-01,76.7,28789,4.7,821.7,371,"21,510","7,284"
2005-03-01,76.6,28759,4.7,830.1,376,"21,509","7,280"
2005-04-01,76.6,28780,4.8,840.3,379,"21,472","7,287"
2005-05-01,76.6,28802,4.8,854.1,380,"21,452","7,327"
2005-06-01,76.6,28855,4.7,863.2,380,"21,469","7,333"
2005-07-01,76.7,28906,4.7,866.7,383,"21,520","7,335"
2005-08-01,76.7,28928,4.7,868.2,386,"21,595","7,311"
2005-09-01,76.7,28913,4.9,876.1,387,"21,625","7,303"
2005-10-01,76.7,28880,5.1,888.2,388,"21,625","7,288"
2005-11-01,76.7,28880,5.1,900.9,390,"21,604","7,276"
2005-12-01,76.7,28934,5.1,908.1,390,"21,623","7,257"
2006-01-01,76.8,28988,5.2,913.5,391,"21,660","7,274"
2006-02-01,77,29048,5.2,923.8,392,"21,678","7,309"
2006-03-01,77.1,29085,5.3,935.8,398,"21,704","7,344"
2006-04-01,77,29063,5.4,945.4,395,"21,757","7,328"
2006-05-01,77.1,29106,5.5,950.8,397,"21,745","7,319"
2006-06-01,77.2,29140,5.5,955.7,401,"21,745","7,360"
2006-07-01,77.3,29224,5.5,956.7,401,"21,769","7,371"
2006-08-01,77.1,29183,5.5,951.4,401,"21,821","7,402"
2006-09-01,77.1,29189,5.5,958.1,402,"21,763","7,421"
2006-10-01,77,29204,5.4,958.5,405,"21,709","7,480"
2006-11-01,77,29214,5.5,949.2,407,"21,745","7,459"
2006-12-01,76.9,29202,5.5,939.9,412,"21,749","7,466"
2007-01-01,76.8,29175,5.5,925.6,415,"21,753","7,449"
2007-02-01,76.8,29194,5.5,911.5,419,"21,748","7,427"
2007-03-01,76.8,29232,5.5,896.8,416,"21,756","7,438"
2007-04-01,76.9,29314,5.4,878.2,412,"21,797","7,435"
2007-05-01,76.8,29322,5.4,870.8,416,"21,896","7,419"
2007-06-01,76.8,29352,5.3,861.9,418,"21,902","7,420"
2007-07-01,76.8,29376,5.3,856.3,420,"21,921","7,431"
2007-08-01,76.8,29420,5.3,851.3,422,"21,947","7,428"
2007-09-01,76.9,29470,5.2,844.5,424,"21,989","7,431"
2007-10-01,76.9,29527,5.2,836.3,423,"22,038","7,433"
2007-11-01,76.9,29576,5.2,825.2,426,"22,054","7,472"
2007-12-01,77,29614,5.2,815.2,426,"22,075","7,501"
2008-01-01,77.1,29676,5.2,792,429,"22,083","7,531"
2008-02-01,77,29684,5.2,778.4,435,"22,130","7,546"
2008-03-01,77.1,29706,5.3,778.5,437,"22,134","7,549"
2008-04-01,77.1,29749,5.2,792.4,432,"22,160","7,546"
2008-05-01,77.1,29722,5.4,814.7,434,"22,227","7,522"
2008-06-01,77.1,29696,5.5,848.7,433,"22,189","7,533"
2008-07-01,77,29612,5.7,882.7,435,"22,170","7,526"
2008-08-01,77,29580,5.9,924.9,435,"22,081","7,531"
2008-09-01,76.9,29535,6,968.6,435,"22,061","7,519"
2008-10-01,77.1,29556,6.2,"1,012.30",437,"22,010","7,525"
2008-11-01,77.1,29528,6.4,"1,100.40",436,"21,959","7,597"
2008-12-01,77.3,29539,6.5,"1,179.40",436,"21,951","7,578"
2009-01-01,77.2,29429,6.7,"1,240.80",421,"21,952","7,587"
2009-02-01,77.2,29366,7.1,"1,383.60",409,"21,843","7,586"
2009-03-01,77.1,29272,7.3,"1,457.10",433,"21,768","7,598"
2009-04-01,77,29155,7.6,"1,510.80",438,"21,715","7,557"
2009-05-01,76.9,29087,7.8,"1,549.40",437,"21,585","7,570"
2009-06-01,76.7,29018,7.9,"1,571.90",438,"21,479","7,609"
2009-07-01,76.8,29076,7.9,"1,585.80",437,"21,412","7,606"
2009-08-01,76.7,29069,7.8,"1,600.80",438,"21,446","7,630"
2009-09-01,76.7,29084,7.9,"1,609.70",439,"21,388","7,681"
2009-10-01,76.6,29092,7.8,"1,618.50",439,"21,349","7,734"
2009-11-01,76.6,29102,7.8,"1,610.40",440,"21,344","7,748"
2009-12-01,76.4,29057,7.7,"1,593.40",440,"21,349","7,753"
2010-01-01,76.4,29024,7.9,"1,609.00",439,"21,291","7,766"
2010-02-01,76.4,29013,8,"1,576.50",446,"21,281","7,743"
2010-03-01,76.4,29048,8,"1,548.60",441,"21,234","7,778"
2010-04-01,76.6,29144,7.9,"1,526.10",442,"21,221","7,827"
2010-05-01,76.5,29192,7.9,"1,494.80",443,"21,265","7,878"
2010-06-01,76.7,29325,7.8,"1,471.30",442,"21,301","7,891"
2010-07-01,76.7,29339,7.8,"1,458.20",443,"21,335","7,991"
2010-08-01,76.8,29385,7.8,"1,457.30",445,"21,314","8,025"
2010-09-01,76.7,29308,7.9,"1,457.10",446,"21,341","8,044"
2010-10-01,76.5,29284,7.9,"1,451.00",447,"21,289","8,019"
2010-11-01,76.5,29324,7.9,"1,452.40",448,"21,282","8,001"
2010-12-01,76.7,29391,7.9,"1,454.00",449,"21,326","7,999"
2011-01-01,76.7,29442,7.8,"1,461.80",458,"21,387","8,004"
2011-02-01,76.6,29441,7.8,"1,458.50",453,"21,433","8,009"
2011-03-01,76.5,29436,7.7,"1,463.50",453,"21,437","8,005"
2011-04-01,76.6,29466,7.8,"1,484.70",451,"21,414","8,021"
2011-05-01,76.7,29447,7.9,"1,500.40",453,"21,451","8,016"
2011-06-01,76.5,29345,8,"1,519.50",456,"21,476","7,971"
2011-07-01,76.6,29300,8.2,"1,555.10",456,"21,452","7,893"
2011-08-01,76.6,29284,8.3,"1,576.70",454,"21,441","7,858"
2011-09-01,76.7,29306,8.4,"1,596.00",454,"21,408","7,873"
2011-10-01,76.8,29333,8.5,"1,595.70",456,"21,401","7,900"
2011-11-01,76.8,29352,8.4,"1,599.20",457,"21,381","7,945"
2011-12-01,76.8,29358,8.3,"1,601.80",457,"21,365","7,977"
2012-01-01,76.8,29395,8.3,"1,609.90",457,"21,364","7,982"
2012-02-01,76.9,29470,8.2,"1,609.50",457,"21,345","8,036"
2012-03-01,76.9,29510,8.2,"1,606.70",457,"21,372","8,082"
2012-04-01,77,29585,8.1,"1,582.60",460,"21,410","8,081"
2012-05-01,77.2,29689,8,"1,585.50",460,"21,475","8,089"
2012-06-01,77.4,29768,8,"1,589.30",461,"21,513","8,154"
2012-07-01,77.4,29806,7.9,"1,583.70",463,"21,542","8,202"
2012-08-01,77.3,29788,7.8,"1,571.40",464,"21,566","8,213"
2012-09-01,77.3,29776,7.8,"1,571.30",462,"21,568","8,191"
2012-10-01,77.5,29884,7.8,"1,579.80",462,"21,560","8,185"
2012-11-01,77.6,29945,7.8,"1,576.90",463,"21,665","8,184"
2012-12-01,77.6,29930,7.8,"1,560.30",461,"21,736","8,172"
2013-01-01,77.5,29857,8,"1,550.00",462,"21,753","8,138"
2013-02-01,77.4,29884,7.8,"1,544.60",462,"21,699","8,116"
2013-03-01,77.4,29930,7.8,"1,530.60",454,"21,734","8,105"
2013-04-01,77.3,29910,7.7,"1,510.50",478,"21,723","8,160"
2013-05-01,77.5,29990,7.7,"1,489.80",468,"21,725","8,136"
2013-06-01,77.6,30049,7.7,"1,461.90",466,"21,769","8,169"
2013-07-01,77.6,30080,7.7,"1,428.40",466,"21,867","8,127"
2013-08-01,77.7,30163,7.6,"1,392.80",466,"21,893","8,131"
2013-09-01,77.7,30280,7.4,"1,342.60",466,"21,944","8,162"
2013-10-01,77.7,30360,7.2,"1,297.70",466,"21,997","8,226"
2013-11-01,77.7,30350,7.2,"1,263.80",466,"22,111","8,191"
2013-12-01,77.8,30390,7.1,"1,242.00",468,"22,140","8,151"
2014-01-01,77.8,30555,6.9,"1,221.40",469,"22,165","8,164"
2014-02-01,77.8,30595,6.7,"1,187.20",472,"22,243","8,249"
2014-03-01,77.9,30705,6.6,"1,152.50",461,"22,277","8,255"
2014-04-01,78,30808,6.4,"1,119.80",469,"22,376","8,264"
2014-05-01,77.8,30771,6.3,"1,085.50",469,"22,451","8,291"
2014-06-01,77.7,30770,6.1,"1,042.10",470,"22,400","8,305"
2014-07-01,77.8,30853,6,"1,008.80",468,"22,395","8,308"
2014-08-01,77.8,30899,6,971.7,469,"22,507","8,279"
2014-09-01,77.7,30914,5.9,947.4,473,"22,566","8,267"
2014-10-01,77.6,30915,5.9,922.5,475,"22,588","8,261"
2014-11-01,77.7,31008,5.7,897.9,475,"22,565","8,285"
2014-12-01,77.8,31067,5.6,876.6,478,"22,632","8,312"
2015-01-01,77.9,31185,5.6,855.5,476,"22,691","8,312"
2015-02-01,77.8,31218,5.5,834.7,478,"22,745","8,378"
2015-03-01,77.8,31190,5.5,814.8,480,"22,769","8,387"
2015-04-01,77.8,31118,5.6,804.7,481,"22,783","8,346"
2015-05-01,77.8,31170,5.6,795.8,482,"22,756","8,302"
2015-06-01,77.8,31247,5.5,794.7,481,"22,793","8,317"
2015-07-01,77.8,31280,5.4,790.9,484,"22,801","8,387"
2015-08-01,78,31393,5.3,785.2,484,"22,855","8,366"
2015-09-01,78.1,31497,5.2,780.6,483,"22,894","8,439"
2015-10-01,78.1,31574,5.1,776.9,484,"22,990","8,446"
2015-11-01,78.1,31602,5.1,771.5,484,"23,053","8,460"
2015-12-01,78.1,31603,5.1,769.6,487,"23,081","8,459"
2016-01-01,78.2,31618,5.1,764.8,489,"23,035","8,506"
2016-02-01,78.1,31636,5.1,758.5,486,"23,076","8,479"
2016-03-01,78.1,31668,5,766.5,490,"23,094","8,478"
2016-04-01,78.3,31777,4.9,765.1,495,"23,091","8,513"
2016-05-01,78.3,31813,4.9,767.3,493,"23,173","8,539"
2016-06-01,78.4,31845,4.9,772.4,493,"23,183","8,564"
2016-07-01,78.4,31878,5,772.1,496,"23,255","8,524"
2016-08-01,78.3,31878,4.8,776.7,494,"23,234","8,576"
2016-09-01,78.3,31863,4.8,779.6,495,"23,254","8,557"
2016-10-01,78.2,31877,4.8,783,497,"23,235","8,559"
2016-11-01,78.3,31914,4.7,787.2,498,"23,262","8,546"
2016-12-01,78.3,31918,4.7,780.5,496,"23,300","8,545"
2017-01-01,78.3,31931,4.6,772.3,497,"23,332","8,516"
2017-02-01,78.4,32017,4.6,768.3,499,"23,407","8,453"
2017-03-01,78.4,32027,4.5,782.8,501,"23,486","8,460"
2017-04-01,78.4,32082,4.4,791.7,502,"23,499","8,456"
2017-05-01,78.6,32138,4.4,795.2,503,"23,514","8,497"
2017-06-01,78.7,32206,4.3,797,508,"23,555","8,510"
2017-07-01,78.5,32176,4.3,797.3,504,"23,579","8,554"
2017-08-01,78.3,32134,4.3,797.7,507,"23,543","8,561"
2017-09-01,78.4,32165,4.2,800.5,509,"23,495","8,568"
2017-10-01,78.7,32283,4.3,804.1,509,"23,535","8,559"
2017-11-01,78.6,32222,4.4,811.5,510,"23,641","8,572"
2017-12-01,78.7,32310,4.3,824,512,"23,609","8,545"
2018-01-01,78.7,32331,4.2,832.9,510,"23,694","8,547"
2018-02-01,78.8,32410,4.2,842.8,513,"23,673","8,590"
2018-03-01,78.9,32455,4.2,854.6,513,"23,739","8,604"
2018-04-01,78.9,32459,4.2,866.2,515,"23,747","8,642"
2018-05-01,78.7,32451,4,880.1,516,"23,841","8,554"
2018-06-01,78.6,32471,4,881.4,519,"23,845","8,541"
2018-07-01,78.7,32476,4,892.2,521,"23,867","8,540"
2018-08-01,78.7,32497,4.1,904.1,523,"23,898","8,513"
2018-09-01,78.9,32560,4.1,926.4,523,"23,927","8,503"
2018-10-01,78.9,32612,4,951.1,530,"23,966","8,526"
2018-11-01,78.9,32669,4,973.3,526,"24,008","8,534"
2018-12-01,79.1,32786,3.9,"1,000.50",528,"24,035","8,562"
2019-01-01,79.2,32796,4,"1,019.10",530,"24,118","8,596"
2019-02-01,79,32776,3.8,"1,039.70",532,"24,146","8,575"
2019-03-01,79.1,32843,3.8,"1,059.40",525,"24,156","8,620"
2019-04-01,79.1,32882,3.8,"1,079.50",534,"24,204","8,640"
2019-05-01,79.3,32963,3.9,"1,097.00",537,"24,134","8,748"
2019-06-01,79.2,32906,3.9,"1,126.60",540,"24,180","8,783"
2019-07-01,79.1,32875,3.9,"1,143.20",542,"24,232","8,674"
2019-08-01,79.2,32896,3.9,"1,163.50",541,"24,253","8,622"
2019-09-01,79.1,32907,3.8,"1,183.40",544,"24,270","8,626"
2019-10-01,79.3,33005,3.8,"1,211.40",543,"24,276","8,631"
2019-11-01,79.4,33057,3.7,"1,232.40",543,"24,390","8,615"
2019-12-01,79.5,33103,3.9,"1,240.30",542,"24,446","8,611"
2020-01-01,79.7,33181,3.9,"1,229.20",546,"24,501","8,602"
2020-02-01,79.3,32976,4.1,"1,227.50",547,"24,477","8,704"
2020-03-01,79,32819,4.1,"1,229.90",529,"24,267","8,709"
2020-04-01,78.8,32709,4.1,"2,090.30",529,"24,181","8,638"
2020-05-01,78.7,32634,4.1,"2,657.20",532,"24,226","8,483"
2020-06-01,78.8,32576,4.4,"2,592.00",532,"24,302","8,331"
2020-07-01,78.7,32491,4.6,"2,652.40",541,"24,267","8,309"
2020-08-01,78.6,32357,5,"2,698.60",552,"24,272","8,219"
2020-09-01,78.6,32323,5.2,"2,681.10",558,"24,233","8,124"
2020-10-01,78.7,32358,5.2,"2,597.80",563,"24,278","8,045"
2020-11-01,78.5,32268,5.3,"2,639.50",568,"24,326","8,032"
2020-12-01,78.5,32270,5.2,"2,622.00",570,"24,256","8,012"
2021-01-01,78.5,32344,5,"2,572.70",570,"24,317","7,953"
2021-02-01,78.3,32314,4.9,"2,650.40",569,"24,413","7,932"
2021-03-01,78.3,32310,4.8,"2,632.90",551,"24,462","7,851"
2021-04-01,78.3,32332,4.8,"2,598.10",576,"24,501","7,809"
2021-05-01,78.4,32450,4.7,"2,451.60",582,"24,491","7,841"
2021-06-01,78.5,32521,4.6,"2,279.80",577,"24,534","7,916"
2021-07-01,78.6,32613,4.5,"2,232.80",580,"24,589","7,932"
2021-08-01,78.6,32724,4.4,"2,146.80",584,"24,539","8,074"
2021-09-01,78.4,32695,4.3,"2,053.40",585,"24,581","8,143"
2021-10-01,78.3,32695,4.2,"1,985.90",589,"24,508","8,187"
2021-11-01,78.4,32732,4.2,"1,909.50",590,"24,474","8,221"
2021-12-01,78.3,32735,4.1,"1,840.30",606,"24,525","8,207"
2022-01-01,78.2,32767,3.9,"1,797.30",602,"24,480","8,255"
2022-02-01,78.1,32790,3.8,"1,743.50",603,"24,544","8,223"
2022-03-01,78.2,32873,3.8,"1,674.00",608,"24,538","8,253"
2022-04-01,78.4,33053,3.7,"1,596.70",606,"24,608","8,265"
2022-05-01,78.1,33002,3.8,"1,576.80",607,"24,728","8,325"
2022-06-01,77.8,32912,3.6,"1,554.10",614,"24,704","8,298"
2022-07-01,77.9,32925,3.6,"1,525.00",614,"24,640","8,271"
2022-08-01,77.9,32921,3.7,"1,521.20",620,"24,687","8,237"
2022-09-01,78.1,32976,3.8,"1,520.90",619,"24,671","8,250"
2022-10-01,78.1,33031,3.9,"1,509.90",628,"24,699","8,277"
2022-11-01,78.3,33116,3.9,"1,522.40",633,"24,683","8,348"
2022-12-01,78.3,33156,3.9,"1,536.60",635,"24,674","8,442"
2023-01-01,78.3,33247,4,"1,520.80",639,"24,636","8,520"
2023-02-01,78.5,33325,4,"1,503.90",643,"24,693","8,553"
2023-03-01,78.6,33473,3.9,"1,524.80",644,"24,704","8,621"
2023-04-01,78.7,33456,4,"1,556.50",652,"24,868","8,605"
2023-05-01,78.6,33350,4.2,"1,527.70",655,"24,820","8,636"
2023-06-01,78.4,33275,4.3,"1,542.10",670,"24,674","8,676"
2023-07-01,78.1,33207,4.3,"1,541.50",665,"24,671","8,604"
2023-08-01,78.2,33350,4.1,"1,527.50",665,"24,649","8,558"
2023-09-01,78.1,33371,4,"1,529.10",670,"24,805","8,545"
2023-10-01,78,33350,4,"1,539.10",665,"24,863","8,508"
2023-11-01,77.9,33379,3.9,"1,551.90",670,"24,931","8,419"
2023-12-01,77.9,33314,4.1,"1,565.30",672,"24,993","8,386"
2024-01-01,77.9,33313,4.2,"1,569.20",676,"25,016","8,297"
2024-02-01,77.9,33335,4.3,"1,572.30",680,"25,001","8,311"
2024-03-01,77.8,33344,4.4,"1,584.80",684,"25,103","8,232"
2024-04-01,77.9,33376,4.4,"1,583.00",688,"25,017","8,327"
2024-05-01,77.9,33489,4.2,"1,615.70",691,"25,075","8,301"
2024-06-01,78.1,33589,4.2,"1,645.10",692,"25,117","8,372"
2024-07-01,78.2,33748,4.1,"1,766.80",693,"25,203","8,386"
2024-08-01,78.4,33775,4.3,"1,762.70",697,"25,213","8,536"
2024-09-01,78.3,33778,4.3,"1,765.30",704,"25,262","8,513"
2024-10-01,78.4,33790,4.4,"1,760.40",705,"25,296","8,482"
2024-11-01,78.5,33863,4.4,"1,738.60",707,"25,374","8,416"
2024-12-01,78.5,33922,4.4,"1,720.60",713,"25,419","8,444"
2025-01-01,78.6,33996,4.4,"1,720.60",711,"25,496","8,426"
2025-02-01,78.6,33975,4.5,"1,729.30",718,"25,500","8,496"
2025-03-01,78.7,34011,4.6,"1,723.90",725,"25,409","8,567"
2025-04-01,79,34130,4.7,"1,701.80",720,"25,479","8,532"
2025-05-01,79,34214,4.7,"1,717.10",723,"25,547","8,583"
2025-06-01,78.9,34243,4.7,"1,701.60",725,"25,624","8,590"
2025-07-01,79,34221,4.8,"1,668.30",728,"25,633","8,610"
2025-08-01,79,34192,5,"1,666.30",733,"25,563","8,658"
2025-09-01,79,34226,5.1,"1,666.70",734,"25,567","8,625"
2025-10-01,79.2,34303,5.1,"1,662.80",740,"25,584","8,642"
2025-11-01,79.2,34244,5.2,"1,659.50",740,"25,537","8,766"
2025-12-01,,,,"1,662.20",735,"25,499","8,745"