Asset Name,Last Close,1M % Chg,YTD % Chg,52w Low,52w High,52w Range,Last 10 Days Return,Category
USD_SEK,9.4847,-1.5047353991858416,2.9446241344129214,8.7619,9.7547,0.992799999999999,"[0.06, -0.35, -0.44, -1.21, -0.12, 0.4, -0.4, -0.35, 0.26, -0.29]",Currencies
USD_GBP,0.7412,-0.7365742600776831,-0.13473457289140406,0.7221,0.7679,0.04580000000000006,"[0.25, 0.0, -0.61, -0.71, -0.11, 0.36, -0.15, -0.12, 0.09, -0.27]",Currencies
USD_JPY,157.81,-2.640508359553335,0.7276440926788886,146.5,163.86,17.360000000000014,"[-0.06, 0.06, -0.27, -2.36, -1.23, -0.25, 0.36, 0.01, 0.44, -0.4]",Currencies
USD_CAD,1.3942,-1.858369702942417,1.5662562832374205,1.349,1.4234,0.07440000000000002,"[0.21, -0.12, -0.42, -0.26, 0.06, 0.2, 0.11, -0.36, 0.01, -0.51]",Currencies
EUR_USD,1.1559,1.0225485055060146,-1.5920313298144184,1.1359,1.2041,0.06820000000000004,"[0.01, 0.16, 0.71, 0.52, 0.0, -0.16, 0.18, 0.2, -0.24, 0.3]",Currencies
Apple,313.33,0.21429028337489894,15.25417494298535,213.25,340.08,126.82999999999998,"[1.17, 0.94, -0.56, -1.41, -7.35, -1.78, 1.96, 0.52, 0.45, 0.29]",Equities - Magnificent Seven
NVIDIA,223.96,14.528253643569416,20.085790884718502,165.17,235.74,70.57000000000002,"[-4.99, 0.25, -3.55, 2.65, 2.93, 2.93, 2.56, 3.43, -0.1, 2.27]",Equities - Magnificent Seven
Microsoft,499.99,29.28323938563376,3.3848889624085032,352.83,542.07,189.24000000000007,"[1.94, 1.09, -0.71, 15.51, 3.02, 4.93, 1.06, -1.09, 2.54, 0.03]",Equities - Magnificent Seven
Alphabet A,354.3,-3.3182339136604186,13.194888178913741,196.09,402.62,206.53,"[2.13, 2.19, 0.9, -0.91, 6.73, 4.88, 1.11, -4.03, -1.29, -0.96]",Equities - Magnificent Seven
Meta Platforms,592.1,-1.3643405687251065,-10.300110590980019,525.72,790.0,264.28,"[-0.22, -0.08, -1.31, -7.95, 3.28, 6.02, -0.39, 0.14, 0.19, 0.37]",Equities - Magnificent Seven
Tesla,328.58,-21.723801129189795,-26.936760651071783,298.32,489.88,191.56,"[-1.22, -0.58, -2.97, 3.53, 0.76, 3.49, 1.64, -1.77, -0.63, 2.83]",Equities - Magnificent Seven
Amazon.com,274.48,12.418086500655317,18.915171995494337,198.79,284.02,85.22999999999999,"[-0.31, -0.23, -1.82, 3.9, 15.32, 4.58, -2.32, -1.72, -0.14, 0.82]",Equities - Magnificent Seven
Italy 10-Year Bond Yield,3.908,4.715969989281878,11.275626423690202,3.279,4.078,0.7990000000000004,"[-1.77, -0.66, 2.12, -0.41, 1.25, -2.26, -1.9, 0.56, 0.7, -0.19]",Long-Term Bonds
United States 10-Year Bond Yield,4.658,4.229134034459612,11.568862275449115,3.953,4.745,0.7920000000000003,"[-0.81, -0.8, 0.39, 0.89, 1.76, -1.29, -1.22, -0.22, 1.15, -0.26]",Long-Term Bonds
Japan 10-Year Bond Yield,2.789,-1.5531238969290517,34.60424710424711,1.482,2.879,1.397,"[-1.35, 0.22, -1.19, 1.97, -0.21, 0.97, 0.89, -1.44, -1.6, 0.98]",Long-Term Bonds
Germany 10-Year Bond Yield,3.1295,6.257639549096848,9.587841860139372,2.5508,3.2115,0.6606999999999998,"[-1.43, -0.6, 1.52, 0.39, 1.12, -1.61, -1.13, -0.4, 0.71, 0.12]",Long-Term Bonds
United Kingdom 10-Year Bond Yield,4.9276,2.7311011966809873,10.138578453285644,4.272,5.178,0.9059999999999997,"[-0.87, -0.87, 1.71, -0.91, 1.28, -2.02, -1.17, -0.02, 1.02, -0.35]",Long-Term Bonds
France 10-Year Bond Yield,3.914,4.820567755757905,9.820426487093156,3.218,4.024,0.806,"[-1.25, -0.84, 1.71, -0.16, 1.31, -1.72, -1.25, 0.34, 0.63, -0.17]",Long-Term Bonds
Canada 10-Year Bond Yield,3.643,6.551623281661296,6.055312954876266,3.043,3.704,0.661,"[-1.02, -1.36, -0.73, 1.87, -0.19, 2.09, -3.17, 0.34, 1.83, 0.47]",Long-Term Bonds
Gold Futures,4399.7,5.571685662867422,0.874689044032503,3358.7,5354.8,1996.1000000000004,"[0.15, -0.94, 1.44, 1.55, -1.29, -0.4, 1.52, 3.67, -0.13, 2.33]",Commodities
Natural Gas Futures,135.95,4089.5223420647144,3588.2799782962556,2.523,146.43,143.907,"[-1.1, -3.46, -3.12, -3.88, 2.51, -2.26, -3.01, -6.39, 6.93, -0.7]",Commodities
Copper Futures,6.591,5.7605905006418485,14.506601806810284,4.3985,6.7275,2.3289999999999997,"[0.34, -0.31, -0.75, 2.58, -0.14, 1.16, 1.57, 1.26, -0.27, -1.76]",Commodities
Brent Oil Futures,83.55,16.057785803583833,37.304847986852906,58.92,118.35,59.42999999999999,"[-3.62, -4.83, 7.91, -1.88, 1.22, -7.05, -5.26, 0.11, 3.83, 1.29]",Commodities
Silver Futures,63.499,1.8755013637092959,-10.583679504330068,37.332,115.148,77.816,"[-0.33, -2.01, 0.97, 1.6, -2.09, 0.12, 4.13, 3.39, -1.09, 3.07]",Commodities
Platinum Futures,1759.6,7.090256222993123,-17.013700568302404,1312.8,2871.2,1558.3999999999999,"[1.75, -0.55, -1.29, 3.61, -0.09, -1.95, 7.98, -0.52, -0.52, 1.25]",Commodities
US Wheat Futures,639.75,4.193811074918567,26.183431952662723,495.0,705.75,210.75,"[-2.65, 0.38, -0.26, 0.42, -3.65, 1.84, -1.92, 0.59, -1.71, 1.35]",Commodities
Crude Oil WTI Futures,78.18,14.048140043763691,36.154649947753406,55.27,112.95,57.68,"[-2.98, -4.06, 6.56, -1.03, 1.29, -5.11, -5.69, -0.73, 2.75, 1.15]",Commodities
US Coffee C Futures,315.9,-9.729961423060441,-9.419354838709685,240.9,432.35,191.45000000000002,"[-2.52, 3.73, -2.76, -0.28, 2.26, -3.16, 1.35, 0.86, -1.72, 3.2]",Commodities
FTSE 100,10901.09,2.3406438554343523,9.764101262865795,9095.73,10910.55,1814.8199999999997,"[0.42, 0.83, 0.34, -0.1, -0.27, -0.1, 0.2, 0.08, -0.19, 0.31]",Market Indices
Nasdaq 100,29722.3,0.08226179183894432,17.71277849175342,22953.38,30660.6,7707.2199999999975,"[-0.32, -0.98, -2.06, 3.36, 0.6, 1.78, 3.32, -0.83, -0.39, 1.19]",Market Indices
US Dollar Index,99.54,-1.2989588497768847,1.2408462164361402,96.22,101.61,5.390000000000001,"[-0.12, -0.52, -1.01, 0.05, 0.0, -0.02, -0.04, -0.18, 0.25, -0.39]",Market Indices
S&P 500,7757.64,2.9215528369749375,13.324665838872257,6340.0,7757.64,1417.6400000000003,"[0.02, 0.21, -1.52, 1.66, 0.7, 1.48, 1.79, -0.17, -0.18, 0.62]",Market Indices
Euro Stoxx 50,6526.65,2.0106251787665137,12.601833608800206,5263.29,6526.65,1263.3599999999997,"[0.02, 0.12, -0.65, 1.53, 0.21, 1.08, 0.94, -0.15, 0.39, 0.37]",Market Indices
MSCI World,5007.84,2.9331118940051017,13.028993946616474,4093.26,5007.84,914.5799999999999,"[0.14, 0.09, -1.16, 1.64, 0.54, 1.18, 1.47, 0.1, -0.15, 0.67]",Market Indices
US Small Cap 2000,3034.49,0.8290303501531735,22.26430450741566,2214.72,3036.98,822.2600000000002,"[0.62, 0.2, -1.61, 1.37, -0.5, 1.73, 1.85, -0.59, -0.58, 1.1]",Market Indices
CBOE Volatility Index,14.9,-4.303147077713551,-0.33444816053510995,13.47,31.05,17.58,"[0.48, -2.46, 13.45, -17.28, -6.44, -0.81, 4.04, -4.18, -4.17, -1.65]",Market Indices
Dow Jones Industrial Average,54036.93,1.8490305792512027,12.428695580348327,43968.64,54349.12,10380.480000000003,"[0.51, 1.03, -2.19, 1.19, 0.53, 1.32, 1.71, 0.49, -0.85, 0.28]",Market Indices
Bitcoin,64986.0,2.622814650115044,-26.827538139510278,58630.8,124725.1,66094.3,"[1.25, -2.92, -0.1, 1.19, -0.08, 0.92, 0.87, -0.54, 0.95, 0.11]",Cryptocurrency
Litecoin,45.55,3.829496238887622,-43.00550550550551,40.91,130.85,89.94,"[0.31, -2.79, -0.16, 1.01, -0.86, 1.24, 1.04, 0.29, 0.23, 0.03]",Cryptocurrency
Ethereum,1917.66,8.282419903104499,-36.16694072925058,1567.61,4831.21,3263.6000000000004,"[0.43, -2.94, -0.94, 2.18, -1.33, 0.53, 2.07, -0.26, 0.53, 0.19]",Cryptocurrency
XRP,1.0351,-6.873594242015297,-44.90925541540263,1.0211,3.3199,2.2988,"[0.86, -1.96, -0.1, 2.47, -1.01, -0.16, -1.09, -2.57, -1.32, 1.37]",Cryptocurrency
Dogecoin,0.070391,-5.078414714726871,-44.48527962018029,0.069068,0.289322,0.220254,"[0.66, -1.41, -0.66, 2.39, -0.8, -0.22, -0.04, -1.38, 0.83, 1.08]",Cryptocurrency
XLU ETF,43.61,-3.730684326710812,2.155071445303354,41.31,47.73,6.419999999999995,"[-1.32, -0.35, -1.34, -0.56, -0.69, 0.02, -0.56, -1.02, -0.64, 0.53]",ETFs - Sectors
XLB ETF,52.86,1.6929588303193588,16.560088202866588,42.23,53.62,11.39,"[0.25, 1.85, -1.15, -0.19, -2.34, 1.15, 1.94, 1.23, -0.89, 1.32]",ETFs - Sectors
XLP ETF,85.12,1.212841854934614,9.577754891864053,75.6,90.01,14.41000000000001,"[1.46, 1.99, 0.34, -2.16, -0.49, -0.22, 0.6, -0.05, -0.26, 0.01]",ETFs - Sectors
XLI ETF,185.18,-0.2047855141194198,19.37854564208355,147.83,186.4,38.56999999999999,"[0.3, -0.39, -3.19, 0.98, 0.81, 1.85, 1.77, -0.03, -0.85, 0.23]",ETFs - Sectors
XLC ETF,111.25,0.9436530260411998,-5.496092422697926,105.38,120.08,14.700000000000003,"[1.28, 1.87, -0.15, -2.68, 1.56, 2.86, 0.63, -1.04, 0.28, 0.06]",ETFs - Sectors
XLF ETF,57.6,2.600641254007839,5.167062260361508,47.81,58.0,10.189999999999998,"[1.01, 1.27, -1.6, 0.56, -0.11, 0.77, 0.87, 0.21, -0.33, -0.36]",ETFs - Sectors
XLRE ETF,44.98,1.5579137502822256,11.474597273853767,40.01,46.01,6.0,"[-0.41, 0.55, -0.11, -1.44, -0.51, 0.24, -0.02, 0.07, -0.86, 0.38]",ETFs - Sectors
XLE ETF,57.5,8.22510822510822,28.60657571013196,42.13,62.56,20.43,"[-2.11, -1.35, 1.88, 0.53, 1.0, -1.28, -0.46, -2.07, 1.48, -1.13]",ETFs - Sectors
XLV ETF,165.68,2.296863423067423,7.028423772609815,129.01,167.26,38.25,"[0.51, 2.36, -0.61, -1.64, -0.59, -0.19, -0.09, 1.27, 0.18, 0.75]",ETFs - Sectors
XLY ETF,119.86,1.5676637573086978,0.3768528598944836,105.66,124.52,18.86,"[1.31, 1.48, -0.77, 0.7, 3.29, 1.83, 0.07, 0.3, -0.46, 1.49]",ETFs - Sectors
XLK ETF,187.97,2.3969058124965983,30.561922622768634,127.5,198.21,70.71000000000001,"[-0.9, -1.84, -2.64, 5.5, -0.22, 1.53, 4.98, -0.53, -0.31, 1.42]",ETFs - Sectors
Canada 2-Year Bond Yield,2.965,8.528550512445083,14.47876447876448,2.353,3.067,0.714,"[-1.59, -1.41, -0.66, 0.32, -0.1, 2.28, -3.25, 0.25, 3.35, 1.26]",Short-Term Bonds
United States 2-Year Bond Yield,4.204,1.9151515151515086,20.97841726618704,3.379,4.36,0.9810000000000003,"[-0.3, -0.95, -0.96, -0.17, 1.47, -0.82, -1.46, -0.36, 1.58, -0.97]",Short-Term Bonds
Japan 2-Year Bond Yield,1.604,15.312724658519056,37.32876712328769,0.767,1.604,0.8370000000000001,"[-1.38, -0.8, -1.34, 0.47, 2.09, 3.31, 0.51, 0.0, -0.25, 2.43]",Short-Term Bonds
France 2-Year Bond Yield,2.922,7.3081160484759575,29.75133214920073,2.02,3.061,1.041,"[-1.26, -1.38, 2.22, -1.28, 1.73, -1.79, -1.94, 0.66, 0.73, -0.06]",Short-Term Bonds
United Kingdom 2-Year Bond Yield,4.2915,3.7195475638051083,15.54927302100162,3.52,4.578,1.0580000000000003,"[-0.73, -1.23, 2.81, -2.52, 1.57, -2.13, -1.78, 0.26, 1.19, -0.25]",Short-Term Bonds
Italy 2-Year Bond Yield,2.93,6.778425655976673,32.04146011716991,2.123,3.136,1.013,"[-2.0, -1.52, 3.21, -2.45, 1.67, -2.1, -2.16, 1.1, 1.25, -1.2]",Short-Term Bonds
Germany 2-Year Bond Yield,2.733,7.51376868607397,28.732925105982094,1.902,2.892,0.99,"[-1.33, -1.45, 2.21, -1.11, 1.43, -1.62, -1.77, 0.0, 0.86, -0.23]",Short-Term Bonds
Oracle,147.02,2.267668336115762,-24.570314504130106,114.99,328.33,213.33999999999997,"[4.27, 0.05, -1.85, 8.34, 1.81, 9.22, 2.74, -0.93, -0.64, 2.47]",Equities - Sector Constituents
Visa A,362.5,1.4695591322603219,3.3617518747683333,295.52,370.47,74.95000000000005,"[1.91, 1.12, 0.58, -0.67, -0.04, -0.13, 1.07, -0.28, 0.52, -2.15]",Equities - Sector Constituents
Linde PLC,489.98,-9.350255309701762,14.913576772438386,389.38,546.64,157.26,"[-1.03, 0.82, 0.0, -0.49, -5.95, 0.43, 0.87, 1.32, -0.19, -0.03]",Equities - Sector Constituents
NextEra Energy,84.65,-3.1907593778590946,5.443447932237175,69.77,97.88,28.11,"[-1.06, 0.51, -0.92, -0.6, -1.15, -0.43, 0.75, -1.48, -1.52, 0.06]",Equities - Sector Constituents
Pfizer,26.76,12.816188870151782,7.469879518072302,23.6,28.55,4.949999999999999,"[0.53, 2.35, -0.4, -0.95, 0.4, 0.08, 1.52, 1.57, 1.51, 2.14]",Equities - Sector Constituents
Exxon Mobil,153.04,12.166520082087361,27.17300980555093,105.83,171.47,65.64,"[-1.38, -1.12, 2.42, 0.14, -0.97, -0.24, -0.71, -1.51, 2.12, -1.16]",Equities - Sector Constituents
Coca-Cola,87.05,4.930086788813891,24.517236446860252,65.67,89.08,23.409999999999997,"[2.21, 5.0, 0.92, -0.66, -1.02, -0.83, -0.35, 0.31, 0.02, 0.23]",Equities - Sector Constituents
Boeing,234.42,-0.05116398055768933,7.967943994104634,179.12,252.15,73.03,"[0.95, 4.76, -3.41, 3.22, -2.15, 8.03, 1.57, 1.28, -3.33, 0.96]",Equities - Sector Constituents
Walt Disney,104.91,7.6994148444718205,-7.787641733321614,92.42,118.86,26.439999999999998,"[1.9, 2.32, -0.41, -2.36, 0.03, 2.03, 0.04, 3.65, 2.87, 0.22]",Equities - Sector Constituents
Prologis,140.16,-0.028530670470750388,9.791634027886573,104.08,150.06,45.980000000000004,"[-0.25, -0.1, -1.12, 0.49, -1.08, -0.32, -3.54, 1.23, -1.15, 0.73]",Equities - Sector Constituents
Home Depot,355.62,1.4173677456152938,3.3478639930252774,297.51,423.42,125.91000000000003,"[0.93, 2.49, -1.8, -1.45, -0.42, 2.43, 2.42, 1.41, -1.03, 1.75]",Equities - Sector Constituents
EWY ETF,166.09,-12.515143534369235,70.83933347047933,71.22,219.2,147.98,"[-1.08, -6.05, -4.78, 11.79, -2.55, 2.0, 6.8, -1.17, -2.97, 1.2]",ETFs - Countries
EWA ETF,30.41,7.342040240028245,16.113020236731572,24.95,30.41,5.460000000000001,"[0.56, 1.52, -0.72, 2.44, -1.61, 0.2, 2.45, 0.07, 0.07, 0.83]",ETFs - Countries
EWJ ETF,96.9,1.7109268395087747,20.014862521674527,76.03,96.97,20.939999999999998,"[0.33, -1.84, -0.53, 4.41, -0.96, 0.56, 1.83, 0.58, -0.01, 1.84]",ETFs - Countries
EWQ ETF,47.9,3.972216192750159,6.468104023116241,41.68,48.35,6.670000000000002,"[0.78, 0.84, -0.37, 2.11, 0.17, 0.99, 1.11, 0.02, 0.13, 0.63]",ETFs - Countries
EWC ETF,61.3,5.580434033758172,13.665863155942883,47.0,61.3,14.299999999999997,"[0.54, 0.76, -0.92, 0.84, -0.67, 0.44, 0.59, 1.3, -0.13, 0.99]",ETFs - Countries
EWL ETF,64.5,1.25588697017268,7.571714476317544,52.98,65.08,12.100000000000001,"[0.56, 1.27, -0.7, 1.8, -1.19, 0.02, 0.92, 0.67, -0.72, 1.22]",ETFs - Countries
EWI ETF,63.35,3.614654890415441,16.60224553653599,49.52,63.35,13.829999999999998,"[1.05, -0.49, -0.63, 2.61, -0.1, 1.28, 1.31, -0.03, -0.05, 0.3]",ETFs - Countries
INDY ETF,44.28,0.6592407365310279,-10.164333536214238,40.97,54.16,13.189999999999998,"[1.7, 1.09, -0.42, 0.76, 0.07, 0.94, 0.58, -0.33, -0.41, 0.43]",ETFs - Countries
EWP ETF,62.66,3.9482415394824075,16.230754961973663,46.16,62.66,16.5,"[1.64, -0.36, -1.77, 3.43, 0.07, 0.78, 0.06, 0.29, 0.19, 0.58]",ETFs - Countries
EWU ETF,48.64,3.0072003388394783,10.595725329695325,40.38,48.68,8.299999999999997,"[0.3, 0.95, 0.17, 1.63, -0.55, -0.37, 0.23, 0.06, -0.14, 0.7]",ETFs - Countries
EWG ETF,44.02,3.187998124707001,3.576470588235302,38.08,44.56,6.480000000000004,"[1.61, 0.34, 0.05, 2.24, -0.07, 1.24, 1.06, -0.46, -0.27, 1.15]",ETFs - Countries
EUSA ETF,117.99,2.2089397089397065,14.143368482151486,98.57,117.99,19.42,"[0.79, 0.92, -1.08, 0.06, -0.18, 1.19, 1.6, -0.33, -0.45, 1.05]",ETFs - Countries
EWH ETF,22.71,6.971267074894019,6.870588235294122,20.66,24.55,3.8900000000000006,"[1.02, 0.75, -0.22, 1.75, -0.94, -0.69, 0.0, -1.27, -0.62, 0.98]",ETFs - Countries
EIS ETF,123.64,0.5530253741054058,12.369353812596563,87.42,137.69,50.269999999999996,"[0.08, -0.76, -2.46, 2.8, 0.23, 0.25, 2.61, -2.03, 0.45, 2.33]",ETFs - Countries
VEA ETF,72.89,1.3910140492418974,16.680006403073477,57.34,72.89,15.549999999999997,"[0.42, -0.57, -0.93, 3.1, -0.66, 0.59, 1.66, 0.18, -0.32, 1.07]",ETFs - Popular
SLY ETF,85.46,6.042933366422621,3.9532903539715365,75.61,93.53,17.92,"[1.18, -0.43, -1.27, 0.77, 4.22, -2.14, 2.44, 2.31, -0.52, -0.62]",ETFs - Popular
SPY ETF,773.26,2.9256735171973194,13.394533083059601,631.97,773.26,141.28999999999996,"[0.02, 0.24, -1.54, 1.68, 0.72, 1.42, 1.8, -0.2, -0.16, 0.61]",ETFs - Popular
BIL ETF,91.48,0.054686645521160614,0.10943313635369722,91.27,91.77,0.5,"[0.01, 0.01, 0.01, 0.01, 0.03, -0.28, 0.0, 0.01, 0.02, 0.03]",ETFs - Popular
USMV ETF,100.62,2.7888446215139484,6.860662701784206,91.12,100.62,9.5,"[0.62, 1.04, -0.21, -0.52, 0.09, 0.35, 1.46, -0.01, 0.31, 0.62]",ETFs - Popular
TIP ETF,107.08,-1.2996589547423694,-2.5748339550541335,106.86,112.2,5.340000000000003,"[-0.1, 0.25, 0.1, -0.03, -0.1, -0.72, 0.18, -0.05, -0.12, 0.2]",ETFs - Popular
VTI ETF,381.78,2.7201549761885424,13.872401348167147,311.07,381.78,70.70999999999998,"[0.1, 0.22, -1.52, 1.62, 0.53, 1.53, 1.87, -0.31, -0.15, 0.71]",ETFs - Popular
AGG ETF,97.6,-1.074396918710726,-2.2827392871445746,97.26,101.4,4.140000000000001,"[0.24, 0.24, -0.38, 0.07, -0.26, -0.11, 0.41, 0.05, -0.29, 0.17]",ETFs - Popular
MDY ETF,709.16,1.7942755433066344,17.550722715820182,568.63,709.16,140.52999999999997,"[0.31, 0.02, -1.7, 0.89, -0.13, 1.13, 1.79, -0.64, -0.34, 1.37]",ETFs - Popular
GSG ETF,31.09,7.615091727241258,34.82220294882915,22.06,34.77,12.710000000000004,"[-3.91, -1.27, 3.35, -0.56, 0.28, -2.68, -2.34, 0.36, 1.67, 0.06]",ETFs - Popular
QQQ ETF,723.03,0.029052876234736544,17.69790496654784,558.28,746.16,187.88,"[-0.31, -0.97, -2.04, 3.3, 0.65, 1.76, 3.4, -0.9, -0.37, 1.17]",ETFs - Popular
EEM ETF,65.64,-2.8562971733017504,19.978066167062693,49.07,71.21,22.139999999999993,"[0.46, -1.98, -2.07, 4.13, 0.79, 0.36, 2.61, -0.42, -1.07, 0.95]",ETFs - Popular
VNQ ETF,98.43,1.2237762237762362,11.232907673183425,87.0,100.95,13.950000000000003,"[-0.27, 0.41, -0.29, -1.16, -0.54, 0.12, -0.15, 0.0, -0.89, 0.4]",ETFs - Popular
