date,Labour Participation Rate,Employment ex Agriculture,Unemployment Rate
1939-01-01,,29923,
1939-02-01,,30100,
1939-03-01,,30280,
1939-04-01,,30094,
1939-05-01,,30299,
1939-06-01,,30502,
1939-07-01,,30419,
1939-08-01,,30663,
1939-09-01,,31031,
1939-10-01,,31411,
1939-11-01,,31470,
1939-12-01,,31542,
1940-01-01,,31603,
1940-02-01,,31715,
1940-03-01,,31825,
1940-04-01,,31701,
1940-05-01,,31879,
1940-06-01,,31977,
1940-07-01,,31942,
1940-08-01,,32352,
1940-09-01,,32810,
1940-10-01,,33267,
1940-11-01,,33669,
1940-12-01,,34174,
1941-01-01,,34481,
1941-02-01,,34843,
1941-03-01,,35092,
1941-04-01,,35468,
1941-05-01,,36182,
1941-06-01,,36650,
1941-07-01,,37137,
1941-08-01,,37544,
1941-09-01,,37835,
1941-10-01,,37949,
1941-11-01,,38024,
1941-12-01,,38104,
1942-01-01,,38347,
1942-02-01,,38512,
1942-03-01,,38935,
1942-04-01,,39352,
1942-05-01,,39771,
1942-06-01,,40029,
1942-07-01,,40472,
1942-08-01,,40988,
1942-09-01,,41259,
1942-10-01,,41515,
1942-11-01,,41674,
1942-12-01,,41915,
1943-01-01,,42172,
1943-02-01,,42393,
1943-03-01,,42552,
1943-04-01,,42647,
1943-05-01,,42596,
1943-06-01,,42781,
1943-07-01,,42700,
1943-08-01,,42546,
1943-09-01,,42492,
1943-10-01,,42675,
1943-11-01,,42821,
1943-12-01,,42746,
1944-01-01,,42654,
1944-02-01,,42538,
1944-03-01,,42294,
1944-04-01,,42063,
1944-05-01,,41985,
1944-06-01,,41947,
1944-07-01,,41904,
1944-08-01,,41850,
1944-09-01,,41679,
1944-10-01,,41708,
1944-11-01,,41711,
1944-12-01,,41860,
1945-01-01,,41895,
1945-02-01,,41897,
1945-03-01,,41798,
1945-04-01,,41446,
1945-05-01,,41304,
1945-06-01,,41149,
1945-07-01,,40874,
1945-08-01,,40466,
1945-09-01,,38507,
1945-10-01,,38600,
1945-11-01,,38996,
1945-12-01,,39110,
1946-01-01,,39829,
1946-02-01,,39244,
1946-03-01,,40195,
1946-04-01,,40913,
1946-05-01,,41349,
1946-06-01,,41735,
1946-07-01,,42153,
1946-08-01,,42642,
1946-09-01,,42915,
1946-10-01,,43093,
1946-11-01,,43395,
1946-12-01,,43379,
1947-01-01,,43535,
1947-02-01,,43557,
1947-03-01,,43607,
1947-04-01,,43499,
1947-05-01,,43638,
1947-06-01,,43810,
1947-07-01,,43743,
1947-08-01,,43960,
1947-09-01,,44203,
1947-10-01,,44411,
1947-11-01,,44484,
1947-12-01,,44581,
1948-01-01,58.6,44679,3.4
1948-02-01,58.9,44533,3.8
1948-03-01,58.5,44683,4.0
1948-04-01,59.0,44379,3.9
1948-05-01,58.3,44796,3.5
1948-06-01,59.2,45034,3.6
1948-07-01,59.3,45160,3.6
1948-08-01,58.9,45178,3.9
1948-09-01,58.9,45294,3.8
1948-10-01,58.7,45245,3.7
1948-11-01,58.7,45192,3.8
1948-12-01,59.1,45032,4.0
1949-01-01,58.7,44668,4.3
1949-02-01,59.0,44497,4.7
1949-03-01,58.9,44240,5.0
1949-04-01,58.8,44236,5.3
1949-05-01,59.0,43984,6.1
1949-06-01,58.6,43739,6.2
1949-07-01,58.9,43531,6.7
1949-08-01,59.2,43624,6.8
1949-09-01,59.1,43780,6.6
1949-10-01,59.6,42942,7.9
1949-11-01,59.4,43242,6.4
1949-12-01,59.2,43522,6.6
1950-01-01,58.9,43526,6.5
1950-02-01,58.9,43297,6.4
1950-03-01,58.8,43954,6.3
1950-04-01,59.2,44382,5.8
1950-05-01,59.1,44718,5.5
1950-06-01,59.4,45083,5.4
1950-07-01,59.1,45454,5.0
1950-08-01,59.5,46192,4.5
1950-09-01,59.2,46438,4.4
1950-10-01,59.4,46706,4.2
1950-11-01,59.3,46776,4.2
1950-12-01,59.2,46861,4.3
1951-01-01,59.1,47288,3.7
1951-02-01,59.1,47577,3.4
1951-03-01,59.8,47873,3.4
1951-04-01,59.1,47861,3.1
1951-05-01,59.4,47952,3.0
1951-06-01,59.0,48064,3.2
1951-07-01,59.4,48061,3.1
1951-08-01,59.2,48012,3.1
1951-09-01,59.1,47954,3.3
1951-10-01,59.4,48006,3.5
1951-11-01,59.2,48147,3.5
1951-12-01,59.6,48314,3.1
1952-01-01,59.5,48296,3.2
1952-02-01,59.5,48522,3.1
1952-03-01,58.9,48504,2.9
1952-04-01,58.8,48620,2.9
1952-05-01,59.1,48642,3.0
1952-06-01,59.1,48282,3.0
1952-07-01,58.9,48143,3.2
1952-08-01,58.7,48924,3.4
1952-09-01,59.2,49320,3.1
1952-10-01,58.7,49597,3.0
1952-11-01,59.1,49816,2.8
1952-12-01,59.2,50166,2.7
1953-01-01,59.5,50144,2.9
1953-02-01,59.5,50339,2.6
1953-03-01,59.6,50473,2.6
1953-04-01,59.1,50435,2.7
1953-05-01,58.6,50490,2.5
1953-06-01,58.9,50519,2.5
1953-07-01,58.9,50536,2.6
1953-08-01,58.6,50489,2.7
1953-09-01,58.5,50368,2.9
1953-10-01,58.5,50240,3.1
1953-11-01,58.6,49908,3.5
1953-12-01,58.3,49703,4.5
1954-01-01,58.6,49469,4.9
1954-02-01,59.3,49382,5.2
1954-03-01,59.1,49157,5.7
1954-04-01,59.2,49179,5.9
1954-05-01,58.9,48965,5.9
1954-06-01,58.5,48895,5.6
1954-07-01,58.4,48835,5.8
1954-08-01,58.7,48826,6.0
1954-09-01,59.2,48886,6.1
1954-10-01,58.8,48942,5.7
1954-11-01,58.6,49180,5.3
1954-12-01,58.1,49331,5.0
1955-01-01,58.6,49496,4.9
1955-02-01,58.4,49644,4.7
1955-03-01,58.5,49962,4.6
1955-04-01,59.0,50248,4.7
1955-05-01,58.8,50512,4.3
1955-06-01,58.8,50790,4.2
1955-07-01,59.3,50987,4.0
1955-08-01,59.7,51111,4.2
1955-09-01,59.7,51266,4.1
1955-10-01,59.8,51429,4.3
1955-11-01,59.9,51592,4.2
1955-12-01,60.2,51805,4.2
1956-01-01,60.2,51975,4.0
1956-02-01,59.9,52167,3.9
1956-03-01,59.8,52294,4.2
1956-04-01,59.9,52375,4.0
1956-05-01,60.2,52506,4.3
1956-06-01,60.1,52586,4.3
1956-07-01,60.1,51955,4.4
1956-08-01,60.0,52631,4.1
1956-09-01,60.0,52604,3.9
1956-10-01,59.8,52777,3.9
1956-11-01,59.8,52821,4.3
1956-12-01,59.8,52929,4.2
1957-01-01,59.5,52887,4.2
1957-02-01,59.9,53097,3.9
1957-03-01,59.8,53156,3.7
1957-04-01,59.5,53238,3.9
1957-05-01,59.5,53150,4.1
1957-06-01,59.8,53067,4.3
1957-07-01,60.0,53123,4.2
1957-08-01,59.3,53128,4.1
1957-09-01,59.6,52934,4.4
1957-10-01,59.5,52763,4.5
1957-11-01,59.5,52558,5.1
1957-12-01,59.6,52384,5.2
1958-01-01,59.3,52076,5.8
1958-02-01,59.3,51576,6.4
1958-03-01,59.3,51299,6.7
1958-04-01,59.6,51027,7.4
1958-05-01,59.8,50914,7.4
1958-06-01,59.5,50914,7.3
1958-07-01,59.6,51039,7.5
1958-08-01,59.8,51233,7.4
1958-09-01,59.7,51506,7.1
1958-10-01,59.6,51485,6.7
1958-11-01,59.2,51944,6.2
1958-12-01,59.2,52085,6.2
1959-01-01,59.3,52478,6.0
1959-02-01,59.0,52688,5.9
1959-03-01,59.3,53014,5.6
1959-04-01,59.4,53321,5.2
1959-05-01,59.2,53550,5.1
1959-06-01,59.2,53681,5.0
1959-07-01,59.4,53804,5.1
1959-08-01,59.2,53336,5.2
1959-09-01,59.3,53428,5.5
1959-10-01,59.4,53358,5.7
1959-11-01,59.1,53634,5.8
1959-12-01,59.5,54174,5.3
1960-01-01,59.1,54274,5.2
1960-02-01,59.1,54513,4.8
1960-03-01,58.5,54454,5.4
1960-04-01,59.5,54813,5.2
1960-05-01,59.5,54475,5.1
1960-06-01,59.7,54348,5.4
1960-07-01,59.5,54306,5.5
1960-08-01,59.5,54272,5.6
1960-09-01,59.7,54227,5.5
1960-10-01,59.4,54142,6.1
1960-11-01,59.8,53961,6.1
1960-12-01,59.7,53742,6.6
1961-01-01,59.6,53683,6.6
1961-02-01,59.6,53557,6.9
1961-03-01,59.7,53659,6.9
1961-04-01,59.3,53627,7.0
1961-05-01,59.4,53786,7.1
1961-06-01,59.7,53977,6.9
1961-07-01,59.3,54123,7.0
1961-08-01,59.3,54298,6.6
1961-09-01,59.0,54388,6.7
1961-10-01,59.1,54522,6.5
1961-11-01,59.1,54742,6.1
1961-12-01,58.8,54872,6.0
1962-01-01,58.8,54891,5.8
1962-02-01,59.0,55188,5.5
1962-03-01,58.9,55275,5.6
1962-04-01,58.7,55602,5.6
1962-05-01,58.9,55628,5.5
1962-06-01,58.8,55644,5.5
1962-07-01,58.5,55746,5.4
1962-08-01,59.0,55838,5.7
1962-09-01,59.0,55978,5.6
1962-10-01,58.7,56041,5.4
1962-11-01,58.5,56056,5.7
1962-12-01,58.4,56028,5.5
1963-01-01,58.6,56115,5.7
1963-02-01,58.6,56230,5.9
1963-03-01,58.6,56320,5.7
1963-04-01,58.8,56580,5.7
1963-05-01,58.8,56616,5.9
1963-06-01,58.5,56659,5.6
1963-07-01,58.7,56794,5.6
1963-08-01,58.5,56910,5.4
1963-09-01,58.7,57078,5.5
1963-10-01,58.8,57283,5.5
1963-11-01,58.8,57255,5.7
1963-12-01,58.5,57361,5.5
1964-01-01,58.6,57487,5.6
1964-02-01,58.8,57753,5.4
1964-03-01,58.7,57897,5.4
1964-04-01,59.1,57922,5.3
1964-05-01,59.1,58089,5.1
1964-06-01,58.7,58219,5.2
1964-07-01,58.6,58412,4.9
1964-08-01,58.6,58619,5.0
1964-09-01,58.7,58903,5.1
1964-10-01,58.6,58793,5.1
1964-11-01,58.5,59218,4.8
1964-12-01,58.6,59421,5.0
1965-01-01,58.6,59582,4.9
1965-02-01,58.7,59800,5.1
1965-03-01,58.7,60003,4.7
1965-04-01,58.8,60259,4.8
1965-05-01,59.0,60491,4.6
1965-06-01,58.8,60690,4.6
1965-07-01,59.1,60965,4.4
1965-08-01,58.9,61228,4.4
1965-09-01,58.7,61490,4.3
1965-10-01,58.9,61719,4.2
1965-11-01,58.8,61996,4.1
1965-12-01,59.0,62322,4.0
1966-01-01,59.0,62529,4.0
1966-02-01,58.8,62796,3.8
1966-03-01,58.8,63192,3.8
1966-04-01,59.0,63437,3.8
1966-05-01,59.0,63712,3.9
1966-06-01,59.1,64111,3.8
1966-07-01,59.1,64301,3.8
1966-08-01,59.3,64507,3.8
1966-09-01,59.3,64643,3.7
1966-10-01,59.3,64854,3.7
1966-11-01,59.6,65019,3.6
1966-12-01,59.5,65199,3.8
1967-01-01,59.5,65407,3.9
1967-02-01,59.3,65429,3.8
1967-03-01,59.1,65530,3.8
1967-04-01,59.4,65466,3.8
1967-05-01,59.3,65620,3.8
1967-06-01,59.6,65750,3.9
1967-07-01,59.6,65888,3.8
1967-08-01,59.7,66143,3.8
1967-09-01,59.7,66164,3.8
1967-10-01,59.9,66225,4.0
1967-11-01,59.8,66703,3.9
1967-12-01,59.9,66900,3.8
1968-01-01,59.2,66804,3.7
1968-02-01,59.6,67215,3.8
1968-03-01,59.6,67295,3.7
1968-04-01,59.5,67556,3.5
1968-05-01,59.9,67652,3.5
1968-06-01,60.0,67905,3.7
1968-07-01,59.8,68126,3.7
1968-08-01,59.6,68330,3.5
1968-09-01,59.5,68484,3.4
1968-10-01,59.5,68721,3.4
1968-11-01,59.6,68984,3.4
1968-12-01,59.7,69248,3.4
1969-01-01,59.6,69439,3.4
1969-02-01,60.0,69699,3.4
1969-03-01,59.9,69905,3.4
1969-04-01,60.0,70072,3.4
1969-05-01,59.8,70328,3.4
1969-06-01,60.1,70636,3.5
1969-07-01,60.1,70729,3.5
1969-08-01,60.3,71008,3.5
1969-09-01,60.3,70914,3.7
1969-10-01,60.4,71121,3.7
1969-11-01,60.2,71086,3.5
1969-12-01,60.2,71241,3.5
1970-01-01,60.4,71176,3.9
1970-02-01,60.4,71305,4.2
1970-03-01,60.6,71451,4.4
1970-04-01,60.6,71348,4.6
1970-05-01,60.3,71124,4.8
1970-06-01,60.2,71029,4.9
1970-07-01,60.4,71053,5.0
1970-08-01,60.3,70937,5.1
1970-09-01,60.2,70944,5.4
1970-10-01,60.4,70521,5.5
1970-11-01,60.4,70409,5.9
1970-12-01,60.4,70792,6.1
1971-01-01,60.4,70865,5.9
1971-02-01,60.1,70807,5.9
1971-03-01,60.0,70860,6.0
1971-04-01,60.1,71036,5.9
1971-05-01,60.2,71247,5.9
1971-06-01,59.8,71254,5.9
1971-07-01,60.1,71315,6.0
1971-08-01,60.2,71373,6.1
1971-09-01,60.1,71614,6.0
1971-10-01,60.1,71642,5.8
1971-11-01,60.4,71847,6.0
1971-12-01,60.4,72109,6.0
1972-01-01,60.2,72441,5.8
1972-02-01,60.2,72648,5.7
1972-03-01,60.5,72944,5.8
1972-04-01,60.4,73162,5.7
1972-05-01,60.4,73469,5.7
1972-06-01,60.4,73758,5.7
1972-07-01,60.4,73709,5.6
1972-08-01,60.6,74141,5.6
1972-09-01,60.4,74264,5.5
1972-10-01,60.3,74674,5.6
1972-11-01,60.3,74973,5.3
1972-12-01,60.5,75268,5.2
1973-01-01,60.0,75617,4.9
1973-02-01,60.5,76014,5.0
1973-03-01,60.8,76284,4.9
1973-04-01,60.8,76455,5.0
1973-05-01,60.6,76648,4.9
1973-06-01,60.9,76887,4.9
1973-07-01,60.9,76913,4.8
1973-08-01,60.7,77168,4.8
1973-09-01,60.8,77276,4.8
1973-10-01,60.9,77607,4.6
1973-11-01,61.2,77920,4.8
1973-12-01,61.2,78031,4.9
1974-01-01,61.3,78100,5.1
1974-02-01,61.4,78254,5.2
1974-03-01,61.3,78296,5.1
1974-04-01,61.1,78382,5.1
1974-05-01,61.2,78549,5.1
1974-06-01,61.2,78604,5.4
1974-07-01,61.4,78636,5.5
1974-08-01,61.2,78619,5.5
1974-09-01,61.4,78610,5.9
1974-10-01,61.3,78630,6.0
1974-11-01,61.3,78265,6.6
1974-12-01,61.2,77652,7.2
1975-01-01,61.4,77293,8.1
1975-02-01,61.0,76918,8.1
1975-03-01,61.2,76648,8.6
1975-04-01,61.3,76460,8.8
1975-05-01,61.5,76624,9.0
1975-06-01,61.2,76521,8.8
1975-07-01,61.3,76770,8.6
1975-08-01,61.3,77153,8.4
1975-09-01,61.2,77228,8.4
1975-10-01,61.2,77540,8.4
1975-11-01,61.1,77685,8.3
1975-12-01,61.1,78017,8.2
1976-01-01,61.3,78503,7.9
1976-02-01,61.3,78816,7.7
1976-03-01,61.3,79048,7.6
1976-04-01,61.6,79292,7.7
1976-05-01,61.5,79312,7.4
1976-06-01,61.5,79376,7.6
1976-07-01,61.8,79547,7.8
1976-08-01,61.8,79704,7.8
1976-09-01,61.6,79892,7.6
1976-10-01,61.6,79911,7.7
1976-11-01,61.9,80240,7.8
1976-12-01,61.8,80448,7.8
1977-01-01,61.6,80690,7.5
1977-02-01,61.9,80988,7.6
1977-03-01,62.0,81391,7.4
1977-04-01,62.1,81728,7.2
1977-05-01,62.2,82088,7.0
1977-06-01,62.4,82488,7.2
1977-07-01,62.1,82834,6.9
1977-08-01,62.3,83075,7.0
1977-09-01,62.3,83532,6.8
1977-10-01,62.4,83800,6.8
1977-11-01,62.8,84173,6.8
1977-12-01,62.7,84410,6.4
1978-01-01,62.8,84594,6.4
1978-02-01,62.7,84948,6.3
1978-03-01,62.8,85460,6.3
1978-04-01,63.0,86162,6.1
1978-05-01,63.1,86509,6.0
1978-06-01,63.3,86950,5.9
1978-07-01,63.2,87204,6.2
1978-08-01,63.2,87483,5.9
1978-09-01,63.3,87621,6.0
1978-10-01,63.3,87956,5.8
1978-11-01,63.5,88391,5.9
1978-12-01,63.6,88671,6.0
1979-01-01,63.6,88808,5.9
1979-02-01,63.8,89055,5.9
1979-03-01,63.8,89479,5.8
1979-04-01,63.5,89417,5.8
1979-05-01,63.3,89789,5.6
1979-06-01,63.5,90108,5.7
1979-07-01,63.6,90217,5.7
1979-08-01,63.6,90300,6.0
1979-09-01,63.8,90327,5.9
1979-10-01,63.7,90481,6.0
1979-11-01,63.7,90573,5.9
1979-12-01,63.9,90672,6.0
1980-01-01,64.0,90800,6.3
1980-02-01,64.0,90883,6.3
1980-03-01,63.7,90994,6.3
1980-04-01,63.8,90849,6.9
1980-05-01,63.9,90420,7.5
1980-06-01,63.7,90101,7.6
1980-07-01,63.8,89840,7.8
1980-08-01,63.7,90099,7.7
1980-09-01,63.6,90213,7.5
1980-10-01,63.7,90490,7.5
1980-11-01,63.8,90747,7.5
1980-12-01,63.6,90943,7.2
1981-01-01,63.9,91033,7.5
1981-02-01,63.9,91105,7.4
1981-03-01,64.1,91210,7.4
1981-04-01,64.2,91283,7.2
1981-05-01,64.3,91296,7.5
1981-06-01,63.7,91490,7.5
1981-07-01,63.8,91601,7.2
1981-08-01,63.8,91565,7.4
1981-09-01,63.5,91477,7.6
1981-10-01,63.8,91380,7.9
1981-11-01,63.9,91171,8.3
1981-12-01,63.6,90895,8.5
1982-01-01,63.7,90565,8.6
1982-02-01,63.8,90563,8.9
1982-03-01,63.8,90434,9.0
1982-04-01,63.9,90150,9.3
1982-05-01,64.2,90107,9.4
1982-06-01,63.9,89865,9.6
1982-07-01,64.0,89521,9.8
1982-08-01,64.1,89363,9.8
1982-09-01,64.1,89183,10.1
1982-10-01,64.1,88907,10.4
1982-11-01,64.2,88786,10.8
1982-12-01,64.1,88771,10.8
1983-01-01,63.9,88990,10.4
1983-02-01,63.8,88917,10.4
1983-03-01,63.7,89090,10.3
1983-04-01,63.8,89364,10.2
1983-05-01,63.7,89644,10.1
1983-06-01,64.3,90021,10.1
1983-07-01,64.1,90437,9.4
1983-08-01,64.3,90129,9.5
1983-09-01,64.3,91247,9.2
1983-10-01,64.0,91520,8.8
1983-11-01,64.1,91875,8.5
1983-12-01,64.1,92230,8.3
1984-01-01,63.9,92673,8.0
1984-02-01,64.1,93157,7.8
1984-03-01,64.1,93429,7.8
1984-04-01,64.3,93792,7.7
1984-05-01,64.5,94098,7.4
1984-06-01,64.6,94479,7.2
1984-07-01,64.6,94789,7.5
1984-08-01,64.4,95032,7.5
1984-09-01,64.4,95344,7.3
1984-10-01,64.4,95629,7.4
1984-11-01,64.5,95982,7.2
1984-12-01,64.6,96107,7.3
1985-01-01,64.7,96372,7.3
1985-02-01,64.7,96503,7.2
1985-03-01,64.9,96842,7.2
1985-04-01,64.9,97038,7.3
1985-05-01,64.8,97312,7.2
1985-06-01,64.6,97459,7.4
1985-07-01,64.7,97648,7.4
1985-08-01,64.6,97840,7.1
1985-09-01,64.9,98045,7.1
1985-10-01,65.0,98233,7.1
1985-11-01,64.9,98443,7.0
1985-12-01,65.0,98609,7.0
1986-01-01,64.9,98732,6.7
1986-02-01,65.0,98847,7.2
1986-03-01,65.1,98934,7.2
1986-04-01,65.1,99121,7.1
1986-05-01,65.2,99248,7.2
1986-06-01,65.4,99155,7.2
1986-07-01,65.4,99473,7.0
1986-08-01,65.3,99588,6.9
1986-09-01,65.4,99934,7.0
1986-10-01,65.4,100121,7.0
1986-11-01,65.4,100308,6.9
1986-12-01,65.3,100509,6.6
1987-01-01,65.4,100678,6.6
1987-02-01,65.5,100919,6.6
1987-03-01,65.5,101164,6.6
1987-04-01,65.4,101499,6.3
1987-05-01,65.7,101728,6.3
1987-06-01,65.5,101900,6.2
1987-07-01,65.6,102247,6.1
1987-08-01,65.7,102420,6.0
1987-09-01,65.5,102647,5.9
1987-10-01,65.7,103138,6.0
1987-11-01,65.7,103372,5.8
1987-12-01,65.7,103661,5.7
1988-01-01,65.8,103753,5.7
1988-02-01,65.9,104214,5.7
1988-03-01,65.7,104489,5.7
1988-04-01,65.8,104732,5.4
1988-05-01,65.7,104962,5.6
1988-06-01,65.8,105326,5.4
1988-07-01,65.9,105550,5.4
1988-08-01,66.1,105674,5.6
1988-09-01,65.9,106013,5.4
1988-10-01,66.0,106276,5.4
1988-11-01,66.2,106617,5.3
1988-12-01,66.1,106898,5.3
1989-01-01,66.5,107161,5.4
1989-02-01,66.3,107427,5.2
1989-03-01,66.3,107621,5.0
1989-04-01,66.4,107791,5.2
1989-05-01,66.3,107913,5.2
1989-06-01,66.5,108027,5.3
1989-07-01,66.5,108069,5.2
1989-08-01,66.5,108120,5.2
1989-09-01,66.4,108369,5.3
1989-10-01,66.5,108476,5.3
1989-11-01,66.6,108752,5.4
1989-12-01,66.5,108836,5.4
1990-01-01,66.8,109196,5.4
1990-02-01,66.7,109436,5.3
1990-03-01,66.7,109640,5.2
1990-04-01,66.6,109674,5.4
1990-05-01,66.6,109828,5.4
1990-06-01,66.4,109850,5.2
1990-07-01,66.5,109815,5.5
1990-08-01,66.5,109607,5.7
1990-09-01,66.4,109522,5.9
1990-10-01,66.4,109377,5.9
1990-11-01,66.4,109222,6.2
1990-12-01,66.4,109168,6.3
1991-01-01,66.2,109058,6.4
1991-02-01,66.2,108735,6.6
1991-03-01,66.3,108568,6.8
1991-04-01,66.4,108350,6.7
1991-05-01,66.2,108253,6.9
1991-06-01,66.2,108330,6.9
1991-07-01,66.1,108290,6.8
1991-08-01,66.0,108300,6.9
1991-09-01,66.2,108335,6.9
1991-10-01,66.1,108361,7.0
1991-11-01,66.1,108300,7.0
1991-12-01,66.0,108330,7.3
1992-01-01,66.3,108365,7.3
1992-02-01,66.2,108312,7.4
1992-03-01,66.4,108367,7.4
1992-04-01,66.5,108516,7.4
1992-05-01,66.6,108646,7.6
1992-06-01,66.7,108706,7.8
1992-07-01,66.7,108793,7.7
1992-08-01,66.6,108916,7.6
1992-09-01,66.5,108951,7.6
1992-10-01,66.2,109139,7.3
1992-11-01,66.3,109283,7.4
1992-12-01,66.3,109502,7.4
1993-01-01,66.2,109790,7.3
1993-02-01,66.2,110047,7.1
1993-03-01,66.2,110004,7.0
1993-04-01,66.1,110300,7.1
1993-05-01,66.4,110571,7.1
1993-06-01,66.5,110742,7.0
1993-07-01,66.4,111054,6.9
1993-08-01,66.4,111200,6.8
1993-09-01,66.2,111448,6.7
1993-10-01,66.3,111734,6.8
1993-11-01,66.3,111987,6.6
1993-12-01,66.4,112325,6.5
1994-01-01,66.6,112601,6.6
1994-02-01,66.6,112782,6.6
1994-03-01,66.5,113245,6.5
1994-04-01,66.5,113589,6.4
1994-05-01,66.6,113922,6.1
1994-06-01,66.4,114239,6.1
1994-07-01,66.4,114608,6.1
1994-08-01,66.6,114902,6.0
1994-09-01,66.6,115246,5.9
1994-10-01,66.7,115457,5.8
1994-11-01,66.7,115867,5.6
1994-12-01,66.7,116174,5.5
1995-01-01,66.8,116505,5.6
1995-02-01,66.8,116694,5.4
1995-03-01,66.7,116908,5.4
1995-04-01,66.9,117066,5.8
1995-05-01,66.5,117046,5.6
1995-06-01,66.5,117291,5.6
1995-07-01,66.6,117382,5.7
1995-08-01,66.6,117646,5.7
1995-09-01,66.6,117873,5.6
1995-10-01,66.6,118026,5.5
1995-11-01,66.5,118165,5.6
1995-12-01,66.4,118325,5.6
1996-01-01,66.4,118317,5.6
1996-02-01,66.6,118738,5.5
1996-03-01,66.6,118992,5.5
1996-04-01,66.7,119158,5.6
1996-05-01,66.7,119497,5.6
1996-06-01,66.7,119770,5.3
1996-07-01,66.9,120019,5.5
1996-08-01,66.7,120198,5.1
1996-09-01,66.9,120400,5.2
1996-10-01,67.0,120665,5.2
1996-11-01,67.0,120947,5.4
1996-12-01,67.0,121143,5.4
1997-01-01,67.0,121356,5.3
1997-02-01,66.9,121673,5.2
1997-03-01,67.1,121991,5.2
1997-04-01,67.1,122289,5.1
1997-05-01,67.1,122560,4.9
1997-06-01,67.1,122816,5.0
1997-07-01,67.2,123114,4.9
1997-08-01,67.2,123087,4.8
1997-09-01,67.1,123575,4.9
1997-10-01,67.1,123924,4.7
1997-11-01,67.2,124225,4.6
1997-12-01,67.2,124549,4.7
1998-01-01,67.1,124806,4.6
1998-02-01,67.1,125017,4.6
1998-03-01,67.1,125165,4.7
1998-04-01,67.0,125445,4.3
1998-05-01,67.0,125845,4.4
1998-06-01,67.0,126076,4.5
1998-07-01,67.0,126212,4.5
1998-08-01,67.0,126546,4.5
1998-09-01,67.2,126744,4.6
1998-10-01,67.2,126949,4.5
1998-11-01,67.1,127222,4.4
1998-12-01,67.2,127595,4.4
1999-01-01,67.2,127699,4.3
1999-02-01,67.2,128117,4.4
1999-03-01,67.0,128234,4.2
1999-04-01,67.1,128595,4.3
1999-05-01,67.1,128813,4.2
1999-06-01,67.1,129084,4.3
1999-07-01,67.1,129422,4.3
1999-08-01,67.0,129572,4.2
1999-09-01,67.0,129771,4.2
1999-10-01,67.0,130178,4.1
1999-11-01,67.1,130466,4.1
1999-12-01,67.1,130783,4.0
2000-01-01,67.3,131011,4.0
2000-02-01,67.3,131120,4.1
2000-03-01,67.3,131604,4.0
2000-04-01,67.3,131884,3.8
2000-05-01,67.1,132105,4.0
2000-06-01,67.1,132063,4.0
2000-07-01,66.9,132228,4.0
2000-08-01,66.9,132234,4.1
2000-09-01,66.9,132337,3.9
2000-10-01,66.8,132352,3.9
2000-11-01,66.9,132556,3.9
2000-12-01,67.0,132716,3.9
2001-01-01,67.2,132703,4.2
2001-02-01,67.1,132788,4.2
2001-03-01,67.2,132751,4.3
2001-04-01,66.9,132458,4.4
2001-05-01,66.7,132408,4.3
2001-06-01,66.7,132300,4.5
2001-07-01,66.8,132172,4.6
2001-08-01,66.5,132021,4.9
2001-09-01,66.8,131763,5.0
2001-10-01,66.7,131452,5.3
2001-11-01,66.7,131144,5.5
2001-12-01,66.7,130983,5.7
2002-01-01,66.5,130859,5.7
2002-02-01,66.8,130737,5.7
2002-03-01,66.6,130722,5.7
2002-04-01,66.7,130616,5.9
2002-05-01,66.7,130632,5.8
2002-06-01,66.6,130674,5.8
2002-07-01,66.5,130584,5.8
2002-08-01,66.6,130581,5.7
2002-09-01,66.7,130502,5.7
2002-10-01,66.6,130617,5.7
2002-11-01,66.4,130616,5.9
2002-12-01,66.3,130465,6.0
2003-01-01,66.4,130573,5.8
2003-02-01,66.4,130441,5.9
2003-03-01,66.3,130235,5.9
2003-04-01,66.4,130173,6.0
2003-05-01,66.4,130197,6.1
2003-06-01,66.5,130186,6.3
2003-07-01,66.2,130184,6.2
2003-08-01,66.1,130153,6.1
2003-09-01,66.1,130252,6.1
2003-10-01,66.1,130439,6.0
2003-11-01,66.1,130480,5.8
2003-12-01,65.9,130589,5.7
2004-01-01,66.1,130756,5.7
2004-02-01,66.0,130821,5.6
2004-03-01,66.0,131140,5.8
2004-04-01,65.9,131412,5.6
2004-05-01,66.0,131697,5.6
2004-06-01,66.1,131794,5.6
2004-07-01,66.1,131854,5.5
2004-08-01,66.0,131939,5.4
2004-09-01,65.8,132089,5.4
2004-10-01,65.9,132429,5.5
2004-11-01,66.0,132503,5.4
2004-12-01,65.9,132630,5.4
2005-01-01,65.8,132781,5.3
2005-02-01,65.9,133034,5.4
2005-03-01,65.9,133154,5.2
2005-04-01,66.1,133520,5.2
2005-05-01,66.1,133689,5.1
2005-06-01,66.1,133948,5.0
2005-07-01,66.1,134300,5.0
2005-08-01,66.2,134502,4.9
2005-09-01,66.1,134552,5.0
2005-10-01,66.1,134641,5.0
2005-11-01,66.0,134997,5.0
2005-12-01,66.0,135159,4.9
2006-01-01,66.0,135427,4.7
2006-02-01,66.1,135733,4.8
2006-03-01,66.2,136038,4.7
2006-04-01,66.1,136210,4.7
2006-05-01,66.1,136249,4.6
2006-06-01,66.2,136337,4.6
2006-07-01,66.1,136529,4.7
2006-08-01,66.2,136692,4.7
2006-09-01,66.1,136826,4.5
2006-10-01,66.2,136843,4.4
2006-11-01,66.3,137060,4.5
2006-12-01,66.4,137249,4.4
2007-01-01,66.4,137472,4.6
2007-02-01,66.3,137560,4.5
2007-03-01,66.2,137784,4.4
2007-04-01,65.9,137847,4.5
2007-05-01,66.0,137992,4.4
2007-06-01,66.0,138070,4.6
2007-07-01,66.0,138044,4.7
2007-08-01,65.8,138013,4.6
2007-09-01,66.0,138099,4.7
2007-10-01,65.8,138175,4.7
2007-11-01,66.0,138290,4.7
2007-12-01,66.0,138395,5.0
2008-01-01,66.2,138391,5.0
2008-02-01,66.0,138329,4.9
2008-03-01,66.1,138259,5.1
2008-04-01,65.9,138040,5.0
2008-05-01,66.1,137851,5.4
2008-06-01,66.1,137700,5.6
2008-07-01,66.1,137497,5.8
2008-08-01,66.1,137211,6.1
2008-09-01,66.0,136760,6.1
2008-10-01,66.0,136291,6.5
2008-11-01,65.9,135541,6.8
2008-12-01,65.8,134847,7.3
2009-01-01,65.7,134079,7.8
2009-02-01,65.8,133318,8.3
2009-03-01,65.6,132494,8.7
2009-04-01,65.7,131822,9.0
2009-05-01,65.7,131466,9.4
2009-06-01,65.7,131008,9.5
2009-07-01,65.5,130662,9.5
2009-08-01,65.4,130472,9.6
2009-09-01,65.1,130246,9.8
2009-10-01,65.0,130061,10.0
2009-11-01,65.0,130057,9.9
2009-12-01,64.6,129808,9.9
2010-01-01,64.8,129802,9.8
2010-02-01,64.9,129706,9.8
2010-03-01,64.9,129866,9.9
2010-04-01,65.2,130120,9.9
2010-05-01,64.9,130642,9.6
2010-06-01,64.6,130510,9.4
2010-07-01,64.6,130415,9.4
2010-08-01,64.7,130415,9.5
2010-09-01,64.6,130341,9.5
2010-10-01,64.4,130620,9.4
2010-11-01,64.6,130749,9.8
2010-12-01,64.3,130830,9.3
2011-01-01,64.2,130837,9.1
2011-02-01,64.1,131057,9.0
2011-03-01,64.2,131283,9.0
2011-04-01,64.2,131597,9.1
2011-05-01,64.1,131703,9.0
2011-06-01,64.0,131931,9.1
2011-07-01,64.0,131992,9.0
2011-08-01,64.1,132125,9.0
2011-09-01,64.2,132344,9.0
2011-10-01,64.1,132553,8.8
2011-11-01,64.1,132690,8.6
2011-12-01,64.0,132888,8.5
2012-01-01,63.7,133246,8.3
2012-02-01,63.8,133509,8.3
2012-03-01,63.8,133748,8.2
2012-04-01,63.7,133825,8.2
2012-05-01,63.7,133932,8.2
2012-06-01,63.8,134013,8.2
2012-07-01,63.7,134157,8.2
2012-08-01,63.5,134339,8.1
2012-09-01,63.6,134517,7.8
2012-10-01,63.8,134669,7.8
2012-11-01,63.6,134825,7.7
2012-12-01,63.7,135074,7.9
2013-01-01,63.7,135257,8.0
2013-02-01,63.4,135546,7.7
2013-03-01,63.3,135689,7.5
2013-04-01,63.4,135873,7.6
2013-05-01,63.4,136096,7.5
2013-06-01,63.4,136279,7.5
2013-07-01,63.3,136391,7.3
2013-08-01,63.3,136646,7.2
2013-09-01,63.2,136821,7.2
2013-10-01,62.8,137041,7.2
2013-11-01,63.0,137317,6.9
2013-12-01,62.9,137372,6.7
2014-01-01,62.9,137561,6.6
2014-02-01,62.9,137712,6.7
2014-03-01,63.1,137985,6.7
2014-04-01,62.8,138298,6.2
2014-05-01,62.9,138513,6.3
2014-06-01,62.8,138849,6.1
2014-07-01,62.9,139072,6.2
2014-08-01,62.9,139269,6.1
2014-09-01,62.8,139563,5.9
2014-10-01,62.9,139798,5.7
2014-11-01,62.9,140089,5.8
2014-12-01,62.8,140364,5.6
2015-01-01,62.9,140568,5.7
2015-02-01,62.7,140827,5.5
2015-03-01,62.6,140923,5.4
2015-04-01,62.8,141196,5.4
2015-05-01,62.9,141538,5.6
2015-06-01,62.7,141709,5.3
2015-07-01,62.6,141991,5.2
2015-08-01,62.6,142125,5.1
2015-09-01,62.4,142275,5.0
2015-10-01,62.5,142579,5.0
2015-11-01,62.5,142808,5.1
2015-12-01,62.7,143077,5.0
2016-01-01,62.7,143210,4.8
2016-02-01,62.8,143406,4.9
2016-03-01,63.0,143662,5.0
2016-04-01,62.9,143854,5.1
2016-05-01,62.7,143900,4.8
2016-06-01,62.7,144147,4.9
2016-07-01,62.8,144520,4.8
2016-08-01,62.9,144661,4.9
2016-09-01,62.9,144967,5.0
2016-10-01,62.8,145065,4.9
2016-11-01,62.7,145183,4.7
2016-12-01,62.7,145408,4.7
2017-01-01,62.8,145628,4.7
2017-02-01,62.9,145846,4.6
2017-03-01,62.9,145970,4.4
2017-04-01,63.0,146175,4.4
2017-05-01,62.8,146380,4.4
2017-06-01,62.8,146583,4.3
2017-07-01,62.9,146772,4.3
2017-08-01,62.9,146919,4.4
2017-09-01,63.1,147008,4.3
2017-10-01,62.7,147149,4.2
2017-11-01,62.7,147372,4.2
2017-12-01,62.7,147523,4.1
2018-01-01,62.7,147660,4.0
2018-02-01,63.0,148054,4.1
2018-03-01,62.9,148280,4.0
2018-04-01,62.9,148420,4.0
2018-05-01,62.9,148742,3.8
2018-06-01,63.0,148960,4.0
2018-07-01,63.0,149020,3.8
2018-08-01,62.6,149277,3.8
2018-09-01,62.8,149358,3.7
2018-10-01,62.9,149527,3.8
2018-11-01,62.9,149617,3.8
2018-12-01,63.0,149809,3.9
2019-01-01,63.1,150060,4.0
2019-02-01,63.1,150067,3.8
2019-03-01,63.0,150295,3.8
2019-04-01,62.8,150591,3.7
2019-05-01,62.9,150618,3.6
2019-06-01,63.0,150838,3.6
2019-07-01,63.1,150937,3.7
2019-08-01,63.1,151169,3.6
2019-09-01,63.2,151365,3.5
2019-10-01,63.3,151460,3.6
2019-11-01,63.3,151667,3.6
2019-12-01,63.3,151794,3.6
2020-01-01,63.3,152031,3.6
2020-02-01,63.3,152293,3.5
2020-03-01,62.6,150895,4.4
2020-04-01,60.1,130426,14.8
2020-05-01,60.8,133040,13.2
2020-06-01,61.5,137671,11.0
2020-07-01,61.5,139255,10.2
2020-08-01,61.7,140821,8.4
2020-09-01,61.4,141770,7.8
2020-10-01,61.7,142460,6.9
2020-11-01,61.5,142733,6.7
2020-12-01,61.5,142548,6.7
2021-01-01,61.4,142863,6.4
2021-02-01,61.4,143380,6.2
2021-03-01,61.5,144232,6.1
2021-04-01,61.6,144587,6.1
2021-05-01,61.6,145065,5.8
2021-06-01,61.7,145820,5.9
2021-07-01,61.8,146762,5.4
2021-08-01,61.7,147314,5.1
2021-09-01,61.7,147771,4.7
2021-10-01,61.8,148572,4.5
2021-11-01,61.9,149230,4.1
2021-12-01,62.0,149816,3.9
2022-01-01,62.2,150006,4.0
2022-02-01,62.3,150825,3.9
2022-03-01,62.4,151315,3.7
2022-04-01,62.2,151623,3.7
2022-05-01,62.3,151924,3.6
2022-06-01,62.2,152358,3.6
2022-07-01,62.1,153072,3.5
2022-08-01,62.3,153362,3.6
2022-09-01,62.2,153582,3.5
2022-10-01,62.2,153939,3.6
2022-11-01,62.1,154242,3.6
2022-12-01,62.3,154342,3.5
2023-01-01,62.4,154776,3.5
2023-02-01,62.5,155066,3.6
2023-03-01,62.6,155134,3.5
2023-04-01,62.6,155375,3.4
2023-05-01,62.6,155655,3.6
2023-06-01,62.6,155880,3.6
2023-07-01,62.6,156043,3.5
2023-08-01,62.8,156261,3.7
2023-09-01,62.7,156417,3.7
2023-10-01,62.6,156576,3.9
2023-11-01,62.8,156703,3.7
2023-12-01,62.5,156857,3.8
2024-01-01,62.5,157032,3.7
2024-02-01,62.6,157238,3.9
2024-03-01,62.7,157466,3.9
2024-04-01,62.6,157530,3.9
2024-05-01,62.6,157608,3.9
2024-06-01,62.6,157695,4.1
2024-07-01,62.7,157748,4.2
2024-08-01,62.7,157757,4.2
2024-09-01,62.7,157912,4.1
2024-10-01,62.5,157945,4.1
2024-11-01,62.4,158079,4.2
2024-12-01,62.5,158316,4.1
2025-01-01,62.6,158268,4.0
2025-02-01,62.5,158310,4.2
2025-03-01,62.5,158377,4.2
2025-04-01,62.6,158485,4.2
2025-05-01,62.4,158498,4.3
2025-06-01,62.3,158478,4.1
2025-07-01,62.2,158542,4.3
2025-08-01,62.3,158472,4.3
2025-09-01,62.5,158548,4.4
2025-10-01,62.5,158408,4.4
2025-11-01,62.5,158449,4.5
2025-12-01,62.4,158497,4.4
2026-01-01,62.5,158627,4.3