date,FR.INDU,FR.SERV,FR.CONS,FR.RETA,FR.BUIL,FR.ESI,FR.EEI
2000-01-01,6.6,12.1,-1.4,-3.9,28.0,117.3,114.2
2000-02-01,9.6,11.4,-1.9,-3.2,24.8,118.8,111.2
2000-03-01,11.7,11.1,-1.0,0.9,29.9,121.2,109.3
2000-04-01,12.4,9.5,0.2,-2.1,32.8,120.8,105.7
2000-05-01,13.4,11.8,-0.1,-6.1,30.3,120.7,112.5
2000-06-01,15.3,14.4,-0.1,-4.9,39.4,123.2,119.0
2000-07-01,14.0,10.0,1.2,-1.4,41.5,122.2,113.9
2000-08-01,13.8,12.0,-0.9,-1.7,42.3,121.9,117.3
2000-09-01,13.3,13.7,-3.1,-3.1,42.9,121.3,119.8
2000-10-01,13.1,12.3,-0.8,-7.5,42.7,122.3,114.0
2000-11-01,11.8,9.7,-0.7,-12.2,36.4,119.1,118.4
2000-12-01,5.8,10.4,1.3,-9.7,36.2,116.7,124.1
2001-01-01,4.6,10.8,1.9,-0.6,32.1,116.9,119.2
2001-02-01,5.5,13.5,0.4,-3.1,30.2,117.5,118.5
2001-03-01,2.4,14.7,-0.8,-3.5,21.6,115.5,117.4
2001-04-01,-1.6,11.4,-1.3,-11.4,23.3,111.3,114.1
2001-05-01,-2.1,7.3,-4.7,-12.3,23.3,107.0,111.6
2001-06-01,-1.9,6.4,-4.8,-7.7,23.5,107.8,110.8
2001-07-01,-3.8,1.2,-4.7,-9.5,16.3,104.8,104.2
2001-08-01,-7.8,1.0,-6.1,-8.6,14.2,101.5,103.2
2001-09-01,-12.1,0.7,-7.6,-9.0,11.9,98.0,101.3
2001-10-01,-13.8,-7.5,-6.5,-9.0,5.5,95.0,113.9
2001-11-01,-19.1,-8.4,-5.0,-11.0,12.6,92.1,102.6
2001-12-01,-15.0,-8.5,-4.1,-12.3,11.9,94.2,103.5
2002-01-01,-10.9,-5.7,-4.1,-0.9,7.2,99.3,99.2
2002-02-01,-9.1,-3.3,-4.0,-6.5,9.0,100.8,104.6
2002-03-01,-7.2,0.7,-3.8,-10.8,9.7,103.1,102.2
2002-04-01,-7.4,4.7,-5.3,-12.2,4.8,104.0,108.3
2002-05-01,-1.9,5.4,-2.2,-9.0,3.8,108.6,107.0
2002-06-01,-3.7,0.7,-3.0,-12.3,3.3,105.2,105.7
2002-07-01,-7.7,-2.9,-4.3,-11.6,0.2,101.2,106.3
2002-08-01,-7.2,-4.4,-5.4,-8.1,-6.1,100.1,100.1
2002-09-01,-7.1,-5.5,-6.7,-5.5,-11.9,99.0,92.8
2002-10-01,-8.8,-5.3,-5.3,-10.8,-6.9,98.7,95.7
2002-11-01,-9.6,-5.2,-5.1,-8.1,-13.3,97.7,104.4
2002-12-01,-5.4,-1.5,-4.5,-9.4,-12.8,102.0,97.7
2003-01-01,-6.0,-5.2,-6.8,-8.6,-5.6,100.9,98.5
2003-02-01,-8.8,-3.1,-9.2,-15.6,-4.8,98.6,96.3
2003-03-01,-12.2,-8.3,-11.4,-19.2,-7.9,93.9,92.5
2003-04-01,-10.9,-9.7,-10.0,-20.6,-4.4,95.3,92.7
2003-05-01,-10.7,-7.0,-10.1,-15.5,-4.7,97.1,91.5
2003-06-01,-13.5,-7.2,-10.0,-13.7,-7.5,95.5,93.5
2003-07-01,-9.8,-5.2,-9.6,-15.0,-5.1,97.3,94.7
2003-08-01,-10.8,-4.5,-10.1,-18.8,-2.4,96.7,96.7
2003-09-01,-12.1,-3.4,-10.8,-22.5,1.1,96.1,97.1
2003-10-01,-9.5,-3.2,-10.0,-18.5,0.3,97.6,95.4
2003-11-01,-4.6,-1.7,-9.7,-14.1,2.0,102.4,93.1
2003-12-01,-6.7,0.9,-8.8,-16.8,11.9,102.0,101.2
2004-01-01,-6.1,9.0,-6.3,-3.6,8.8,106.2,103.2
2004-02-01,-7.5,9.8,-7.1,-4.9,1.1,105.3,99.7
2004-03-01,-5.2,7.7,-7.1,-4.7,0.0,105.8,98.9
2004-04-01,-5.8,7.1,-9.5,-4.9,8.0,104.1,97.0
2004-05-01,-2.2,6.3,-8.1,-6.0,3.8,106.8,106.0
2004-06-01,-2.2,5.9,-8.4,-4.0,-2.6,106.6,101.3
2004-07-01,-3.5,8.6,-7.9,-0.4,0.0,106.6,104.2
2004-08-01,-3.6,7.5,-7.5,-2.0,0.5,105.9,102.6
2004-09-01,-4.1,6.8,-7.2,-1.8,1.3,105.2,99.3
2004-10-01,-3.3,7.1,-6.6,-0.5,1.1,107.6,99.1
2004-11-01,-4.9,5.7,-8.0,-7.5,7.1,104.7,100.0
2004-12-01,-2.5,10.6,-6.9,-6.1,5.5,108.2,99.1
2005-01-01,-5.3,8.8,-8.3,1.1,4.5,105.4,102.5
2005-02-01,-6.5,5.8,-8.0,-2.4,5.5,103.8,100.3
2005-03-01,-10.3,6.7,-7.4,-1.3,5.6,101.9,103.6
2005-04-01,-11.2,6.6,-10.0,0.4,9.8,100.9,105.1
2005-05-01,-11.8,7.2,-12.9,-3.9,8.6,98.4,102.1
2005-06-01,-9.5,10.9,-8.9,-6.0,9.4,102.8,102.6
2005-07-01,-7.5,11.3,-11.3,-9.4,10.1,103.4,101.4
2005-08-01,-8.5,11.1,-9.2,-8.0,11.0,103.6,102.8
2005-09-01,-10.1,10.9,-7.3,-7.5,12.1,103.5,102.0
2005-10-01,-5.7,9.8,-12.5,-7.3,13.7,103.9,104.4
2005-11-01,-8.3,9.0,-13.9,-6.4,17.2,101.3,100.8
2005-12-01,-4.3,6.2,-10.5,-5.4,14.7,103.4,101.7
2006-01-01,-4.3,9.4,-9.1,-5.5,18.7,105.9,102.2
2006-02-01,-2.6,8.4,-9.7,-3.0,19.7,105.5,101.8
2006-03-01,-2.9,7.9,-10.8,-5.4,18.7,105.4,103.8
2006-04-01,-0.8,9.5,-7.4,-1.4,19.2,108.2,106.5
2006-05-01,0.6,11.2,-11.9,-1.3,21.0,108.5,104.3
2006-06-01,-0.7,9.8,-12.1,2.8,20.5,107.6,109.1
2006-07-01,0.2,10.4,-8.8,-0.3,23.4,109.3,108.8
2006-08-01,0.4,10.3,-8.7,1.5,24.4,109.8,109.5
2006-09-01,0.0,10.3,-8.8,2.2,25.5,109.8,107.3
2006-10-01,0.2,11.3,-6.7,3.7,26.1,111.2,107.1
2006-11-01,2.2,11.7,-7.4,0.9,24.7,111.7,111.4
2006-12-01,1.3,11.0,-7.1,-3.9,28.1,110.5,110.7
2007-01-01,1.6,11.0,-6.8,0.5,23.2,111.1,106.9
2007-02-01,3.0,9.5,-6.2,4.3,23.0,111.6,110.1
2007-03-01,1.9,10.7,-6.3,2.4,24.7,111.2,112.1
2007-04-01,2.2,11.3,-5.7,2.2,20.8,111.3,112.2
2007-05-01,1.1,11.9,-1.7,5.3,25.2,112.9,112.7
2007-06-01,3.2,11.2,-1.4,7.8,28.2,114.3,112.2
2007-07-01,3.6,12.4,-2.4,6.4,29.4,114.4,108.8
2007-08-01,2.4,11.7,-4.3,3.5,28.8,112.2,110.7
2007-09-01,0.4,11.3,-6.4,-0.7,28.4,109.6,109.0
2007-10-01,3.6,11.5,-7.1,-2.4,24.5,112.0,108.7
2007-11-01,5.8,10.7,-11.3,3.4,26.6,112.2,110.5
2007-12-01,4.1,8.8,-10.0,5.7,22.8,110.3,110.2
2008-01-01,4.5,10.0,-14.6,6.2,19.3,109.0,111.4
2008-02-01,2.3,8.4,-13.7,4.0,21.1,106.5,113.6
2008-03-01,1.6,9.4,-14.5,1.2,20.1,106.2,109.6
2008-04-01,-1.0,9.2,-15.5,-0.4,15.9,103.3,111.1
2008-05-01,-4.8,6.3,-17.6,2.5,11.8,100.0,107.1
2008-06-01,-6.0,5.1,-20.5,-8.0,8.9,96.8,103.4
2008-07-01,-9.9,-0.4,-19.9,-11.8,-3.4,92.2,99.0
2008-08-01,-10.7,-0.3,-18.3,-14.2,-1.8,92.1,95.9
2008-09-01,-15.3,-1.7,-17.2,-1.3,-4.4,90.8,92.7
2008-10-01,-21.1,-9.4,-19.8,-22.2,-14.5,82.2,91.6
2008-11-01,-28.8,-11.3,-16.9,-3.3,-20.3,79.9,82.0
2008-12-01,-38.5,-16.7,-18.3,-27.2,-24.7,68.5,76.7
2009-01-01,-34.5,-20.0,-18.1,-24.7,-28.2,70.5,77.0
2009-02-01,-36.4,-21.6,-19.1,-22.2,-30.2,69.5,73.4
2009-03-01,-38.6,-26.8,-20.0,-1.1,-31.3,68.1,69.9
2009-04-01,-33.3,-27.8,-15.5,-24.3,-32.8,70.0,70.5
2009-05-01,-29.2,-24.5,-15.4,-1.8,-37.9,76.9,69.2
2009-06-01,-26.3,-21.0,-14.0,-22.7,-34.6,80.2,75.1
2009-07-01,-25.9,-17.1,-13.4,-16.3,-35.3,82.4,79.2
2009-08-01,-23.7,-14.0,-15.8,-13.3,-34.6,83.6,80.4
2009-09-01,-19.0,-11.3,-11.6,-11.4,-32.7,89.4,80.8
2009-10-01,-17.8,-10.1,-10.4,-12.1,-31.4,91.2,83.1
2009-11-01,-16.5,-10.3,-8.5,-8.5,-33.5,92.7,87.1
2009-12-01,-14.8,-7.8,-9.1,-8.3,-32.3,95.5,86.9
2010-01-01,-14.5,-4.6,-8.3,-5.8,-29.8,97.1,90.3
2010-02-01,-17.7,-4.7,-10.7,-8.1,-29.6,93.5,90.3
2010-03-01,-12.4,-5.0,-12.6,-11.5,-29.8,96.0,92.0
2010-04-01,-9.3,-1.7,-12.2,-5.1,-32.3,99.3,93.1
2010-05-01,-11.1,0.0,-14.7,-4.1,-32.6,97.4,96.2
2010-06-01,-13.1,0.9,-15.6,-1.4,-34.2,96.0,97.6
2010-07-01,-9.6,2.7,-14.8,-5.0,-30.7,98.8,95.7
2010-08-01,-7.0,3.5,-12.9,-1.6,-30.1,100.9,91.8
2010-09-01,-3.5,2.5,-13.7,-2.1,-28.8,101.3,100.6
2010-10-01,-2.4,2.8,-12.6,-3.3,-25.3,103.8,103.9
2010-11-01,-5.6,3.1,-9.4,-6.6,-22.8,103.2,105.8
2010-12-01,-1.9,5.7,-12.4,-0.6,-20.8,104.8,107.2
2011-01-01,3.3,5.9,-14.5,0.7,-17.7,107.7,106.4
2011-02-01,0.3,7.6,-14.9,-1.5,-14.1,106.5,109.5
2011-03-01,4.6,7.9,-16.0,-5.8,-15.5,107.3,107.7
2011-04-01,3.0,8.9,-16.4,-2.1,-13.9,106.8,107.6
2011-05-01,-0.4,7.4,-15.3,-2.3,-11.0,105.0,109.8
2011-06-01,1.8,7.7,-16.1,-5.2,-10.9,105.9,106.9
2011-07-01,-1.6,6.7,-15.0,-9.3,-9.0,103.1,107.2
2011-08-01,-6.1,2.9,-19.0,-9.8,-10.1,96.8,103.8
2011-09-01,-9.0,0.6,-18.7,-15.0,-15.8,94.3,103.3
2011-10-01,-10.3,-2.2,-16.2,-14.2,-16.7,93.2,102.4
2011-11-01,-10.5,-3.9,-19.0,-12.8,-17.3,91.1,98.8
2011-12-01,-12.2,-4.2,-19.8,-16.0,-16.3,89.9,97.0
2012-01-01,-14.1,-3.6,-18.8,-19.7,-13.7,89.1,95.6
2012-02-01,-12.3,-4.1,-16.9,-15.0,-14.1,91.1,93.3
2012-03-01,-10.4,-4.0,-13.3,-14.2,-15.8,94.0,95.3
2012-04-01,-10.9,-3.9,-13.4,-9.3,-16.2,94.3,96.8
2012-05-01,-11.7,-7.6,-11.2,-13.8,-18.4,92.8,89.1
2012-06-01,-12.8,-9.4,-12.2,-13.1,-19.6,90.9,89.6
2012-07-01,-12.9,-11.3,-15.7,-16.4,-22.6,88.1,90.6
2012-08-01,-13.8,-12.1,-16.0,-9.4,-22.0,87.8,88.8
2012-09-01,-11.9,-13.8,-18.9,-18.0,-23.4,87.2,87.6
2012-10-01,-19.2,-12.6,-19.3,-16.6,-24.4,83.3,90.2
2012-11-01,-14.9,-14.5,-18.3,-14.5,-25.3,84.6,88.8
2012-12-01,-15.3,-13.2,-18.1,-16.8,-26.2,85.2,86.5
2013-01-01,-14.4,-11.4,-19.3,-15.2,-24.7,87.5,88.2
2013-02-01,-13.1,-12.7,-18.9,-16.7,-25.6,86.5,86.0
2013-03-01,-12.8,-14.1,-19.9,-17.1,-28.1,87.1,83.6
2013-04-01,-16.7,-14.6,-19.2,-22.0,-27.6,84.3,83.3
2013-05-01,-13.9,-13.9,-22.1,-19.7,-30.0,84.1,84.9
2013-06-01,-11.9,-12.5,-22.0,-17.5,-30.1,86.6,87.4
2013-07-01,-10.2,-12.9,-19.3,-18.7,-29.9,87.7,88.1
2013-08-01,-9.5,-13.4,-16.4,-11.8,-27.9,88.4,90.9
2013-09-01,-10.1,-9.3,-15.1,-8.7,-25.8,90.9,92.8
2013-10-01,-8.5,-9.1,-14.8,-10.3,-24.6,92.3,95.2
2013-11-01,-10.3,-7.5,-18.1,-11.2,-29.6,90.5,91.8
2013-12-01,-8.1,-10.8,-16.7,-8.3,-27.1,91.0,93.3
2014-01-01,-5.6,-9.0,-16.1,-10.3,-28.3,93.3,93.4
2014-02-01,-8.8,-8.7,-16.2,-11.5,-28.8,91.5,92.2
2014-03-01,-7.0,-7.3,-15.2,-11.5,-27.7,93.1,93.7
2014-04-01,-5.7,-5.4,-16.0,-9.5,-31.8,93.7,94.6
2014-05-01,-9.6,-5.5,-16.7,-9.7,-32.3,92.0,93.8
2014-06-01,-12.1,-7.5,-18.0,-11.3,-35.1,89.4,93.1
2014-07-01,-10.9,-7.5,-16.4,-5.3,-40.7,90.7,92.8
2014-08-01,-12.7,-8.1,-16.5,-14.4,-42.6,88.8,90.4
2014-09-01,-10.8,-8.4,-17.7,-18.4,-42.0,89.3,91.1
2014-10-01,-9.0,-7.0,-17.0,-14.5,-43.7,91.6,92.1
2014-11-01,-8.1,-6.9,-16.2,-11.9,-43.0,91.9,93.4
2014-12-01,-10.3,-8.1,-14.2,-10.3,-44.2,90.3,94.0
2015-01-01,-7.9,-9.0,-13.6,-7.3,-45.6,92.0,91.3
2015-02-01,-7.4,-8.7,-11.3,-4.4,-45.1,95.1,92.9
2015-03-01,-5.1,-8.3,-10.8,-5.2,-45.0,96.1,93.7
2015-04-01,-5.9,-6.8,-9.9,-5.1,-46.4,96.3,93.1
2015-05-01,-6.9,-4.9,-11.9,-0.9,-45.6,96.1,96.6
2015-06-01,-7.0,-4.8,-11.8,-6.0,-43.8,96.3,97.8
2015-07-01,-5.2,-4.5,-12.9,-2.1,-44.4,97.1,97.9
2015-08-01,-5.7,-2.5,-11.1,0.7,-43.7,97.1,101.4
2015-09-01,-5.4,-2.7,-10.2,1.5,-41.1,98.0,100.9
2015-10-01,-3.9,0.9,-9.9,1.6,-39.4,101.5,102.0
2015-11-01,-7.8,-0.4,-9.2,-0.7,-37.9,98.6,100.4
2015-12-01,-4.8,-2.8,-9.5,-9.4,-39.5,98.4,100.9
2016-01-01,-2.1,-1.5,-8.4,-4.8,-34.8,102.5,102.8
2016-02-01,-0.4,-1.1,-10.7,-8.3,-35.8,102.4,101.2
2016-03-01,-1.2,-0.9,-12.1,-5.2,-34.6,101.2,99.7
2016-04-01,-3.0,-0.5,-11.7,-3.1,-32.9,99.8,100.1
2016-05-01,-5.3,0.7,-9.5,-2.2,-32.1,100.1,101.7
2016-06-01,-6.6,-1.3,-12.1,-5.1,-32.0,97.0,100.8
2016-07-01,-7.8,-0.7,-11.7,-7.2,-28.9,96.2,103.9
2016-08-01,-8.1,-0.6,-11.1,-5.2,-26.5,98.4,104.4
2016-09-01,-5.1,-1.7,-9.6,-8.8,-27.6,99.3,104.5
2016-10-01,-4.6,-0.9,-9.4,-10.4,-20.8,100.0,105.4
2016-11-01,-4.9,-0.8,-7.9,-6.6,-20.5,101.3,106.2
2016-12-01,-3.4,1.2,-6.9,-1.9,-21.3,103.4,106.6
2017-01-01,-1.6,0.4,-7.4,-1.5,-16.0,103.6,104.8
2017-02-01,0.4,1.8,-8.3,-1.4,-16.5,105.2,105.8
2017-03-01,-1.4,3.1,-8.4,-2.0,-16.8,104.8,107.8
2017-04-01,1.0,2.2,-7.2,-6.9,-12.1,106.0,106.1
2017-05-01,1.9,1.7,-6.6,-3.2,-10.0,107.0,106.4
2017-06-01,1.3,0.8,-1.9,-3.8,-8.0,107.6,104.6
2017-07-01,0.9,1.6,-4.2,0.2,-3.2,107.2,104.8
2017-08-01,1.3,5.2,-5.8,-2.4,-3.3,108.7,104.8
2017-09-01,5.2,6.2,-7.2,-2.5,-2.6,110.6,106.2
2017-10-01,3.7,7.0,-7.4,-1.6,1.0,109.8,106.4
2017-11-01,2.3,7.8,-4.2,-0.5,0.0,110.1,106.5
2017-12-01,4.0,9.8,-3.1,0.4,4.3,113.3,111.5
2018-01-01,6.5,6.9,-4.2,0.5,4.9,113.1,107.9
2018-02-01,4.6,6.0,-7.2,-0.1,2.3,109.7,108.8
2018-03-01,2.6,6.1,-6.9,-5.9,4.7,108.4,111.8
2018-04-01,5.1,5.4,-7.8,-6.8,3.5,109.6,109.7
2018-05-01,3.0,2.8,-8.6,-3.3,3.7,106.3,110.2
2018-06-01,4.6,3.1,-10.5,-3.6,5.3,107.2,109.1
2018-07-01,2.4,3.2,-9.8,-0.7,8.0,106.7,107.8
2018-08-01,0.5,2.6,-10.4,0.5,7.7,104.7,105.7
2018-09-01,-0.7,3.2,-13.8,-3.2,8.3,103.4,106.4
2018-10-01,-2.8,1.9,-11.3,-7.2,5.1,103.1,103.6
2018-11-01,-1.4,2.3,-13.6,-5.2,8.6,103.5,106.5
2018-12-01,-3.2,2.1,-16.9,-11.0,9.5,100.3,101.4
2019-01-01,-2.8,2.5,-12.2,-9.5,7.6,103.0,101.4
2019-02-01,-5.1,1.9,-10.7,-8.7,11.8,101.8,102.2
2019-03-01,-4.0,4.5,-9.9,-7.4,10.6,102.8,103.9
2019-04-01,-6.9,4.8,-10.1,-4.9,11.9,101.4,105.6
2019-05-01,-1.6,5.9,-8.2,-4.2,12.7,106.9,103.5
2019-06-01,-4.9,5.1,-8.2,-6.7,11.7,104.6,101.4
2019-07-01,-7.4,4.2,-6.6,-4.6,10.0,103.4,102.7
2019-08-01,-6.2,4.1,-7.5,-5.9,11.0,103.6,101.5
2019-09-01,-7.5,4.5,-6.1,-5.1,11.6,102.8,103.7
2019-10-01,-7.1,3.4,-6.6,-5.4,14.5,103.9,103.7
2019-11-01,-7.6,3.3,-5.8,-5.4,15.4,102.5,104.5
2019-12-01,-9.2,6.4,-9.6,-4.6,15.6,101.8,105.5
2020-01-01,-2.9,5.4,-8.9,-1.0,9.8,106.5,102.5
2020-02-01,-3.1,6.2,-7.7,-5.7,10.7,107.3,102.9
2020-03-01,-8.8,-1.5,-12.6,-12.5,-10.0,98.5,91.7
2020-04-01,-42.3,-40.6,-21.6,-26.5,-21.6,60.9,39.6
2020-05-01,-26.7,-53.4,-17.6,-41.8,-24.0,64.2,54.5
2020-06-01,-16.0,-44.7,-12.4,-25.2,-11.8,77.4,82.2
2020-07-01,-12.8,-36.3,-11.7,-17.1,-12.7,83.3,89.9
2020-08-01,-8.1,-18.5,-12.2,-7.5,-12.0,94.0,94.2
2020-09-01,-10.3,-4.2,-10.9,-1.4,-11.4,99.1,94.0
2020-10-01,-11.7,-8.0,-13.4,-5.9,-12.4,95.3,89.0
2020-11-01,-16.3,-11.1,-18.0,-14.0,-12.5,88.9,79.6
2020-12-01,-11.3,-11.7,-10.8,-11.7,-11.7,94.8,86.5
2021-01-01,-10.3,-12.6,-13.6,-7.6,-9.4,93.7,90.4
2021-02-01,-7.4,-11.7,-14.4,-13.9,-7.7,94.7,89.9
2021-03-01,-7.3,-8.1,-9.8,-12.2,-1.9,98.6,94.7
2021-04-01,-2.0,-8.7,-9.6,-9.9,2.4,101.2,92.7
2021-05-01,2.4,0.2,-5.2,-7.6,4.4,109.0,101.6
2021-06-01,2.4,6.1,-0.1,1.6,5.5,113.5,105.1
2021-07-01,7.5,9.4,-3.1,0.5,6.1,118.1,106.1
2021-08-01,4.6,8.6,-6.5,1.7,6.2,114.4,106.0
2021-09-01,1.7,9.0,-2.8,-6.3,7.2,113.5,105.6
2021-10-01,3.8,10.2,-6.3,-6.9,6.9,114.5,108.6
2021-11-01,5.3,13.4,-6.9,-0.7,9.5,116.7,110.5
2021-12-01,4.9,9.9,-8.5,-0.3,11.0,114.0,106.2
2022-01-01,5.1,7.0,-9.5,-1.1,6.9,111.5,105.4
2022-02-01,7.3,8.6,-8.6,-1.3,7.2,113.6,109.1
2022-03-01,1.1,8.0,-21.2,-8.6,6.0,104.7,109.7
2022-04-01,-0.3,7.8,-19.0,-11.7,5.6,103.2,109.0
2022-05-01,0.5,8.9,-18.8,-10.3,5.6,105.2,108.3
2022-06-01,0.5,9.7,-21.2,-10.4,4.3,103.8,104.7
2022-07-01,0.2,8.5,-21.7,-9.1,2.4,103.4,101.7
2022-08-01,-4.5,8.2,-18.8,-6.5,4.7,101.4,105.5
2022-09-01,-7.2,4.8,-22.3,-9.8,2.4,96.7,107.5
2022-10-01,-6.9,4.3,-20.8,-4.9,5.0,96.8,107.5
2022-11-01,-9.3,3.2,-18.8,-4.1,4.5,94.9,107.7
2022-12-01,-8.5,3.2,-20.6,-5.1,4.0,94.7,108.7
2023-01-01,-6.5,5.0,-20.6,-2.2,1.5,98.5,110.1
2023-02-01,-6.5,6.1,-21.6,-4.1,1.1,97.6,108.6
2023-03-01,-4.8,1.7,-20.7,-8.0,-0.1,97.7,110.0
2023-04-01,-10.8,1.6,-18.7,-4.3,-0.4,93.8,106.5
2023-05-01,-8.5,1.1,-17.0,-6.9,-1.6,96.6,103.9
2023-06-01,-7.1,1.5,-14.7,-11.4,-3.0,97.9,103.5
2023-07-01,-9.8,0.5,-14.1,-8.2,-4.3,95.4,104.7
2023-08-01,-11.5,-1.6,-14.8,-3.6,-4.2,93.8,99.2
2023-09-01,-7.7,-1.5,-15.8,-7.6,-3.5,96.7,102.9
2023-10-01,-9.3,-1.4,-16.7,-13.8,-5.9,94.2,103.1
2023-11-01,-9.2,-1.0,-13.5,-15.6,-7.1,96.1,99.1
2023-12-01,-9.4,-1.9,-13.5,-11.9,-7.9,95.7,100.4
2024-01-01,-8.7,-0.1,-11.7,-8.3,-5.3,97.9,99.7
2024-02-01,-5.5,-3.1,-14.8,-12.6,-5.5,97.7,101.0
2024-03-01,-3.5,1.2,-13.5,-11.0,-7.4,101.4,97.8
2024-04-01,-7.9,-2.4,-15.3,-10.6,-9.1,95.9,101.7
2024-05-01,-8.6,3.4,-13.5,-10.5,-9.8,99.2,98.6
2024-06-01,-7.9,0.2,-14.4,-12.8,-9.3,98.3,98.2
2024-07-01,-9.3,-4.5,-15.3,-12.9,-11.0,95.4,91.9
2024-08-01,-4.5,-3.4,-12.9,-11.2,-11.4,99.1,95.8
2024-09-01,-7.4,-3.4,-11.6,-12.1,-11.4,98.1,97.6
2024-10-01,-14.9,-0.2,-12.8,-11.3,-11.5,93.8,95.7
2024-11-01,-9.4,-2.8,-15.3,-9.7,-11.1,96.4,95.9
2024-12-01,-11.6,-2.7,-17.7,-12.3,-13.2,92.8,93.8
2025-01-01,-11.4,-2.8,-14.1,-9.9,-12.5,95.8,94.3
2025-02-01,-7.9,-1.3,-13.2,-13.5,-13.8,98.6,93.5
2025-03-01,-8.7,-4.6,-14.8,-14.4,-14.6,96.6,92.7
2025-04-01,-6.1,-2.5,-16.3,-14.4,-13.8,97.2,93.4
2025-05-01,-10.4,-5.9,-17.5,-13.2,-12.2,93.5,91.1
2025-06-01,-12.4,-6.8,-17.4,-14.7,-12.2,90.3,93.6
2025-07-01,-11.6,-4.0,-16.8,-11.2,-14.5,92.6,93.5
2025-08-01,-10.2,-6.7,-18.5,-10.2,-13.9,92.7,94.2
2025-09-01,-10.2,-2.0,-19.3,-16.7,-13.9,93.1,92.9
2025-10-01,-6.5,-4.2,-15.5,-15.9,-15.2,94.9,93.8
2025-11-01,-8.5,-2.6,-15.8,-12.3,-16.6,95.3,96.9
2025-12-01,-8.7,-1.8,-16.3,-12.8,-15.2,94.4,94.5
2026-01-01,-1.3,-1.8,-15.7,-12.0,-16.4,100.5,95.8
2026-02-01,-5.7,-4.3,-14.3,-11.7,-16.7,97.5,93.5
2026-03-01,-7.9,-4.3,-17.1,-15.1,-16.3,94.4,95.9
2026-04-01,-8.2,-5.5,-21.8,-14.8,-18.1,91.4,91.8
2026-05-01,-6.7,-5.5,-21.1,-16.2,-17.3,92.7,92.8
2026-06-01,-7.8,-5.6,-19.3,-17.4,-18.2,92.5,89.0