date,Average Hourly Earnings (Total Private),Private Service-Providing,Federal,State Government,Local Government,Full-Time Employment,Part-Time Employment,Manufacturing,Total Nonfarm,Construction,Education and Health Services,Financial Activities,Goods-Producing,Government,Information,Leisure and Hospitality,Mining and Logging,Professional and Business Services,Total Private,Other Services,Trade Transportation and Utilities
2006-03-01,20.04,91568,2733,5059,14111,119175,24542,14210,136038,7689,18042,8352,22567,21903,3055,13034,668,17530,114135,5426,26129
2006-04-01,20.17,91664,2733,5064,14122,119336,24325,14223,136210,7726,18068,8374,22627,21919,3047,13074,678,17552,114291,5426,26123
2006-05-01,20.13,91729,2734,5072,14120,119033,24989,14200,136249,7713,18100,8376,22594,21926,3039,13052,681,17611,114323,5435,26116
2006-06-01,20.22,91821,2736,5069,14117,119615,24774,14210,136337,7699,18109,8366,22594,21922,3036,13061,685,17680,114415,5433,26136
2006-07-01,20.29,91969,2740,5075,14158,119680,24477,14185,136529,7712,18133,8366,22587,21973,3031,13130,690,17720,114556,5428,26161
2006-08-01,20.32,92115,2733,5084,14194,119948,24629,14154,136692,7720,18186,8372,22566,22011,3035,13152,692,17766,114681,5432,26172
2006-09-01,20.40,92211,2732,5099,14251,120308,24549,14120,136826,7718,18251,8386,22533,22082,3028,13150,695,17756,114744,5447,26193
2006-10-01,20.42,92326,2731,5097,14240,120609,24784,14068,136843,7682,18287,8381,22449,22068,3024,13187,699,17760,114775,5454,26233
2006-11-01,20.49,92577,2729,5100,14254,120573,24958,14034,137060,7666,18333,8391,22400,22083,3024,13251,700,17828,114977,5457,26293
2006-12-01,20.58,92763,2730,5098,14260,120793,25226,14009,137249,7685,18377,8391,22398,22088,3034,13292,704,17863,115161,5466,26340
2007-01-01,20.59,92943,2731,5087,14277,121159,24986,14004,137472,7725,18413,8388,22434,22095,3030,13338,705,17927,115377,5466,26381
2007-02-01,20.68,93100,2732,5114,14285,121020,25016,13993,137560,7626,18452,8393,22329,22131,3034,13361,710,17960,115429,5474,26426
2007-03-01,20.72,93251,2731,5118,14300,121168,25144,13964,137784,7706,18508,8383,22384,22149,3030,13363,714,17990,115635,5485,26492
2007-04-01,20.79,93327,2732,5121,14322,120325,25143,13939,137847,7686,18563,8364,22345,22175,3035,13375,720,18008,115672,5491,26491
2007-05-01,20.84,93483,2733,5121,14339,120902,24932,13922,137992,7673,18609,8370,22316,22193,3040,13404,721,18042,115799,5498,26520
2007-06-01,20.95,93548,2729,5131,14347,120689,25435,13903,138070,7687,18660,8369,22315,22207,3038,13413,725,18053,115863,5501,26514
2007-07-01,20.94,93604,2727,5119,14325,120960,24897,13881,138044,7660,18695,8370,22269,22171,3037,13417,728,18057,115873,5500,26528
2007-08-01,21.00,93628,2738,5110,14378,120824,24753,13821,138013,7610,18751,8342,22159,22226,3028,13419,728,18067,115787,5496,26525
2007-09-01,21.04,93731,2737,5137,14405,121232,24996,13784,138099,7577,18806,8317,22089,22279,3031,13461,728,18066,115820,5493,26557
2007-10-01,21.06,93828,2734,5132,14431,121378,24680,13756,138175,7565,18849,8304,22050,22297,3028,13499,729,18101,115878,5494,26553
2007-11-01,21.12,93948,2744,5137,14453,121875,24758,13751,138290,7523,18875,8290,22008,22334,3025,13535,734,18102,115956,5507,26614
2007-12-01,21.16,94051,2756,5139,14481,121609,24745,13739,138395,7490,18924,8280,21968,22376,3026,13550,739,18148,116019,5515,26608
2008-01-01,21.19,94064,2738,5148,14502,121435,25067,13717,138391,7476,18976,8276,21939,22388,3026,13542,746,18138,116003,5520,26586
2008-02-01,21.27,94022,2747,5145,14525,121474,24692,13690,138329,7453,19019,8271,21890,22417,3019,13543,747,18093,115912,5532,26545
2008-03-01,21.36,94006,2752,5153,14538,121426,24715,13650,138259,7406,19069,8270,21810,22443,3021,13531,754,18051,115816,5539,26525
2008-04-01,21.38,93919,2755,5157,14538,120708,25352,13589,138040,7327,19129,8260,21671,22450,3013,13511,755,18041,115590,5540,26425
2008-05-01,21.47,93775,2757,5162,14564,120766,25063,13555,137851,7274,19166,8249,21593,22483,3008,13498,764,17984,115368,5532,26338
2008-06-01,21.52,93708,2759,5179,14579,120388,25416,13494,137700,7213,19232,8238,21475,22517,3001,13482,768,17940,115183,5525,26290
2008-07-01,21.60,93580,2767,5191,14610,120206,25288,13419,137497,7160,19283,8218,21349,22568,2987,13463,770,17881,114929,5522,26226
2008-08-01,21.70,93402,2766,5214,14587,119534,25595,13348,137211,7114,19339,8205,21242,22567,2972,13431,780,17817,114644,5512,26126
2008-09-01,21.73,93128,2768,5184,14585,119724,25327,13267,136760,7044,19343,8171,21095,22537,2962,13379,784,17748,114223,5512,26013
2008-10-01,21.76,92856,2772,5182,14595,119349,25508,13138,136291,6967,19358,8137,20886,22549,2951,13352,781,17640,113742,5516,25902
2008-11-01,21.86,92366,2778,5194,14588,118397,25666,13026,135541,6813,19397,8098,20615,22560,2931,13300,776,17468,112981,5476,25696
2008-12-01,21.95,91978,2775,5191,14590,117096,26333,12842,134847,6701,19438,8067,20313,22556,2911,13256,770,17337,112291,5446,25523
2009-01-01,21.96,91621,2786,5206,14587,115818,26377,12552,134079,6567,19494,8018,19879,22579,2891,13222,760,17183,111500,5430,25383
2009-02-01,21.98,91177,2795,5190,14591,114783,26722,12371,133318,6446,19508,7970,19565,22576,2878,13193,748,16988,110742,5411,25229
2009-03-01,22.05,90720,2797,5180,14583,113607,27069,12196,132494,6291,19514,7929,19214,22560,2864,13127,727,16837,109934,5383,25066
2009-04-01,22.10,90264,2922,5182,14573,113298,27279,12017,131822,6154,19519,7873,18881,22677,2832,13056,710,16703,109145,5372,24909
2009-05-01,22.12,90205,2860,5187,14570,112929,27239,11850,131466,6100,19581,7842,18644,22617,2807,13106,694,16652,108849,5368,24849
2009-06-01,22.14,90023,2814,5176,14586,112745,27459,11713,131008,6010,19619,7820,18409,22576,2795,13076,686,16547,108432,5371,24795
2009-07-01,22.18,89877,2826,5122,14573,112406,27737,11654,130662,5932,19632,7805,18264,22521,2778,13078,678,16524,108141,5368,24692
2009-08-01,22.23,89799,2825,5170,14542,112106,27509,11612,130472,5855,19676,7780,18136,22537,2767,13046,669,16515,107935,5359,24656
2009-09-01,22.27,89761,2826,5144,14481,111513,27273,11580,130246,5787,19695,7769,18034,22451,2769,13054,667,16522,107795,5353,24599
2009-10-01,22.31,89633,2843,5158,14523,110949,27462,11527,130061,5716,19731,7750,17904,22524,2764,12995,661,16543,107537,5334,24516
2009-11-01,22.34,89666,2842,5152,14539,111211,27327,11498,130057,5696,19768,7755,17858,22533,2752,12986,664,16601,107524,5324,24480
2009-12-01,22.37,89544,2831,5150,14501,110559,27479,11465,129808,5654,19802,7744,17782,22482,2745,12944,663,16605,107326,5320,24384
2010-01-01,22.40,89618,2860,5145,14486,110613,27781,11447,129802,5580,19829,7733,17693,22491,2739,12932,666,16627,107311,5325,24433
2010-02-01,22.46,89617,2872,5147,14457,110778,27627,11439,129706,5500,19843,7726,17613,22476,2737,12927,674,16646,107230,5317,24421
2010-03-01,22.46,89691,2923,5140,14455,111162,27558,11439,129866,5537,19896,7709,17657,22518,2719,12943,681,16629,107348,5328,24467
2010-04-01,22.49,89836,2984,5136,14449,111854,27386,11475,130120,5553,19907,7711,17715,22569,2714,12979,687,16721,107551,5335,24469
2010-05-01,22.51,89919,3416,5135,14445,112539,26692,11511,130642,5520,19934,7698,17727,22996,2708,13012,696,16756,107646,5328,24483
2010-06-01,22.53,90023,3193,5139,14408,112608,26658,11529,130510,5516,19964,7688,17747,22740,2701,13034,702,16818,107770,5313,24505
2010-07-01,22.59,90083,3051,5136,14382,112248,26991,11546,130415,5508,19976,7676,17763,22569,2703,13048,709,16828,107846,5326,24526
2010-08-01,22.62,90217,2945,5130,14345,111847,27703,11538,130415,5524,20012,7674,17778,22420,2701,13081,716,16888,107995,5324,24537
2010-09-01,22.67,90322,2869,5122,14256,111926,27459,11549,130341,5501,20005,7681,17772,22247,2697,13137,722,16906,108094,5332,24564
2010-10-01,22.73,90535,2866,5139,14292,111723,27353,11548,130620,5508,20073,7682,17788,22297,2695,13127,732,16975,108323,5357,24626
2010-11-01,22.73,90649,2866,5139,14282,111343,27561,11571,130749,5506,20113,7680,17813,22287,2689,13126,736,17069,108462,5347,24625
2010-12-01,22.76,90784,2870,5133,14263,111900,27419,11579,130830,5467,20126,7684,17780,22266,2682,13157,734,17140,108564,5338,24657
2011-01-01,22.87,90809,2874,5138,14246,112248,26987,11606,130837,5427,20150,7680,17770,22258,2678,13149,737,17150,108579,5327,24675
2011-02-01,22.87,91016,2876,5106,14233,112352,26872,11637,131057,5451,20167,7677,17826,22215,2672,13188,738,17229,108842,5337,24746
2011-03-01,22.87,91201,2877,5096,14219,112350,27282,11659,131283,5477,20180,7682,17890,22192,2672,13247,754,17294,109091,5332,24794
2011-04-01,22.91,91472,2870,5091,14223,112222,27333,11689,131597,5485,20232,7680,17941,22184,2674,13298,767,17356,109413,5341,24891
2011-05-01,22.97,91584,2871,5083,14175,112263,27381,11697,131703,5516,20253,7701,17990,22129,2679,13293,777,17407,109574,5345,24906
2011-06-01,23.00,91741,2860,5079,14225,112001,27469,11710,131931,5528,20284,7690,18026,22164,2685,13343,788,17424,109767,5353,24962
2011-07-01,23.11,91868,2862,5058,14129,112193,27432,11729,131992,5547,20332,7692,18075,22049,2675,13370,799,17431,109943,5358,25010
2011-08-01,23.06,92003,2850,5079,14088,112723,27296,11748,132125,5552,20367,7697,18105,22017,2632,13395,805,17506,110108,5377,25029
2011-09-01,23.11,92213,2846,5072,14065,112544,27644,11752,132344,5584,20417,7695,18148,21983,2676,13426,812,17571,110361,5382,25046
2011-10-01,23.18,92385,2850,5056,14092,112923,27474,11762,132553,5588,20452,7708,18170,21998,2677,13464,820,17618,110555,5383,25083
2011-11-01,23.19,92548,2842,5050,14079,113213,27434,11753,132690,5593,20484,7721,18171,21971,2676,13511,825,17654,110719,5391,25111
2011-12-01,23.22,92709,2836,5047,14071,113774,27168,11783,132888,5611,20515,7729,18225,21954,2679,13538,831,17722,110934,5402,25124
2012-01-01,23.26,93013,2833,5045,14068,113755,27834,11820,133246,5626,20573,7736,18287,21946,2665,13600,841,17808,111300,5414,25217
2012-02-01,23.28,93246,2828,5048,14071,114141,27582,11841,133509,5629,20646,7745,18316,21947,2676,13641,846,17878,111562,5414,25246
2012-03-01,23.36,93451,2828,5051,14064,115024,27023,11880,133748,5625,20690,7767,18354,21943,2678,13706,849,17912,111805,5422,25276
2012-04-01,23.39,93529,2826,5055,14050,114371,27508,11897,133825,5618,20707,7771,18365,21931,2680,13709,850,17961,111894,5416,25285
2012-05-01,23.41,93654,2823,5052,14036,114233,28054,11908,133932,5604,20744,7781,18367,21911,2685,13705,855,17986,112021,5416,25337
2012-06-01,23.46,93692,2824,5059,14047,114749,27674,11918,134013,5621,20744,7782,18391,21930,2674,13702,852,18042,112083,5425,25323
2012-07-01,23.49,93817,2815,5055,14043,114575,27746,11944,134157,5632,20779,7778,18427,21913,2679,13735,851,18084,112244,5433,25329
2012-08-01,23.48,93983,2820,5063,14033,114736,27600,11940,134339,5648,20806,7788,18440,21916,2675,13804,852,18118,112423,5431,25361
2012-09-01,23.57,94150,2822,5076,14027,115252,27810,11934,134517,5661,20845,7800,18442,21925,2670,13872,847,18134,112592,5442,25387
2012-10-01,23.56,94314,2824,5055,14024,115570,27975,11941,134669,5674,20875,7810,18452,21903,2666,13883,837,18207,112766,5446,25427
2012-11-01,23.63,94484,2809,5052,14022,115655,27545,11930,134825,5684,20880,7816,18458,21883,2674,13910,844,18261,112942,5448,25495
2012-12-01,23.72,94675,2806,5048,14033,115791,27580,11939,135074,5724,20933,7829,18512,21887,2677,13978,849,18298,113187,5452,25508
2013-01-01,23.74,94827,2806,5029,14034,115653,27546,11962,135257,5746,20948,7837,18561,21869,2662,14037,853,18340,113388,5458,25545
2013-02-01,23.78,95049,2806,5045,14030,115695,27584,11974,135546,5784,20959,7852,18616,21881,2698,14082,858,18433,113665,5456,25569
2013-03-01,23.80,95180,2794,5052,14024,115808,27439,11977,135689,5802,21007,7856,18639,21870,2700,14113,860,18489,113819,5451,25564
2013-04-01,23.87,95373,2794,5047,14028,116014,27584,11978,135873,5796,21057,7872,18631,21869,2696,14152,857,18551,114004,5455,25590
2013-05-01,23.89,95564,2775,5049,14040,116240,27715,11978,136096,5829,21076,7884,18668,21864,2710,14193,861,18605,114232,5471,25625
2013-06-01,23.96,95738,2771,5038,14031,116166,27863,11982,136279,5855,21082,7887,18701,21840,2705,14252,864,18651,114439,5479,25682
2013-07-01,23.98,95892,2761,5025,14029,116201,28145,11962,136391,5859,21073,7904,18684,21815,2720,14288,863,18698,114576,5484,25725
2013-08-01,24.02,96078,2754,5045,14032,116417,27896,11992,136646,5878,21147,7902,18737,21831,2691,14327,867,18725,114815,5493,25793
2013-09-01,24.06,96198,2753,5050,14032,116846,27552,12010,136821,5910,21133,7903,18788,21835,2708,14339,868,18755,114986,5502,25858
2013-10-01,24.09,96379,2739,5057,14034,116352,27323,12033,137041,5931,21158,7912,18832,21830,2718,14395,868,18805,115211,5509,25882
2013-11-01,24.16,96589,2746,5056,14041,117078,27379,12054,137317,5963,21200,7912,18885,21843,2722,14432,868,18873,115474,5511,25939
2013-12-01,24.18,96694,2741,5053,14026,117394,27418,12060,137372,5932,21199,7915,18858,21820,2727,14454,866,18862,115552,5525,26012
2014-01-01,24.22,96833,2736,5052,14026,117468,27574,12058,137561,5985,21236,7913,18914,21814,2724,14489,871,18909,115747,5533,26029
2014-02-01,24.33,96921,2731,5057,14037,117734,27379,12084,137712,6007,21252,7932,18966,21825,2718,14509,875,18971,115887,5535,26004
2014-03-01,24.31,97139,2728,5055,14050,117959,27620,12096,137985,6038,21292,7932,19013,21833,2725,14564,879,19018,116152,5553,26055
2014-04-01,24.34,97366,2728,5055,14070,118433,27170,12109,138298,6084,21323,7945,19079,21853,2721,14614,886,19076,116445,5565,26122
2014-05-01,24.40,97564,2728,5051,14053,118791,27105,12120,138513,6109,21375,7952,19117,21832,2717,14670,888,19117,116681,5568,26165
2014-06-01,24.46,97782,2729,5058,14108,118229,28023,12146,138849,6133,21424,7965,19172,21895,2722,14693,893,19178,116954,5562,26238
2014-07-01,24.48,97931,2731,5035,14135,118426,28028,12165,139072,6178,21450,7979,19240,21901,2725,14703,897,19216,117171,5566,26292
2014-08-01,24.54,98123,2735,5016,14104,118715,27814,12182,139269,6210,21501,7994,19291,21855,2733,14725,899,19274,117414,5580,26316
2014-09-01,24.56,98319,2735,5041,14121,119306,27461,12201,139563,6242,21541,8009,19347,21897,2734,14768,904,19330,117666,5574,26363
2014-10-01,24.59,98490,2735,5046,14136,119787,27772,12233,139798,6259,21569,8019,19391,21917,2727,14811,899,19359,117881,5581,26424
2014-11-01,24.66,98726,2740,5053,14139,119717,27696,12260,140089,6272,21626,8035,19431,21932,2735,14849,899,19415,118157,5591,26475
2014-12-01,24.63,98963,2743,5059,14145,120138,27473,12266,140364,6293,21678,8042,19454,21947,2737,14892,895,19494,118417,5593,26527
2015-01-01,24.74,99135,2745,5065,14150,120452,27559,12265,140568,6320,21746,8059,19473,21960,2740,14915,888,19519,118608,5599,26557
2015-02-01,24.79,99338,2747,5071,14160,120658,27389,12275,140827,6361,21787,8070,19511,21978,2741,14972,875,19563,118849,5606,26599
2015-03-01,24.85,99473,2748,5067,14155,120981,27126,12286,140923,6334,21829,8081,19480,21970,2737,14981,860,19592,118953,5607,26646
2015-04-01,24.89,99664,2763,5070,14172,120813,27645,12291,141196,6392,21902,8086,19527,22005,2742,15023,844,19635,119191,5614,26662
2015-05-01,24.97,99970,2753,5074,14185,121514,27355,12306,141538,6427,21956,8097,19556,22012,2747,15103,823,19718,119526,5622,26727
2015-06-01,24.97,100129,2754,5073,14188,121021,27778,12307,141709,6441,22011,8115,19565,22015,2748,15108,817,19768,119694,5615,26764
2015-07-01,25.01,100339,2756,5073,14221,121642,27211,12323,141991,6472,22052,8134,19602,22050,2752,15168,807,19803,119941,5628,26802
2015-08-01,25.10,100463,2760,5077,14223,122067,27062,12318,142125,6490,22088,8145,19602,22060,2751,15201,794,19835,120065,5621,26822
2015-09-01,25.11,100621,2759,5083,14198,121760,27035,12326,142275,6508,22140,8152,19614,22040,2764,15279,780,19855,120235,5621,26810
2015-10-01,25.20,100872,2759,5084,14213,122094,27251,12334,142579,6547,22212,8167,19651,22056,2766,15316,770,19930,120523,5630,26851
2015-11-01,25.25,101045,2766,5090,14225,122182,27295,12329,142808,6598,22260,8182,19682,22081,2751,15374,755,19965,120727,5638,26875
2015-12-01,25.25,101271,2776,5088,14233,122757,27371,12333,143077,6630,22318,8189,19709,22097,2761,15406,746,20035,120980,5653,26909
2016-01-01,25.37,101379,2771,5090,14253,123036,27517,12354,143210,6631,22348,8207,19717,22114,2762,15454,732,20046,121096,5647,26915
2016-02-01,25.38,101581,2778,5085,14275,123004,27827,12337,143406,6640,22401,8209,19687,22138,2775,15494,710,20058,121268,5666,26978
2016-03-01,25.45,101802,2783,5092,14303,123590,27660,12313,143662,6678,22447,8226,19682,22178,2785,15535,691,20082,121484,5673,27054
2016-04-01,25.53,101965,2785,5097,14302,123214,27783,12325,143854,6702,22503,8248,19705,22184,2789,15562,678,20113,121670,5678,27072
2016-05-01,25.58,102042,2792,5092,14315,123314,28008,12303,143900,6689,22564,8265,19659,22199,2751,15583,667,20120,121701,5670,27089
2016-06-01,25.62,102288,2797,5107,14276,123784,27559,12321,144147,6701,22615,8282,19679,22180,2801,15639,657,20162,121967,5682,27107
2016-07-01,25.69,102502,2800,5115,14374,124076,27569,12342,144520,6735,22669,8304,19729,22289,2799,15679,652,20208,122231,5690,27153
2016-08-01,25.71,102675,2803,5115,14366,124594,27208,12319,144661,6736,22715,8319,19702,22284,2803,15725,647,20212,122377,5702,27199
2016-09-01,25.77,102914,2806,5150,14367,124237,27538,12317,144967,6768,22779,8327,19730,22323,2817,15785,645,20281,122644,5714,27211
2016-10-01,25.90,103011,2804,5132,14359,124109,27645,12316,145065,6799,22827,8332,19759,22295,2814,15780,644,20303,122770,5720,27235
2016-11-01,25.90,103125,2798,5135,14344,124076,27892,12311,145183,6823,22865,8344,19781,22277,2812,15826,647,20340,122906,5729,27209
2016-12-01,25.93,103315,2815,5139,14350,124126,27921,12324,145408,6818,22928,8370,19789,22304,2817,15845,647,20374,123104,5711,27270
2017-01-01,26.00,103491,2813,5156,14347,124553,27428,12334,145628,6840,22941,8397,19821,22316,2821,15874,647,20415,123312,5729,27314
2017-02-01,26.07,103633,2812,5160,14354,124884,27554,12350,145846,6881,23018,8398,19887,22326,2815,15917,656,20433,123520,5741,27311
2017-03-01,26.11,103718,2810,5163,14356,125626,27501,12361,145970,6902,23047,8408,19923,22329,2813,15941,660,20463,123641,5748,27298
2017-04-01,26.18,103888,2798,5169,14368,126092,27202,12367,146175,6916,23105,8425,19952,22335,2804,16006,669,20494,123840,5753,27301
2017-05-01,26.21,104051,2808,5181,14358,125727,27479,12377,146380,6931,23140,8436,19982,22347,2801,16046,674,20556,124033,5765,27307
2017-06-01,26.26,104194,2805,5174,14381,126180,27168,12390,146583,6962,23165,8452,20029,22360,2811,16087,677,20589,124223,5769,27321
2017-07-01,26.35,104360,2806,5178,14390,126113,27600,12390,146772,6968,23232,8465,20038,22374,2809,16122,680,20632,124398,5775,27325
2017-08-01,26.37,104489,2802,5169,14339,126007,27518,12435,146919,7002,23269,8476,20120,22310,2813,16150,683,20671,124609,5777,27333
2017-09-01,26.49,104534,2799,5144,14390,126780,27513,12443,147008,7013,23295,8480,20141,22333,2816,16140,685,20668,124675,5780,27355
2017-10-01,26.50,104614,2802,5152,14407,126656,26990,12457,147149,7031,23313,8481,20174,22361,2811,16133,686,20709,124788,5793,27374
2017-11-01,26.54,104762,2791,5161,14427,126588,27181,12472,147372,7068,23354,8489,20231,22379,2815,16160,691,20725,124993,5803,27416
2017-12-01,26.63,104853,2794,5159,14431,126459,27316,12501,147523,7091,23383,8496,20286,22384,2818,16183,694,20764,125139,5805,27404
2018-01-01,26.72,104968,2794,5152,14428,126964,27321,12527,147660,7093,23438,8503,20318,22374,2817,16209,698,20822,125286,5809,27370
2018-02-01,26.74,105193,2790,5156,14473,127544,27561,12551,148054,7184,23494,8527,20442,22419,2819,16231,707,20861,125635,5814,27447
2018-03-01,26.85,105369,2792,5164,14471,127447,27869,12576,148280,7194,23523,8538,20484,22427,2826,16239,714,20908,125853,5816,27519
2018-04-01,26.91,105447,2800,5177,14467,127935,27453,12595,148420,7212,23546,8544,20529,22444,2838,16226,722,20952,125976,5824,27517
2018-05-01,26.98,105670,2793,5174,14482,128805,26990,12623,148742,7274,23583,8574,20623,22449,2841,16261,726,21011,126293,5835,27565
2018-06-01,27.03,105800,2798,5179,14505,128859,26979,12656,148960,7292,23615,8591,20678,22482,2838,16310,730,21060,126478,5844,27542
2018-07-01,27.10,105860,2799,5175,14462,129213,27032,12676,149020,7318,23643,8600,20724,22436,2841,16329,730,21073,126584,5829,27545
2018-08-01,27.21,106037,2801,5174,14493,128704,26821,12688,149277,7347,23701,8610,20772,22468,2840,16343,737,21112,126809,5829,27602
2018-09-01,27.32,106061,2805,5183,14486,129029,26983,12710,149358,7375,23709,8629,20823,22474,2838,16325,738,21145,126884,5838,27577
2018-10-01,27.37,106187,2805,5183,14491,129240,27130,12731,149527,7389,23756,8644,20861,22479,2850,16356,741,21171,127048,5841,27569
2018-11-01,27.44,106283,2809,5165,14499,129632,27038,12741,149617,7386,23768,8651,20861,22473,2850,16361,734,21176,127144,5839,27638
2018-12-01,27.56,106398,2808,5176,14527,129618,27032,12761,149809,7396,23852,8661,20900,22511,2851,16412,743,21196,127298,5846,27580
2019-01-01,27.59,106592,2808,5173,14527,129696,26637,12790,150060,7425,23902,8672,20960,22508,2842,16488,745,21201,127552,5854,27633
2019-02-01,27.69,106622,2810,5182,14533,129955,26837,12782,150067,7395,23923,8685,20920,22525,2843,16494,743,21230,127542,5856,27591
2019-03-01,27.77,106771,2811,5191,14567,129744,27058,12788,150295,7425,23988,8705,20955,22569,2849,16504,742,21258,127726,5875,27592
2019-04-01,27.79,106980,2827,5192,14600,129780,26972,12785,150591,7468,24054,8721,20992,22619,2846,16527,739,21315,127972,5891,27626
2019-05-01,27.88,107062,2829,5150,14583,129882,27154,12778,150618,7478,24090,8733,20994,22562,2858,16507,738,21356,128056,5886,27632
2019-06-01,27.97,107211,2833,5170,14601,130453,26827,12787,150838,7502,24135,8748,21023,22604,2875,16512,734,21402,128234,5894,27645
2019-07-01,28.03,107321,2829,5191,14552,130693,26921,12790,150937,7526,24181,8771,21044,22572,2866,16522,728,21421,128365,5899,27661
2019-08-01,28.14,107506,2854,5213,14558,130921,26890,12789,151169,7530,24246,8785,21038,22625,2865,16602,719,21455,128544,5901,27652
2019-09-01,28.16,107661,2852,5219,14582,131280,27004,12787,151365,7547,24288,8785,21051,22653,2871,16673,717,21465,128712,5903,27676
2019-10-01,28.24,107787,2837,5239,14594,131590,26905,12733,151460,7553,24328,8801,21003,22670,2874,16722,717,21476,128790,5898,27688
2019-11-01,28.34,107935,2842,5248,14619,131490,27062,12777,151667,7541,24391,8813,21023,22709,2885,16761,705,21487,128958,5911,27687
2019-12-01,28.38,108088,2837,5251,14638,131675,27014,12760,151794,7527,24428,8822,20980,22726,2891,16805,693,21467,129068,5917,27758
2020-01-01,28.43,108251,2855,5262,14664,130898,27451,12745,152031,7575,24510,8833,20999,22781,2901,16823,679,21476,129250,5933,27775
2020-02-01,28.54,108399,2857,5308,14692,130872,27731,12743,152293,7610,24573,8872,21037,22857,2910,16889,684,21483,129436,5934,27738
2020-03-01,28.73,107165,2876,5263,14688,128914,26566,12684,150895,7541,24356,8855,20903,22827,2902,16158,678,21388,128068,5847,27659
2020-04-01,30.04,89994,2875,5113,13921,114106,19300,11382,130426,6522,21742,8592,18523,21909,2643,8719,619,19223,108517,4511,24564
2020-05-01,29.72,92438,2876,5059,13458,116472,20906,11610,133040,7004,22150,8607,19209,21393,2609,9947,595,19410,111647,4740,24975
2020-06-01,29.38,96571,2883,5069,13460,119244,23081,11950,137671,7159,22727,8622,19688,21412,2622,11777,579,19768,116259,5092,25963
2020-07-01,29.39,98003,2908,5080,13526,119948,23884,11973,139255,7196,22923,8623,19738,21514,2622,12415,569,19953,117741,5236,26231
2020-08-01,29.49,99035,3156,5120,13724,122555,24711,11999,140821,7226,23124,8649,19786,22000,2640,12573,561,20147,118821,5289,26613
2020-09-01,29.51,99970,3123,5091,13715,122565,25011,12057,141770,7253,23189,8674,19871,21929,2695,13065,561,20267,119841,5334,26746
2020-10-01,29.54,100712,2981,5074,13750,123780,26102,12086,142460,7301,23278,8691,19943,21805,2684,13303,556,20455,120655,5354,26947
2020-11-01,29.64,101057,2892,5074,13717,124433,25455,12118,142733,7321,23337,8706,19993,21683,2696,13260,554,20602,121050,5344,27112
2020-12-01,29.91,100803,2897,5083,13698,124895,24910,12153,142548,7357,23334,8718,20067,21678,2712,12798,557,20770,120870,5313,27158
2021-01-01,29.93,101069,2884,5142,13715,125248,24554,12142,142863,7362,23362,8722,20053,21741,2747,12801,549,20922,121122,5314,27201
2021-02-01,30.05,101637,2883,5153,13718,125115,25030,12172,143380,7278,23413,8718,19989,21754,2764,13142,539,20999,121626,5324,27277
2021-03-01,30.03,102207,2885,5186,13773,125756,25035,12229,144232,7399,23536,8736,20181,21844,2770,13298,553,21109,122388,5335,27423
2021-04-01,30.22,102546,2894,5180,13819,126095,25047,12193,144587,7400,23584,8750,20148,21893,2796,13568,555,21103,122694,5358,27387
2021-05-01,30.41,102972,2886,5178,13865,126444,25261,12216,145065,7391,23616,8761,20164,21929,2816,13802,557,21176,123136,5370,27431
2021-06-01,30.54,103590,2887,5197,13947,126075,25667,12247,145820,7393,23642,8773,20199,22031,2824,14085,559,21257,123789,5438,27571
2021-07-01,30.66,104432,2892,5180,13967,127445,25386,12305,146762,7425,23684,8808,20291,22039,2881,14495,561,21418,124723,5494,27652
2021-08-01,30.78,104828,2888,5153,14095,127551,25683,12353,147314,7432,23708,8826,20350,22136,2903,14621,565,21535,125178,5532,27703
2021-09-01,30.98,105226,2887,5137,14078,128024,25800,12393,147771,7484,23705,8851,20443,22102,2917,14746,566,21636,125669,5539,27832
2021-10-01,31.14,106005,2878,5132,14017,128494,25971,12453,148572,7518,23800,8879,20540,22027,2938,14949,569,21873,126545,5578,27988
2021-11-01,31.23,106552,2889,5124,14033,129503,26021,12498,149230,7562,23845,8911,20632,22046,2957,15071,572,22019,127184,5598,28151
2021-12-01,31.39,107045,2882,5121,14059,130324,25650,12537,149816,7595,23886,8938,20709,22062,2967,15246,577,22129,127754,5617,28262
2022-01-01,31.60,107220,2879,5089,14081,131317,25734,12564,150006,7595,23869,8934,20737,22049,2984,15329,578,22183,127957,5603,28318
2022-02-01,31.64,107960,2874,5069,14089,131860,25690,12601,150825,7651,23984,8976,20833,22032,2990,15462,581,22372,128793,5648,28528
2022-03-01,31.80,108327,2867,5052,14114,132568,25788,12674,151315,7692,24057,9002,20955,22033,3018,15523,589,22483,129282,5651,28593
2022-04-01,31.96,108534,2866,5068,14135,131803,26127,12726,151623,7698,24117,9037,21020,22069,3034,15626,596,22468,129554,5657,28595
2022-05-01,32.10,108726,2862,5100,14163,132668,25854,12735,151924,7738,24176,9049,21073,22125,3057,15704,600,22503,129799,5665,28572
2022-06-01,32.19,109080,2853,5107,14182,132463,25605,12767,152358,7761,24267,9059,21136,22142,3076,15794,608,22564,130216,5674,28646
2022-07-01,32.34,109560,2862,5137,14307,132455,25896,12800,153072,7792,24395,9073,21206,22306,3094,15931,614,22658,130766,5707,28702
2022-08-01,32.44,109811,2861,5144,14301,132502,26198,12832,153362,7801,24468,9092,21245,22306,3097,15990,612,22697,131056,5719,28748
2022-09-01,32.57,109990,2865,5149,14283,132541,26248,12849,153582,7832,24552,9097,21295,22297,3095,16052,614,22744,131285,5730,28720
2022-10-01,32.70,110298,2870,5140,14283,132192,26470,12883,153939,7847,24642,9122,21348,22293,3100,16142,618,22783,131646,5748,28761
2022-11-01,32.82,110480,2877,5163,14339,132336,26160,12896,154242,7863,24729,9136,21383,22379,3115,16183,624,22792,131863,5762,28763
2022-12-01,32.94,110570,2874,5133,14358,132318,26791,12895,154342,7885,24773,9146,21407,22365,3092,16245,627,22774,131977,5771,28769
2023-01-01,33.02,110823,2880,5199,14405,132792,27341,12903,154776,7932,24883,9144,21469,22484,3061,16352,634,22791,132292,5785,28807
2023-02-01,33.15,111054,2887,5218,14433,133365,26955,12898,155066,7943,24956,9152,21474,22538,3048,16431,633,22837,132528,5785,28845
2023-03-01,33.27,111106,2893,5232,14455,134360,26584,12888,155134,7926,25033,9150,21448,22580,3049,16450,634,22832,132554,5789,28803
2023-04-01,33.43,111257,2904,5252,14486,134299,26680,12884,155375,7955,25113,9180,21476,22642,3043,16487,637,22837,132733,5798,28799
2023-05-01,33.50,111457,2915,5278,14529,134428,26490,12869,155655,7965,25221,9175,21476,22722,3034,16533,642,22850,132933,5814,28830
2023-06-01,33.69,111567,2925,5295,14572,134710,26283,12875,155880,8006,25314,9182,21521,22792,3021,16594,640,22826,133088,5831,28799
2023-07-01,33.85,111686,2930,5298,14609,134159,27218,12862,156043,8016,25435,9193,21520,22837,3001,16616,642,22779,133206,5846,28816
2023-08-01,33.89,111810,2946,5320,14641,134336,27143,12861,156261,8042,25544,9193,21544,22907,2981,16651,641,22768,133354,5874,28799
2023-09-01,34.01,111903,2951,5337,14660,134042,27397,12872,156417,8053,25641,9186,21566,22948,2975,16643,641,22743,133469,5883,28832
2023-10-01,34.08,112027,2956,5361,14676,134467,26739,12837,156576,8080,25735,9179,21556,22993,2951,16689,639,22715,133583,5893,28865
2023-11-01,34.17,112084,2960,5363,14713,134819,27069,12859,156703,8088,25853,9172,21583,23036,2962,16694,636,22661,133667,5905,28837
2023-12-01,34.29,112156,2964,5372,14755,133071,27887,12872,156857,8100,25935,9176,21610,23091,2963,16704,638,22643,133766,5906,28829
2024-01-01,34.47,112261,2971,5388,14781,133203,27912,12875,157032,8123,26033,9165,21631,23140,2963,16716,633,22668,133892,5917,28799
2024-02-01,34.52,112410,2980,5405,14826,133028,27875,12852,157238,8132,26130,9151,21617,23211,2958,16744,633,22658,134027,5930,28839
2024-03-01,34.65,112534,2989,5413,14894,132977,28504,12836,157466,8164,26225,9149,21636,23296,2951,16780,636,22631,134170,5943,28855
2024-04-01,34.76,112602,2992,5421,14884,133741,27707,12833,157530,8170,26313,9144,21631,23297,2940,16762,628,22616,134233,5947,28880
2024-05-01,34.89,112653,3001,5420,14909,133262,28010,12825,157608,8176,26383,9147,21625,23330,2930,16731,624,22633,134278,5949,28880
2024-06-01,35.01,112726,3005,5423,14911,133137,28119,12814,157695,8196,26474,9159,21630,23339,2930,16744,620,22606,134356,5962,28851
2024-07-01,35.08,112712,3007,5443,14950,133675,27759,12806,157748,8208,26515,9154,21636,23400,2917,16751,622,22584,134348,5961,28830
2024-08-01,35.22,112693,3011,5468,14957,133328,28162,12772,157757,8236,26573,9162,21628,23436,2909,16746,620,22544,134321,5957,28802
2024-09-01,35.34,112829,3012,5479,14958,133610,28199,12758,157912,8254,26691,9162,21634,23449,2903,16776,622,22525,134463,5959,28813
2024-10-01,35.46,112878,3013,5492,14981,133525,27935,12697,157945,8262,26786,9164,21581,23486,2887,16799,622,22486,134459,5962,28794
2024-11-01,35.60,112973,3009,5502,14993,133558,27633,12711,158079,8267,26870,9173,21602,23504,2885,16823,624,22499,134575,5968,28755
2024-12-01,35.69,113196,3009,5515,15005,133502,28008,12693,158316,8276,26945,9179,21591,23529,2895,16862,622,22532,134787,5972,28811
2025-01-01,35.84,113152,3010,5525,15022,135898,27928,12673,158268,8264,27006,9187,21559,23557,2877,16832,622,22480,134711,5975,28795
2025-02-01,35.94,113191,2997,5525,15037,134618,28521,12671,158310,8267,27064,9199,21560,23559,2876,16796,622,22473,134751,5977,28806
2025-03-01,36.11,113259,2988,5523,15048,135055,28453,12666,158377,8273,27132,9201,21559,23559,2867,16823,620,22457,134818,5987,28792
2025-04-01,36.12,113362,2976,5522,15070,135351,28522,12662,158485,8271,27216,9205,21555,23568,2865,16836,622,22470,134917,5987,28783
2025-05-01,36.28,113399,2952,5515,15094,134773,28547,12651,158498,8269,27276,9211,21538,23561,2864,16839,618,22450,134937,5994,28765
2025-06-01,36.36,113373,2944,5516,15126,135188,28207,12636,158478,8267,27325,9204,21519,23586,2863,16837,616,22419,134892,5984,28741
2025-07-01,36.47,113461,2935,5504,15146,134839,28453,12625,158542,8261,27412,9204,21496,23585,2861,16848,610,22403,134957,5989,28744
2025-08-01,36.62,113476,2916,5487,15132,134468,29043,12615,158472,8239,27435,9185,21461,23535,2860,16870,607,22375,134937,6008,28743
2025-09-01,36.70,113533,2914,5497,15132,135157,28490,12612,158548,8255,27489,9189,21472,23543,2859,16907,605,22359,135005,6005,28725
2025-10-01,36.85,113566,2748,5493,15149,135157,28490,12603,158408,8243,27533,9184,21452,23390,2853,16948,606,22335,135018,5999,28714
2025-11-01,37.00,113613,2733,5481,15145,134325,29452,12593,158449,8279,27589,9185,21477,23359,2848,16936,605,22391,135090,6015,28649
2025-12-01,37.02,113689,2720,5471,15152,135215,28712,12585,158497,8275,27642,9184,21465,23343,2846,16981,605,22406,135154,6021,28609
2026-01-01,37.17,113825,2686,5453,15162,135797,28743,12590,158627,8308,27779,9162,21501,23301,2834,16982,603,22440,135326,6028,28600