date,Continued Jobless Claims,Initial Jobless Claims
1967-01-07,1134000,208000
1967-01-14,1119000,207000
1967-01-21,1119000,217000
1967-01-28,1103000,204000
1967-02-04,1131000,216000
1967-02-11,1153000,229000
1967-02-18,1167000,229000
1967-02-25,1199000,242000
1967-03-04,1235000,310000
1967-03-11,1234000,241000
1967-03-18,1236000,245000
1967-03-25,1268000,247000
1967-04-01,1291000,259000
1967-04-08,1273000,257000
1967-04-15,1278000,299000
1967-04-22,1277000,245000
1967-04-29,1286000,255000
1967-05-06,1308000,254000
1967-05-13,1284000,231000
1967-05-20,1265000,230000
1967-05-27,1253000,228000
1967-06-03,1265000,248000
1967-06-10,1251000,238000
1967-06-17,1248000,224000
1967-06-24,1220000,218000
1967-07-01,1193000,209000
1967-07-08,1248000,240000
1967-07-15,1258000,241000
1967-07-22,1252000,240000
1967-07-29,1280000,209000
1967-08-05,1240000,221000
1967-08-12,1215000,202000
1967-08-19,1202000,215000
1967-08-26,1180000,213000
1967-09-02,1204000,218000
1967-09-09,1189000,231000
1967-09-16,1179000,220000
1967-09-23,1178000,209000
1967-09-30,1157000,204000
1967-10-07,1165000,231000
1967-10-14,1189000,206000
1967-10-21,1174000,223000
1967-10-28,1161000,207000
1967-11-04,1176000,222000
1967-11-11,1142000,214000
1967-11-18,1133000,198000
1967-11-25,1142000,191000
1967-12-02,1150000,196000
1967-12-09,1153000,221000
1967-12-16,1188000,204000
1967-12-23,1195000,219000
1967-12-30,1167000,216000
1968-01-06,1158000,222000
1968-01-13,1187000,222000
1968-01-20,1191000,221000
1968-01-27,1157000,198000
1968-02-03,1173000,244000
1968-02-10,1175000,210000
1968-02-17,1143000,196000
1968-02-24,1165000,193000
1968-03-02,1151000,190000
1968-03-09,1147000,204000
1968-03-16,1143000,190000
1968-03-23,1136000,200000
1968-03-30,1119000,192000
1968-04-06,1079000,191000
1968-04-13,1079000,171000
1968-04-20,1059000,183000
1968-04-27,1087000,251000
1968-05-04,1079000,209000
1968-05-11,1091000,194000
1968-05-18,1071000,199000
1968-05-25,1073000,194000
1968-06-01,1063000,199000
1968-06-08,1097000,192000
1968-06-15,1071000,194000
1968-06-22,1060000,189000
1968-06-29,1038000,194000
1968-07-06,1097000,214000
1968-07-13,1076000,186000
1968-07-20,1033000,180000
1968-07-27,1036000,205000
1968-08-03,1072000,206000
1968-08-10,1088000,218000
1968-08-17,1107000,192000
1968-08-24,1094000,193000
1968-08-31,1064000,188000
1968-09-07,1067000,189000
1968-09-14,1044000,195000
1968-09-21,1047000,191000
1968-09-28,1048000,189000
1968-10-05,1060000,185000
1968-10-12,1045000,186000
1968-10-19,1035000,191000
1968-10-26,1033000,182000
1968-11-02,1028000,181000
1968-11-09,1028000,183000
1968-11-16,1076000,192000
1968-11-23,1023000,199000
1968-11-30,1056000,162000
1968-12-07,1063000,188000
1968-12-14,1061000,195000
1968-12-21,1063000,192000
1968-12-28,1116000,223000
1969-01-04,1118000,190000
1969-01-11,1099000,191000
1969-01-18,1072000,192000
1969-01-25,1077000,193000
1969-02-01,1099000,203000
1969-02-08,1088000,197000
1969-02-15,1115000,192000
1969-02-22,1092000,192000
1969-03-01,1098000,201000
1969-03-08,1099000,191000
1969-03-15,1080000,189000
1969-03-22,1071000,181000
1969-03-29,1041000,183000
1969-04-05,1076000,182000
1969-04-12,1050000,190000
1969-04-19,1025000,187000
1969-04-26,992000,177000
1969-05-03,1003000,177000
1969-05-10,1018000,183000
1969-05-17,1007000,179000
1969-05-24,1006000,180000
1969-05-31,988000,187000
1969-06-07,992000,192000
1969-06-14,1010000,182000
1969-06-21,1012000,191000
1969-06-28,1021000,203000
1969-07-05,1072000,227000
1969-07-12,1092000,210000
1969-07-19,1072000,206000
1969-07-26,1110000,192000
1969-08-02,1126000,196000
1969-08-09,1093000,203000
1969-08-16,1067000,199000
1969-08-23,1060000,199000
1969-08-30,1074000,195000
1969-09-06,1111000,182000
1969-09-13,1082000,209000
1969-09-20,1083000,195000
1969-09-27,1086000,193000
1969-10-04,1103000,193000
1969-10-11,1100000,200000
1969-10-18,1118000,199000
1969-10-25,1136000,205000
1969-11-01,1143000,198000
1969-11-08,1146000,211000
1969-11-15,1181000,197000
1969-11-22,1158000,217000
1969-11-29,1211000,202000
1969-12-06,1226000,202000
1969-12-13,1233000,222000
1969-12-20,1252000,232000
1969-12-27,1304000,223000
1970-01-03,1332000,230000
1970-01-10,1353000,242000
1970-01-17,1371000,268000
1970-01-24,1388000,256000
1970-01-31,1385000,239000
1970-02-07,1397000,256000
1970-02-14,1445000,265000
1970-02-21,1412000,271000
1970-02-28,1430000,242000
1970-03-07,1443000,262000
1970-03-14,1456000,271000
1970-03-21,1498000,264000
1970-03-28,1537000,276000
1970-04-04,1573000,273000
1970-04-11,1586000,305000
1970-04-18,1653000,374000
1970-04-25,1748000,349000
1970-05-02,1811000,334000
1970-05-09,1847000,318000
1970-05-16,1840000,303000
1970-05-23,1827000,296000
1970-05-30,1807000,301000
1970-06-06,1817000,301000
1970-06-13,1852000,298000
1970-06-20,1864000,296000
1970-06-27,1866000,291000
1970-07-04,1853000,277000
1970-07-11,1868000,288000
1970-07-18,1877000,294000
1970-07-25,1918000,287000
1970-08-01,1900000,261000
1970-08-08,1890000,266000
1970-08-15,1933000,300000
1970-08-22,1970000,303000
1970-08-29,2005000,297000
1970-09-05,1996000,324000
1970-09-12,2068000,292000
1970-09-19,2069000,325000
1970-09-26,2092000,333000
1970-10-03,2164000,350000
1970-10-10,2207000,327000
1970-10-17,2210000,334000
1970-10-24,2257000,330000
1970-10-31,2233000,327000
1970-11-07,2279000,336000
1970-11-14,2343000,314000
1970-11-21,2285000,314000
1970-11-28,2292000,337000
1970-12-05,2276000,308000
1970-12-12,2193000,306000
1970-12-19,2224000,289000
1970-12-26,2147000,321000
1971-01-02,2102000,303000
1971-01-09,2124000,288000
1971-01-16,2100000,299000
1971-01-23,2091000,312000
1971-01-30,2086000,292000
1971-02-06,2120000,296000
1971-02-13,2079000,282000
1971-02-20,2120000,268000
1971-02-27,2081000,290000
1971-03-06,2132000,297000
1971-03-13,2126000,287000
1971-03-20,2140000,291000
1971-03-27,2157000,300000
1971-04-03,2135000,299000
1971-04-10,2156000,279000
1971-04-17,2163000,284000
1971-04-24,2127000,288000
1971-05-01,2157000,290000
1971-05-08,2179000,293000
1971-05-15,2179000,284000
1971-05-22,2167000,295000
1971-05-29,2171000,299000
1971-06-05,2194000,301000
1971-06-12,2199000,295000
1971-06-19,2182000,299000
1971-06-26,2172000,291000
1971-07-03,2116000,277000
1971-07-10,2130000,264000
1971-07-17,2087000,313000
1971-07-24,2129000,304000
1971-07-31,2150000,308000
1971-08-07,2174000,349000
1971-08-14,2202000,325000
1971-08-21,2186000,320000
1971-08-28,2188000,307000
1971-09-04,2228000,359000
1971-09-11,2250000,312000
1971-09-18,2246000,302000
1971-09-25,2233000,308000
1971-10-02,2216000,299000
1971-10-09,2247000,313000
1971-10-16,2190000,299000
1971-10-23,2176000,294000
1971-10-30,2194000,283000
1971-11-06,2204000,301000
1971-11-13,2134000,295000
1971-11-20,2134000,274000
1971-11-27,2111000,278000
1971-12-04,2117000,299000
1971-12-11,2085000,280000
1971-12-18,2109000,269000
1971-12-25,2037000,244000
1972-01-01,1934000,279000
1972-01-08,1931000,295000
1972-01-15,1923000,250000
1972-01-22,1907000,263000
1972-01-29,1921000,269000
1972-02-05,1941000,276000
1972-02-12,1960000,266000
1972-02-19,1902000,258000
1972-02-26,1903000,254000
1972-03-04,1905000,257000
1972-03-11,1906000,264000
1972-03-18,1907000,266000
1972-03-25,1877000,264000
1972-04-01,1913000,258000
1972-04-08,1910000,274000
1972-04-15,1891000,259000
1972-04-22,1855000,259000
1972-04-29,1870000,265000
1972-05-06,1893000,271000
1972-05-13,1874000,266000
1972-05-20,1863000,267000
1972-05-27,1871000,267000
1972-06-03,1857000,264000
1972-06-10,1870000,268000
1972-06-17,1855000,275000
1972-06-24,1871000,286000
1972-07-01,1935000,350000
1972-07-08,1977000,297000
1972-07-15,1947000,318000
1972-07-22,1962000,276000
1972-07-29,1928000,247000
1972-08-05,1855000,250000
1972-08-12,1812000,246000
1972-08-19,1794000,256000
1972-08-26,1792000,262000
1972-09-02,1838000,258000
1972-09-09,1802000,259000
1972-09-16,1799000,258000
1972-09-23,1791000,255000
1972-09-30,1763000,251000
1972-10-07,1771000,263000
1972-10-14,1760000,250000
1972-10-21,1733000,257000
1972-10-28,1750000,234000
1972-11-04,1722000,255000
1972-11-11,1736000,242000
1972-11-18,1727000,271000
1972-11-25,1743000,235000
1972-12-02,1676000,226000
1972-12-09,1681000,252000
1972-12-16,1756000,263000
1972-12-23,1697000,246000
1972-12-30,1663000,225000
1973-01-06,1617000,226000
1973-01-13,1660000,245000
1973-01-20,1607000,229000
1973-01-27,1601000,214000
1973-02-03,1596000,228000
1973-02-10,1594000,226000
1973-02-17,1582000,216000
1973-02-24,1582000,218000
1973-03-03,1579000,225000
1973-03-10,1584000,229000
1973-03-17,1578000,228000
1973-03-24,1562000,232000
1973-03-31,1547000,222000
1973-04-07,1552000,247000
1973-04-14,1539000,230000
1973-04-21,1573000,243000
1973-04-28,1551000,236000
1973-05-05,1560000,248000
1973-05-12,1557000,238000
1973-05-19,1553000,237000
1973-05-26,1567000,238000
1973-06-02,1556000,232000
1973-06-09,1563000,246000
1973-06-16,1576000,237000
1973-06-23,1570000,242000
1973-06-30,1571000,237000
1973-07-07,1605000,248000
1973-07-14,1605000,232000
1973-07-21,1594000,241000
1973-07-28,1603000,250000
1973-08-04,1633000,256000
1973-08-11,1679000,265000
1973-08-18,1672000,258000
1973-08-25,1675000,254000
1973-09-01,1681000,242000
1973-09-08,1688000,252000
1973-09-15,1666000,245000
1973-09-22,1658000,246000
1973-09-29,1658000,249000
1973-10-06,1657000,236000
1973-10-13,1679000,246000
1973-10-20,1646000,249000
1973-10-27,1675000,235000
1973-11-03,1669000,246000
1973-11-10,1702000,282000
1973-11-17,1698000,254000
1973-11-24,1755000,233000
1973-12-01,1692000,256000
1973-12-08,1717000,266000
1973-12-15,1779000,272000
1973-12-22,1836000,326000
1973-12-29,1805000,300000
1974-01-05,1934000,269000
1974-01-12,1949000,340000
1974-01-19,1995000,321000
1974-01-26,1950000,291000
1974-02-02,1963000,302000
1974-02-09,2010000,369000
1974-02-16,2049000,311000
1974-02-23,2027000,292000
1974-03-02,2020000,301000
1974-03-09,2054000,305000
1974-03-16,2068000,315000
1974-03-23,2074000,314000
1974-03-30,2062000,323000
1974-04-06,2066000,296000
1974-04-13,2072000,297000
1974-04-20,2081000,296000
1974-04-27,2045000,283000
1974-05-04,2056000,287000
1974-05-11,2041000,296000
1974-05-18,2053000,298000
1974-05-25,2057000,309000
1974-06-01,2079000,278000
1974-06-08,2067000,314000
1974-06-15,2095000,303000
1974-06-22,2066000,308000
1974-06-29,2074000,325000
1974-07-06,2160000,311000
1974-07-13,2125000,304000
1974-07-20,2109000,303000
1974-07-27,2097000,320000
1974-08-03,2147000,335000
1974-08-10,2171000,347000
1974-08-17,2168000,332000
1974-08-24,2172000,343000
1974-08-31,2211000,350000
1974-09-07,2265000,350000
1974-09-14,2274000,357000
1974-09-21,2273000,370000
1974-09-28,2306000,366000
1974-10-05,2360000,371000
1974-10-12,2396000,413000
1974-10-19,2519000,389000
1974-10-26,2520000,414000
1974-11-02,2623000,406000
1974-11-09,2699000,441000
1974-11-16,2862000,449000
1974-11-23,2748000,518000
1974-11-30,3086000,474000
1974-12-07,3178000,528000
1974-12-14,3291000,510000
1974-12-21,3300000,521000
1974-12-28,3396000,537000
1975-01-04,3554000,456000
1975-01-11,3557000,554000
1975-01-18,3658000,575000
1975-01-25,3708000,555000
1975-02-01,3738000,559000
1975-02-08,3856000,545000
1975-02-15,3863000,530000
1975-02-22,3969000,544000
1975-03-01,4023000,546000
1975-03-08,4147000,551000
1975-03-15,4195000,531000
1975-03-22,4201000,550000
1975-03-29,4310000,555000
1975-04-05,4428000,537000
1975-04-12,4449000,520000
1975-04-19,4497000,531000
1975-04-26,4520000,513000
1975-05-03,4604000,505000
1975-05-10,4597000,507000
1975-05-17,4592000,514000
1975-05-24,4461000,493000
1975-05-31,4637000,475000
1975-06-07,4484000,529000
1975-06-14,4529000,497000
1975-06-21,4406000,497000
1975-06-28,4090000,459000
1975-07-05,4239000,423000
1975-07-12,4057000,446000
1975-07-19,4208000,445000
1975-07-26,4075000,454000
1975-08-02,4015000,454000
1975-08-09,4028000,459000
1975-08-16,3934000,444000
1975-08-23,3940000,457000
1975-08-30,3854000,446000
1975-09-06,3969000,447000
1975-09-13,3880000,456000
1975-09-20,3880000,433000
1975-09-27,3851000,445000
1975-10-04,3868000,426000
1975-10-11,3675000,429000
1975-10-18,3720000,404000
1975-10-25,3662000,426000
1975-11-01,3607000,414000
1975-11-08,3546000,415000
1975-11-15,3551000,386000
1975-11-22,3377000,401000
1975-11-29,3391000,387000
1975-12-06,3331000,373000
1975-12-13,3266000,368000
1975-12-20,3124000,365000
1975-12-27,3072000,391000
1976-01-03,3214000,362000
1976-01-10,3084000,402000
1976-01-17,3026000,370000
1976-01-24,2957000,363000
1976-01-31,2895000,359000
1976-02-07,2912000,353000
1976-02-14,2867000,344000
1976-02-21,2862000,347000
1976-02-28,2822000,349000
1976-03-06,2853000,348000
1976-03-13,2837000,360000
1976-03-20,2852000,368000
1976-03-27,2830000,366000
1976-04-03,2859000,380000
1976-04-10,2840000,373000
1976-04-17,2890000,361000
1976-04-24,2900000,367000
1976-05-01,2940000,385000
1976-05-08,2941000,395000
1976-05-15,2947000,382000
1976-05-22,2961000,394000
1976-05-29,2916000,402000
1976-06-05,2970000,382000
1976-06-12,2950000,407000
1976-06-19,3003000,399000
1976-06-26,3035000,387000
1976-07-03,2958000,394000
1976-07-10,2995000,372000
1976-07-17,3011000,406000
1976-07-24,3019000,394000
1976-07-31,2996000,388000
1976-08-07,3007000,378000
1976-08-14,2990000,382000
1976-08-21,2983000,400000
1976-08-28,3081000,394000
1976-09-04,2988000,421000
1976-09-11,3092000,383000
1976-09-18,3097000,403000
1976-09-25,3103000,423000
1976-10-02,3104000,408000
1976-10-09,3119000,411000
1976-10-16,3074000,403000
1976-10-23,3088000,409000
1976-10-30,3080000,414000
1976-11-06,3079000,390000
1976-11-13,3064000,383000
1976-11-20,3061000,408000
1976-11-27,3019000,377000
1976-12-04,2994000,402000
1976-12-11,2978000,395000
1976-12-18,2900000,365000
1976-12-25,2822000,333000
1977-01-01,2818000,380000
1977-01-08,2764000,416000
1977-01-15,2841000,368000
1977-01-22,2834000,423000
1977-01-29,2879000,422000
1977-02-05,2956000,565000
1977-02-12,2904000,477000
1977-02-19,2772000,399000
1977-02-26,2764000,362000
1977-03-05,2717000,361000
1977-03-12,2728000,355000
1977-03-19,2695000,369000
1977-03-26,2671000,356000
1977-04-02,2655000,350000
1977-04-09,2717000,376000
1977-04-16,2680000,361000
1977-04-23,2660000,375000
1977-04-30,2644000,375000
1977-05-07,2618000,384000
1977-05-14,2635000,381000
1977-05-21,2647000,375000
1977-05-28,2625000,381000
1977-06-04,2650000,363000
1977-06-11,2589000,358000
1977-06-18,2622000,359000
1977-06-25,2616000,365000
1977-07-02,2572000,350000
1977-07-09,2563000,361000
1977-07-16,2591000,366000
1977-07-23,2584000,365000
1977-07-30,2605000,365000
1977-08-06,2605000,378000
1977-08-13,2618000,359000
1977-08-20,2612000,367000
1977-08-27,2607000,365000
1977-09-03,2571000,374000
1977-09-10,2601000,359000
1977-09-17,2605000,362000
1977-09-24,2581000,380000
1977-10-01,2583000,348000
1977-10-08,2575000,365000
1977-10-15,2575000,358000
1977-10-22,2561000,375000
1977-10-29,2587000,349000
1977-11-05,2535000,366000
1977-11-12,2592000,334000
1977-11-19,2527000,360000
1977-11-26,2620000,354000
1977-12-03,2505000,367000
1977-12-10,2529000,364000
1977-12-17,2558000,359000
1977-12-24,2482000,344000
1977-12-31,2461000,364000
1978-01-07,2456000,346000
1978-01-14,2418000,343000
1978-01-21,2522000,352000
1978-01-28,2578000,363000
1978-02-04,2468000,360000
1978-02-11,2656000,373000
1978-02-18,2545000,429000
1978-02-25,2553000,371000
1978-03-04,2529000,355000
1978-03-11,2526000,359000
1978-03-18,2471000,347000
1978-03-25,2473000,335000
1978-04-01,2453000,333000
1978-04-08,2397000,345000
1978-04-15,2339000,309000
1978-04-22,2287000,319000
1978-04-29,2272000,324000
1978-05-06,2246000,334000
1978-05-13,2231000,322000
1978-05-20,2238000,334000
1978-05-27,2211000,318000
1978-06-03,2224000,310000
1978-06-10,2189000,331000
1978-06-17,2225000,326000
1978-06-24,2249000,330000
1978-07-01,2242000,348000
1978-07-08,2331000,356000
1978-07-15,2328000,352000
1978-07-22,2321000,349000
1978-07-29,2344000,346000
1978-08-05,2395000,365000
1978-08-12,2422000,354000
1978-08-19,2405000,343000
1978-08-26,2370000,333000
1978-09-02,2336000,313000
1978-09-09,2278000,337000
1978-09-16,2271000,322000
1978-09-23,2247000,323000
1978-09-30,2217000,318000
1978-10-07,2219000,343000
1978-10-14,2274000,316000
1978-10-21,2207000,338000
1978-10-28,2222000,316000
1978-11-04,2188000,317000
1978-11-11,2200000,304000
1978-11-18,2158000,342000
1978-11-25,2349000,359000
1978-12-02,2248000,377000
1978-12-09,2292000,344000
1978-12-16,2328000,347000
1978-12-23,2276000,352000
1978-12-30,2289000,358000
1979-01-06,2366000,359000
1979-01-13,2368000,392000
1979-01-20,2403000,337000
1979-01-27,2393000,342000
1979-02-03,2411000,348000
1979-02-10,2412000,359000
1979-02-17,2383000,367000
1979-02-24,2451000,360000
1979-03-03,2451000,355000
1979-03-10,2413000,363000
1979-03-17,2377000,359000
1979-03-24,2353000,353000
1979-03-31,2335000,360000
1979-04-07,2368000,465000
1979-04-14,2467000,457000
1979-04-21,2408000,383000
1979-04-28,2351000,357000
1979-05-05,2292000,353000
1979-05-12,2261000,344000
1979-05-19,2238000,346000
1979-05-26,2246000,349000
1979-06-02,2260000,336000
1979-06-09,2207000,365000
1979-06-16,2234000,351000
1979-06-23,2275000,379000
1979-06-30,2282000,369000
1979-07-07,2368000,368000
1979-07-14,2356000,368000
1979-07-21,2335000,395000
1979-07-28,2375000,386000
1979-08-04,2422000,412000
1979-08-11,2466000,386000
1979-08-18,2474000,387000
1979-08-25,2471000,390000
1979-09-01,2448000,389000
1979-09-08,2432000,378000
1979-09-15,2431000,384000
1979-09-22,2404000,388000
1979-09-29,2426000,390000
1979-10-06,2428000,412000
1979-10-13,2535000,393000
1979-10-20,2475000,406000
1979-10-27,2522000,398000
1979-11-03,2569000,395000
1979-11-10,2537000,414000
1979-11-17,2656000,430000
1979-11-24,2648000,414000
1979-12-01,2698000,416000
1979-12-08,2685000,415000
1979-12-15,2712000,411000
1979-12-22,2674000,471000
1979-12-29,2725000,428000
1980-01-05,2749000,394000
1980-01-12,2778000,405000
1980-01-19,2783000,446000
1980-01-26,2817000,412000
1980-02-02,2864000,404000
1980-02-09,2867000,425000
1980-02-16,2877000,415000
1980-02-23,2866000,428000
1980-03-01,2848000,409000
1980-03-08,2883000,418000
1980-03-15,2888000,432000
1980-03-22,2921000,435000
1980-03-29,2866000,475000
1980-04-05,3007000,464000
1980-04-12,3085000,544000
1980-04-19,3188000,548000
1980-04-26,3226000,563000
1980-05-03,3334000,572000
1980-05-10,3417000,601000
1980-05-17,3544000,642000
1980-05-24,3698000,627000
1980-05-31,3731000,637000
1980-06-07,3781000,610000
1980-06-14,3779000,592000
1980-06-21,3858000,599000
1980-06-28,3912000,627000
1980-07-05,3823000,579000
1980-07-12,3836000,533000
1980-07-19,3872000,567000
1980-07-26,3851000,558000
1980-08-02,3789000,569000
1980-08-09,3862000,533000
1980-08-16,3813000,525000
1980-08-23,3754000,512000
1980-08-30,3808000,502000
1980-09-06,3698000,511000
1980-09-13,3699000,492000
1980-09-20,3698000,465000
1980-09-27,3679000,463000
1980-10-04,3672000,462000
1980-10-11,3549000,447000
1980-10-18,3477000,425000
1980-10-25,3527000,418000
1980-11-01,3391000,419000
1980-11-08,3380000,407000
1980-11-15,3260000,427000
1980-11-22,3303000,398000
1980-11-29,3169000,412000
1980-12-06,3185000,416000
1980-12-13,3125000,413000
1980-12-20,3056000,412000
1980-12-27,3136000,399000
1981-01-03,3123000,410000
1981-01-10,3082000,419000
1981-01-17,3023000,421000
1981-01-24,2988000,396000
1981-01-31,2975000,419000
1981-02-07,2945000,420000
1981-02-14,3043000,423000
1981-02-21,3023000,438000
1981-02-28,2901000,434000
1981-03-07,2931000,409000
1981-03-14,2905000,408000
1981-03-21,2885000,401000
1981-03-28,2876000,412000
1981-04-04,2875000,417000
1981-04-11,2800000,396000
1981-04-18,2860000,392000
1981-04-25,2893000,436000
1981-05-02,2944000,413000
1981-05-09,2887000,423000
1981-05-16,2865000,414000
1981-05-23,2862000,415000
1981-05-30,2962000,417000
1981-06-06,2877000,428000
1981-06-13,2867000,425000
1981-06-20,2886000,435000
1981-06-27,2983000,444000
1981-07-04,2886000,460000
1981-07-11,2845000,426000
1981-07-18,2902000,430000
1981-07-25,2899000,407000
1981-08-01,2867000,476000
1981-08-08,2998000,448000
1981-08-15,2966000,442000
1981-08-22,2957000,434000
1981-08-29,2954000,451000
1981-09-05,2914000,473000
1981-09-12,3051000,454000
1981-09-19,3014000,475000
1981-09-26,3073000,491000
1981-10-03,3069000,489000
1981-10-10,3098000,491000
1981-10-17,3104000,487000
1981-10-24,3181000,483000
1981-10-31,3183000,514000
1981-11-07,3282000,514000
1981-11-14,3291000,517000
1981-11-21,3416000,464000
1981-11-28,3360000,552000
1981-12-05,3517000,558000
1981-12-12,3397000,551000
1981-12-19,3551000,539000
1981-12-26,3636000,556000
1982-01-02,3523000,495000
1982-01-09,3398000,545000
1982-01-16,3624000,489000
1982-01-23,3602000,564000
1982-01-30,3521000,583000
1982-02-06,3617000,556000
1982-02-13,3490000,507000
1982-02-20,3562000,544000
1982-02-27,3553000,528000
1982-03-06,3619000,556000
1982-03-13,3605000,539000
1982-03-20,3684000,557000
1982-03-27,3714000,574000
1982-04-03,3720000,578000
1982-04-10,3841000,585000
1982-04-17,3967000,597000
1982-04-24,3930000,588000
1982-05-01,3960000,576000
1982-05-08,3972000,584000
1982-05-15,3968000,585000
1982-05-22,4103000,586000
1982-05-29,3956000,588000
1982-06-05,4094000,611000
1982-06-12,4121000,614000
1982-06-19,4105000,591000
1982-06-26,4057000,582000
1982-07-03,4139000,600000
1982-07-10,4025000,572000
1982-07-17,4148000,567000
1982-07-24,4155000,536000
1982-07-31,4040000,605000
1982-08-07,4191000,606000
1982-08-14,4234000,637000
1982-08-21,4300000,628000
1982-08-28,4316000,647000
1982-09-04,4356000,651000
1982-09-11,4445000,641000
1982-09-18,4468000,680000
1982-09-25,4542000,671000
1982-10-02,4629000,695000
1982-10-09,4689000,651000
1982-10-16,4599000,656000
1982-10-23,4686000,623000
1982-10-30,4595000,637000
1982-11-06,4713000,589000
1982-11-13,4554000,599000
1982-11-20,4695000,577000
1982-11-27,4442000,612000
1982-12-04,4509000,557000
1982-12-11,4339000,533000
1982-12-18,4371000,516000
1982-12-25,4381000,489000
1983-01-01,4010000,534000
1983-01-08,3885000,510000
1983-01-15,3950000,479000
1983-01-22,3860000,479000
1983-01-29,3890000,503000
1983-02-05,3877000,501000
1983-02-12,3865000,486000
1983-02-19,3819000,487000
1983-02-26,3876000,481000
1983-03-05,3797000,495000
1983-03-12,3787000,475000
1983-03-19,3752000,470000
1983-03-26,3734000,481000
1983-04-02,3759000,491000
1983-04-09,3814000,496000
1983-04-16,3744000,515000
1983-04-23,3762000,488000
1983-04-30,3722000,490000
1983-05-07,3714000,494000
1983-05-14,3625000,464000
1983-05-21,3701000,460000
1983-05-28,3457000,454000
1983-06-04,3548000,459000
1983-06-11,3453000,442000
1983-06-18,3452000,434000
1983-06-25,3369000,442000
1983-07-02,3239000,422000
1983-07-09,3226000,412000
1983-07-16,3216000,396000
1983-07-23,3155000,395000
1983-07-30,3112000,415000
1983-08-06,3106000,415000
1983-08-13,3107000,457000
1983-08-20,3131000,445000
1983-08-27,3079000,426000
1983-09-03,3055000,411000
1983-09-10,3007000,403000
1983-09-17,2993000,405000
1983-09-24,2973000,416000
1983-10-01,2926000,413000
1983-10-08,2929000,406000
1983-10-15,2913000,394000
1983-10-22,2886000,394000
1983-10-29,2860000,404000
1983-11-05,2750000,395000
1983-11-12,2789000,390000
1983-11-19,2879000,387000
1983-11-26,2733000,398000
1983-12-03,2737000,365000
1983-12-10,2666000,368000
1983-12-17,2796000,362000
1983-12-24,2718000,377000
1983-12-31,2644000,372000
1984-01-07,2588000,356000
1984-01-14,2522000,351000
1984-01-21,2531000,333000
1984-01-28,2556000,364000
1984-02-04,2531000,342000
1984-02-11,2453000,338000
1984-02-18,2425000,334000
1984-02-25,2469000,343000
1984-03-03,2441000,347000
1984-03-10,2431000,346000
1984-03-17,2426000,349000
1984-03-24,2412000,346000
1984-03-31,2412000,341000
1984-04-07,2425000,381000
1984-04-14,2396000,357000
1984-04-21,2433000,364000
1984-04-28,2435000,375000
1984-05-05,2430000,365000
1984-05-12,2386000,368000
1984-05-19,2401000,354000
1984-05-26,2323000,354000
1984-06-02,2379000,355000
1984-06-09,2391000,369000
1984-06-16,2364000,361000
1984-06-23,2339000,362000
1984-06-30,2329000,360000
1984-07-07,2375000,366000
1984-07-14,2371000,360000
1984-07-21,2337000,357000
1984-07-28,2329000,359000
1984-08-04,2332000,382000
1984-08-11,2390000,380000
1984-08-18,2416000,401000
1984-08-25,2405000,395000
1984-09-01,2410000,385000
1984-09-08,2435000,402000
1984-09-15,2434000,393000
1984-09-22,2421000,395000
1984-09-29,2474000,402000
1984-10-06,2455000,403000
1984-10-13,2538000,410000
1984-10-20,2529000,439000
1984-10-27,2574000,425000
1984-11-03,2578000,423000
1984-11-10,2545000,393000
1984-11-17,2645000,383000
1984-11-24,2569000,429000
1984-12-01,2529000,401000
1984-12-08,2589000,383000
1984-12-15,2594000,386000
1984-12-22,2487000,379000
1984-12-29,2536000,379000
1985-01-05,2593000,369000
1985-01-12,2543000,387000
1985-01-19,2472000,359000
1985-01-26,2601000,368000
1985-02-02,2632000,386000
1985-02-09,2608000,401000
1985-02-16,2613000,390000
1985-02-23,2641000,390000
1985-03-02,2571000,374000
1985-03-09,2591000,385000
1985-03-16,2578000,386000
1985-03-23,2556000,373000
1985-03-30,2526000,386000
1985-04-06,2569000,405000
1985-04-13,2600000,411000
1985-04-20,2584000,391000
1985-04-27,2562000,386000
1985-05-04,2582000,390000
1985-05-11,2569000,394000
1985-05-18,2547000,391000
1985-05-25,2545000,396000
1985-06-01,2591000,393000
1985-06-08,2564000,403000
1985-06-15,2549000,390000
1985-06-22,2550000,386000
1985-06-29,2505000,390000
1985-07-06,2609000,395000
1985-07-13,2519000,386000
1985-07-20,2520000,370000
1985-07-27,2522000,362000
1985-08-03,2518000,407000
1985-08-10,2565000,402000
1985-08-17,2574000,399000
1985-08-24,2561000,405000
1985-08-31,2595000,409000
1985-09-07,2596000,426000
1985-09-14,2590000,408000
1985-09-21,2513000,401000
1985-09-28,2623000,399000
1985-10-05,2657000,405000
1985-10-12,2569000,400000
1985-10-19,2644000,400000
1985-10-26,2657000,418000
1985-11-02,2673000,398000
1985-11-09,2612000,397000
1985-11-16,2618000,397000
1985-11-23,2585000,382000
1985-11-30,2638000,393000
1985-12-07,2744000,399000
1985-12-14,2680000,382000
1985-12-21,2543000,370000
1985-12-28,2608000,390000
1986-01-04,2694000,362000
1986-01-11,2636000,397000
1986-01-18,2516000,364000
1986-01-25,2570000,344000
1986-02-01,2531000,364000
1986-02-08,2548000,366000
1986-02-15,2569000,358000
1986-02-22,2626000,390000
1986-03-01,2570000,375000
1986-03-08,2603000,366000
1986-03-15,2589000,382000
1986-03-22,2592000,387000
1986-03-29,2614000,396000
1986-04-05,2625000,381000
1986-04-12,2570000,388000
1986-04-19,2613000,383000
1986-04-26,2627000,391000
1986-05-03,2670000,392000
1986-05-10,2670000,395000
1986-05-17,2669000,384000
1986-05-24,2638000,386000
1986-05-31,2708000,373000
1986-06-07,2653000,375000
1986-06-14,2644000,369000
1986-06-21,2637000,367000
1986-06-28,2606000,371000
1986-07-05,2669000,371000
1986-07-12,2552000,361000
1986-07-19,2593000,354000
1986-07-26,2618000,362000
1986-08-02,2583000,416000
1986-08-09,2686000,416000
1986-08-16,2658000,407000
1986-08-23,2687000,397000
1986-08-30,2664000,401000
1986-09-06,2756000,400000
1986-09-13,2671000,394000
1986-09-20,2703000,399000
1986-09-27,2698000,389000
1986-10-04,2780000,391000
1986-10-11,2665000,387000
1986-10-18,2723000,385000
1986-10-25,2707000,370000
1986-11-01,2646000,364000
1986-11-08,2614000,349000
1986-11-15,2653000,368000
1986-11-22,2555000,369000
1986-11-29,2686000,366000
1986-12-06,2634000,363000
1986-12-13,2587000,375000
1986-12-20,2499000,350000
1986-12-27,2565000,345000
1987-01-03,2590000,323000
1987-01-10,2508000,348000
1987-01-17,2443000,341000
1987-01-24,2506000,346000
1987-01-31,2515000,370000
1987-02-07,2496000,368000
1987-02-14,2451000,338000
1987-02-21,2481000,341000
1987-02-28,2460000,348000
1987-03-07,2456000,337000
1987-03-14,2450000,335000
1987-03-21,2401000,335000
1987-03-28,2410000,326000
1987-04-04,2482000,330000
1987-04-11,2366000,338000
1987-04-18,2410000,349000
1987-04-25,2386000,328000
1987-05-02,2302000,330000
1987-05-09,2347000,315000
1987-05-16,2326000,341000
1987-05-23,2275000,343000
1987-05-30,2370000,326000
1987-06-06,2259000,328000
1987-06-13,2278000,316000
1987-06-20,2258000,319000
1987-06-27,2321000,326000
1987-07-04,2173000,326000
1987-07-11,2155000,317000
1987-07-18,2211000,310000
1987-07-25,2247000,324000
1987-08-01,2232000,348000
1987-08-08,2263000,327000
1987-08-15,2194000,319000
1987-08-22,2190000,312000
1987-08-29,2179000,322000
1987-09-05,2125000,316000
1987-09-12,2172000,297000
1987-09-19,2351000,309000
1987-09-26,2139000,317000
1987-10-03,2151000,301000
1987-10-10,2101000,308000
1987-10-17,2074000,301000
1987-10-24,1966000,301000
1987-10-31,1942000,289000
1987-11-07,2054000,297000
1987-11-14,2109000,307000
1987-11-21,2064000,317000
1987-11-28,2102000,306000
1987-12-05,2125000,319000
1987-12-12,2092000,317000
1987-12-19,2105000,323000
1987-12-26,2140000,316000
1988-01-02,2096000,315000
1988-01-09,2231000,325000
1988-01-16,2186000,361000
1988-01-23,2214000,335000
1988-01-30,2213000,342000
1988-02-06,2180000,318000
1988-02-13,2184000,311000
1988-02-20,2091000,327000
1988-02-27,2111000,319000
1988-03-05,2147000,307000
1988-03-12,2112000,304000
1988-03-19,2112000,307000
1988-03-26,2077000,304000
1988-04-02,2086000,309000
1988-04-09,2104000,313000
1988-04-16,2072000,314000
1988-04-23,2067000,312000
1988-04-30,2077000,313000
1988-05-07,2059000,309000
1988-05-14,2068000,314000
1988-05-21,2099000,319000
1988-05-28,2045000,313000
1988-06-04,2040000,310000
1988-06-11,2068000,305000
1988-06-18,2034000,311000
1988-06-25,2030000,307000
1988-07-02,2035000,305000
1988-07-09,2027000,303000
1988-07-16,2073000,315000
1988-07-23,2083000,354000
1988-07-30,2108000,331000
1988-08-06,2101000,316000
1988-08-13,2070000,312000
1988-08-20,2099000,316000
1988-08-27,2082000,315000
1988-09-03,2091000,306000
1988-09-10,2053000,305000
1988-09-17,2106000,306000
1988-09-24,2053000,301000
1988-10-01,2041000,292000
1988-10-08,2017000,292000
1988-10-15,1994000,293000
1988-10-22,2011000,286000
1988-10-29,2015000,294000
1988-11-05,1898000,285000
1988-11-12,2011000,284000
1988-11-19,1981000,294000
1988-11-26,2023000,299000
1988-12-03,2006000,298000
1988-12-10,2013000,285000
1988-12-17,2054000,293000
1988-12-24,2061000,286000
1988-12-31,2092000,304000
1989-01-07,2056000,299000
1989-01-14,2069000,283000
1989-01-21,2048000,282000
1989-01-28,2071000,295000
1989-02-04,2074000,288000
1989-02-11,2103000,322000
1989-02-18,2111000,305000
1989-02-25,2167000,300000
1989-03-04,2110000,325000
1989-03-11,2163000,325000
1989-03-18,2108000,319000
1989-03-25,2145000,319000
1989-04-01,2117000,323000
1989-04-08,2117000,314000
1989-04-15,2092000,307000
1989-04-22,2104000,304000
1989-04-29,2064000,311000
1989-05-06,2089000,320000
1989-05-13,2144000,332000
1989-05-20,2085000,321000
1989-05-27,2056000,325000
1989-06-03,2117000,325000
1989-06-10,2110000,332000
1989-06-17,2113000,337000
1989-06-24,2151000,338000
1989-07-01,2133000,349000
1989-07-08,2207000,341000
1989-07-15,2217000,349000
1989-07-22,2159000,332000
1989-07-29,2181000,337000
1989-08-05,2236000,338000
1989-08-12,2214000,341000
1989-08-19,2195000,327000
1989-08-26,2184000,332000
1989-09-02,2199000,329000
1989-09-09,2207000,336000
1989-09-16,2169000,334000
1989-09-23,2249000,334000
1989-09-30,2220000,347000
1989-10-07,2279000,407000
1989-10-14,2293000,345000
1989-10-21,2295000,347000
1989-10-28,2257000,354000
1989-11-04,2280000,333000
1989-11-11,2271000,336000
1989-11-18,2289000,336000
1989-11-25,2300000,342000
1989-12-02,2271000,344000
1989-12-09,2265000,338000
1989-12-16,2295000,355000
1989-12-23,2292000,381000
1989-12-30,2302000,358000
1990-01-06,2347000,355000
1990-01-13,2349000,369000
1990-01-20,2407000,375000
1990-01-27,2316000,345000
1990-02-03,2364000,368000
1990-02-10,2323000,367000
1990-02-17,2382000,348000
1990-02-24,2347000,350000
1990-03-03,2385000,351000
1990-03-10,2341000,349000
1990-03-17,2384000,349000
1990-03-24,2344000,331000
1990-03-31,2365000,346000
1990-04-07,2323000,367000
1990-04-14,2410000,357000
1990-04-21,2385000,360000
1990-04-28,2403000,363000
1990-05-05,2374000,354000
1990-05-12,2374000,355000
1990-05-19,2381000,353000
1990-05-26,2431000,359000
1990-06-02,2406000,368000
1990-06-09,2438000,359000
1990-06-16,2402000,359000
1990-06-23,2431000,362000
1990-06-30,2442000,364000
1990-07-07,2487000,362000
1990-07-14,2498000,367000
1990-07-21,2441000,370000
1990-07-28,2461000,369000
1990-08-04,2460000,369000
1990-08-11,2500000,381000
1990-08-18,2537000,393000
1990-08-25,2540000,394000
1990-09-01,2579000,392000
1990-09-08,2585000,390000
1990-09-15,2591000,395000
1990-09-22,2578000,389000
1990-09-29,2644000,404000
1990-10-06,2621000,404000
1990-10-13,2753000,422000
1990-10-20,2722000,435000
1990-10-27,2787000,440000
1990-11-03,2813000,430000
1990-11-10,2789000,448000
1990-11-17,2996000,447000
1990-11-24,2955000,462000
1990-12-01,2918000,451000
1990-12-08,3000000,449000
1990-12-15,2984000,447000
1990-12-22,3001000,474000
1990-12-29,2938000,454000
1991-01-05,3062000,415000
1991-01-12,3111000,437000
1991-01-19,3017000,445000
1991-01-26,3162000,462000
1991-02-02,3228000,483000
1991-02-09,3226000,480000
1991-02-16,3293000,474000
1991-02-23,3304000,499000
1991-03-02,3357000,488000
1991-03-09,3384000,499000
1991-03-16,3448000,498000
1991-03-23,3404000,509000
1991-03-30,3502000,499000
1991-04-06,3493000,452000
1991-04-13,3464000,477000
1991-04-20,3502000,478000
1991-04-27,3474000,462000
1991-05-04,3524000,451000
1991-05-11,3492000,446000
1991-05-18,3459000,448000
1991-05-25,3472000,443000
1991-06-01,3522000,432000
1991-06-08,3439000,441000
1991-06-15,3428000,429000
1991-06-22,3389000,423000
1991-06-29,3356000,418000
1991-07-06,3393000,422000
1991-07-13,3255000,420000
1991-07-20,3276000,408000
1991-07-27,3306000,423000
1991-08-03,3307000,438000
1991-08-10,3314000,437000
1991-08-17,3282000,433000
1991-08-24,3277000,425000
1991-08-31,3279000,425000
1991-09-07,3326000,424000
1991-09-14,3275000,418000
1991-09-21,3294000,419000
1991-09-28,3290000,437000
1991-10-05,3388000,424000
1991-10-12,3237000,425000
1991-10-19,3320000,419000
1991-10-26,3299000,423000
1991-11-02,3336000,447000
1991-11-09,3328000,453000
1991-11-16,3315000,439000
1991-11-23,3226000,444000
1991-11-30,3348000,444000
1991-12-07,3388000,475000
1991-12-14,3405000,475000
1991-12-21,3264000,436000
1991-12-28,3340000,441000
1992-01-04,3410000,432000
1992-01-11,3342000,440000
1992-01-18,3297000,443000
1992-01-25,3364000,441000
1992-02-01,3301000,440000
1992-02-08,3320000,445000
1992-02-15,3260000,446000
1992-02-22,3412000,436000
1992-02-29,3280000,444000
1992-03-07,3288000,421000
1992-03-14,3280000,437000
1992-03-21,3344000,440000
1992-03-28,3336000,420000
1992-04-04,3383000,412000
1992-04-11,3288000,413000
1992-04-18,3339000,424000
1992-04-25,3365000,424000
1992-05-02,3397000,431000
1992-05-09,3354000,417000
1992-05-16,3296000,414000
1992-05-23,3285000,414000
1992-05-30,3392000,411000
1992-06-06,3265000,416000
1992-06-13,3270000,420000
1992-06-20,3284000,419000
1992-06-27,3340000,420000
1992-07-04,3212000,407000
1992-07-11,3103000,408000
1992-07-18,3238000,392000
1992-07-25,3318000,564000
1992-08-01,3467000,423000
1992-08-08,3211000,406000
1992-08-15,3210000,401000
1992-08-22,3188000,398000
1992-08-29,3175000,408000
1992-09-05,3167000,416000
1992-09-12,3261000,416000
1992-09-19,3195000,427000
1992-09-26,3194000,409000
1992-10-03,3121000,398000
1992-10-10,3072000,374000
1992-10-17,3083000,385000
1992-10-24,3063000,367000
1992-10-31,2973000,365000
1992-11-07,3017000,374000
1992-11-14,2962000,377000
1992-11-21,2906000,357000
1992-11-28,2911000,341000
1992-12-05,2918000,350000
1992-12-12,2807000,359000
1992-12-19,2770000,334000
1992-12-26,2800000,313000
1993-01-02,2729000,341000
1993-01-09,2697000,354000
1993-01-16,2749000,352000
1993-01-23,2727000,341000
1993-01-30,2663000,340000
1993-02-06,2645000,319000
1993-02-13,2628000,321000
1993-02-20,2646000,351000
1993-02-27,2645000,362000
1993-03-06,2683000,354000
1993-03-13,2618000,346000
1993-03-20,2724000,338000
1993-03-27,2725000,366000
1993-04-03,2729000,365000
1993-04-10,2781000,353000
1993-04-17,2800000,351000
1993-04-24,2792000,350000
1993-05-01,2747000,343000
1993-05-08,2820000,339000
1993-05-15,2772000,345000
1993-05-22,2816000,342000
1993-05-29,2737000,349000
1993-06-05,2808000,343000
1993-06-12,2836000,343000
1993-06-19,2857000,345000
1993-06-26,2747000,340000
1993-07-03,2724000,334000
1993-07-10,2778000,314000
1993-07-17,2766000,335000
1993-07-24,2803000,415000
1993-07-31,2843000,356000
1993-08-07,2813000,346000
1993-08-14,2791000,339000
1993-08-21,2821000,342000
1993-08-28,2788000,337000
1993-09-04,2768000,334000
1993-09-11,2844000,333000
1993-09-18,2856000,346000
1993-09-25,2836000,343000
1993-10-02,2810000,333000
1993-10-09,2799000,355000
1993-10-16,2833000,359000
1993-10-23,2882000,354000
1993-10-30,2801000,348000
1993-11-06,2833000,350000
1993-11-13,2785000,341000
1993-11-20,2801000,336000
1993-11-27,2784000,337000
1993-12-04,2802000,337000
1993-12-11,2747000,334000
1993-12-18,2780000,331000
1993-12-25,2720000,290000
1994-01-01,2633000,341000
1994-01-08,2705000,343000
1994-01-15,2634000,355000
1994-01-22,2814000,351000
1994-01-29,2762000,406000
1994-02-05,2764000,361000
1994-02-12,2861000,354000
1994-02-19,2748000,352000
1994-02-26,2797000,327000
1994-03-05,2779000,348000
1994-03-12,2783000,341000
1994-03-19,2746000,332000
1994-03-26,2710000,322000
1994-04-02,2730000,342000
1994-04-09,2773000,349000
1994-04-16,2716000,354000
1994-04-23,2695000,331000
1994-04-30,2769000,344000
1994-05-07,2726000,371000
1994-05-14,2792000,360000
1994-05-21,2766000,357000
1994-05-28,2727000,348000
1994-06-04,2740000,345000
1994-06-11,2755000,338000
1994-06-18,2698000,336000
1994-06-25,2687000,341000
1994-07-02,2672000,334000
1994-07-09,2670000,341000
1994-07-16,2680000,359000
1994-07-23,2650000,345000
1994-07-30,2626000,332000
1994-08-06,2644000,338000
1994-08-13,2639000,335000
1994-08-20,2659000,331000
1994-08-27,2648000,341000
1994-09-03,2645000,339000
1994-09-10,2633000,331000
1994-09-17,2638000,326000
1994-09-24,2601000,325000
1994-10-01,2597000,330000
1994-10-08,2561000,341000
1994-10-15,2620000,335000
1994-10-22,2556000,330000
1994-10-29,2536000,331000
1994-11-05,2538000,328000
1994-11-12,2528000,329000
1994-11-19,2533000,326000
1994-11-26,2530000,329000
1994-12-03,2513000,324000
1994-12-10,2508000,329000
1994-12-17,2557000,330000
1994-12-24,2567000,314000
1994-12-31,2499000,319000
1995-01-07,2486000,338000
1995-01-14,2559000,347000
1995-01-21,2473000,325000
1995-01-28,2532000,324000
1995-02-04,2501000,324000
1995-02-11,2515000,348000
1995-02-18,2541000,343000
1995-02-25,2533000,336000
1995-03-04,2518000,339000
1995-03-11,2564000,347000
1995-03-18,2513000,343000
1995-03-25,2530000,332000
1995-04-01,2484000,335000
1995-04-08,2500000,347000
1995-04-15,2505000,355000
1995-04-22,2569000,349000
1995-04-29,2539000,365000
1995-05-06,2535000,364000
1995-05-13,2567000,366000
1995-05-20,2616000,377000
1995-05-27,2574000,374000
1995-06-03,2608000,362000
1995-06-10,2614000,367000
1995-06-17,2603000,378000
1995-06-24,2602000,358000
1995-07-01,2596000,355000
1995-07-08,2651000,372000
1995-07-15,2677000,389000
1995-07-22,2605000,390000
1995-07-29,2585000,351000
1995-08-05,2592000,351000
1995-08-12,2612000,353000
1995-08-19,2615000,362000
1995-08-26,2610000,359000
1995-09-02,2613000,355000
1995-09-09,2636000,371000
1995-09-16,2650000,376000
1995-09-23,2626000,353000
1995-09-30,2609000,355000
1995-10-07,2651000,374000
1995-10-14,2688000,369000
1995-10-21,2640000,366000
1995-10-28,2674000,377000
1995-11-04,2649000,380000
1995-11-11,2674000,370000
1995-11-18,2653000,379000
1995-11-25,2712000,379000
1995-12-02,2623000,373000
1995-12-09,2629000,346000
1995-12-16,2631000,373000
1995-12-23,2622000,374000
1995-12-30,2558000,359000
1996-01-06,2549000,361000
1996-01-13,2702000,333000
1996-01-20,2707000,415000
1996-01-27,2637000,387000
1996-02-03,2750000,374000
1996-02-10,2672000,387000
1996-02-17,2694000,383000
1996-02-24,2655000,365000
1996-03-02,2688000,368000
1996-03-09,2647000,361000
1996-03-16,2677000,384000
1996-03-23,2738000,426000
1996-03-30,2675000,393000
1996-04-06,2648000,369000
1996-04-13,2657000,357000
1996-04-20,2620000,368000
1996-04-27,2609000,343000
1996-05-04,2602000,338000
1996-05-11,2586000,352000
1996-05-18,2584000,345000
1996-05-25,2590000,343000
1996-06-01,2553000,340000
1996-06-08,2521000,351000
1996-06-15,2560000,342000
1996-06-22,2550000,341000
1996-06-29,2556000,337000
1996-07-06,2501000,342000
1996-07-13,2495000,347000
1996-07-20,2492000,332000
1996-07-27,2472000,327000
1996-08-03,2476000,326000
1996-08-10,2492000,331000
1996-08-17,2495000,336000
1996-08-24,2493000,337000
1996-08-31,2516000,329000
1996-09-07,2443000,333000
1996-09-14,2486000,338000
1996-09-21,2484000,352000
1996-09-28,2479000,348000
1996-10-05,2496000,335000
1996-10-12,2422000,334000
1996-10-19,2449000,335000
1996-10-26,2474000,352000
1996-11-02,2452000,334000
1996-11-09,2475000,327000
1996-11-16,2406000,342000
1996-11-23,2350000,347000
1996-11-30,2460000,332000
1996-12-07,2484000,355000
1996-12-14,2464000,352000
1996-12-21,2506000,350000
1996-12-28,2497000,357000
1997-01-04,2552000,347000
1997-01-11,2473000,324000
1997-01-18,2434000,345000
1997-01-25,2492000,340000
1997-02-01,2403000,333000
1997-02-08,2436000,315000
1997-02-15,2407000,313000
1997-02-22,2414000,322000
1997-03-01,2370000,321000
1997-03-08,2371000,317000
1997-03-15,2344000,319000
1997-03-22,2322000,315000
1997-03-29,2331000,325000
1997-04-05,2359000,325000
1997-04-12,2307000,330000
1997-04-19,2304000,316000
1997-04-26,2327000,337000
1997-05-03,2339000,342000
1997-05-10,2318000,318000
1997-05-17,2276000,322000
1997-05-24,2274000,316000
1997-05-31,2307000,321000
1997-06-07,2276000,329000
1997-06-14,2265000,335000
1997-06-21,2303000,316000
1997-06-28,2338000,322000
1997-07-05,2289000,346000
1997-07-12,2262000,328000
1997-07-19,2268000,301000
1997-07-26,2259000,306000
1997-08-02,2235000,320000
1997-08-09,2270000,329000
1997-08-16,2290000,343000
1997-08-23,2283000,327000
1997-08-30,2284000,332000
1997-09-06,2265000,313000
1997-09-13,2200000,314000
1997-09-20,2241000,317000
1997-09-27,2233000,317000
1997-10-04,2239000,311000
1997-10-11,2213000,305000
1997-10-18,2182000,318000
1997-10-25,2228000,306000
1997-11-01,2201000,313000
1997-11-08,2207000,308000
1997-11-15,2209000,325000
1997-11-22,2216000,309000
1997-11-29,2242000,318000
1997-12-06,2230000,317000
1997-12-13,2231000,323000
1997-12-20,2189000,310000
1997-12-27,2291000,303000
1998-01-03,2369000,312000
1998-01-10,2291000,331000
1998-01-17,2241000,341000
1998-01-24,2275000,307000
1998-01-31,2200000,315000
1998-02-07,2253000,311000
1998-02-14,2227000,321000
1998-02-21,2208000,327000
1998-02-28,2209000,317000
1998-03-07,2208000,308000
1998-03-14,2237000,319000
1998-03-21,2227000,321000
1998-03-28,2215000,312000
1998-04-04,2166000,312000
1998-04-11,2202000,304000
1998-04-18,2210000,317000
1998-04-25,2152000,311000
1998-05-02,2135000,304000
1998-05-09,2140000,306000
1998-05-16,2118000,315000
1998-05-23,2134000,309000
1998-05-30,2146000,322000
1998-06-06,2122000,306000
1998-06-13,2159000,321000
1998-06-20,2188000,349000
1998-06-27,2388000,376000
1998-07-04,2290000,362000
1998-07-11,2323000,320000
1998-07-18,2339000,315000
1998-07-25,2383000,335000
1998-08-01,2336000,327000
1998-08-08,2258000,316000
1998-08-15,2210000,308000
1998-08-22,2202000,302000
1998-08-29,2182000,310000
1998-09-05,2160000,313000
1998-09-12,2190000,304000
1998-09-19,2114000,305000
1998-09-26,2148000,294000
1998-10-03,2156000,302000
1998-10-10,2167000,316000
1998-10-17,2168000,318000
1998-10-24,2169000,309000
1998-10-31,2162000,308000
1998-11-07,2195000,316000
1998-11-14,2177000,334000
1998-11-21,2207000,304000
1998-11-28,2236000,310000
1998-12-05,2239000,326000
1998-12-12,2205000,305000
1998-12-19,2171000,297000
1998-12-26,2266000,336000
1999-01-02,2303000,331000
1999-01-09,2289000,345000
1999-01-16,2316000,339000
1999-01-23,2269000,311000
1999-01-30,2259000,305000
1999-02-06,2253000,291000
1999-02-13,2253000,312000
1999-02-20,2237000,302000
1999-02-27,2219000,301000
1999-03-06,2238000,300000
1999-03-13,2232000,308000
1999-03-20,2247000,305000
1999-03-27,2191000,298000
1999-04-03,2280000,310000
1999-04-10,2247000,319000
1999-04-17,2230000,314000
1999-04-24,2193000,291000
1999-05-01,2226000,296000
1999-05-08,2200000,310000
1999-05-15,2232000,301000
1999-05-22,2223000,298000
1999-05-29,2191000,303000
1999-06-05,2194000,303000
1999-06-12,2215000,290000
1999-06-19,2183000,292000
1999-06-26,2177000,291000
1999-07-03,2202000,287000
1999-07-10,2171000,288000
1999-07-17,2226000,309000
1999-07-24,2203000,306000
1999-07-31,2164000,300000
1999-08-07,2192000,295000
1999-08-14,2176000,292000
1999-08-21,2185000,286000
1999-08-28,2168000,290000
1999-09-04,2157000,290000
1999-09-11,2163000,281000
1999-09-18,2170000,281000
1999-09-25,2158000,306000
1999-10-02,2139000,309000
1999-10-09,2105000,291000
1999-10-16,2102000,287000
1999-10-23,2086000,280000
1999-10-30,2082000,285000
1999-11-06,2099000,282000
1999-11-13,2035000,281000
1999-11-20,2111000,276000
1999-11-27,2098000,288000
1999-12-04,2094000,287000
1999-12-11,2070000,272000
1999-12-18,2123000,287000
1999-12-25,2102000,268000
2000-01-01,2102000,286000
2000-01-08,2107000,298000
2000-01-15,2115000,289000
2000-01-22,2061000,284000
2000-01-29,2164000,285000
2000-02-05,2160000,312000
2000-02-12,2141000,300000
2000-02-19,2132000,283000
2000-02-26,2157000,280000
2000-03-04,2098000,286000
2000-03-11,2099000,270000
2000-03-18,2051000,271000
2000-03-25,2068000,272000
2000-04-01,2026000,266000
2000-04-08,2027000,268000
2000-04-15,1962000,259000
2000-04-22,2035000,274000
2000-04-29,2027000,291000
2000-05-06,1991000,293000
2000-05-13,1982000,276000
2000-05-20,1998000,280000
2000-05-27,1987000,280000
2000-06-03,2019000,290000
2000-06-10,2020000,284000
2000-06-17,2041000,294000
2000-06-24,2033000,296000
2000-07-01,2052000,281000
2000-07-08,2099000,293000
2000-07-15,2122000,303000
2000-07-22,2070000,300000
2000-07-29,2085000,298000
2000-08-05,2096000,306000
2000-08-12,2109000,315000
2000-08-19,2145000,318000
2000-08-26,2119000,312000
2000-09-02,2169000,301000
2000-09-09,2139000,309000
2000-09-16,2115000,311000
2000-09-23,2098000,288000
2000-09-30,2077000,292000
2000-10-07,2133000,309000
2000-10-14,2124000,299000
2000-10-21,2082000,295000
2000-10-28,2126000,301000
2000-11-04,2110000,331000
2000-11-11,2161000,318000
2000-11-18,2279000,332000
2000-11-25,2295000,356000
2000-12-02,2229000,338000
2000-12-09,2263000,321000
2000-12-16,2322000,354000
2000-12-23,2340000,364000
2000-12-30,2378000,353000
2001-01-06,2357000,337000
2001-01-13,2367000,318000
2001-01-20,2419000,343000
2001-01-27,2440000,362000
2001-02-03,2489000,376000
2001-02-10,2435000,365000
2001-02-17,2516000,358000
2001-02-24,2506000,386000
2001-03-03,2558000,384000
2001-03-10,2557000,393000
2001-03-17,2605000,393000
2001-03-24,2587000,378000
2001-03-31,2620000,388000
2001-04-07,2582000,398000
2001-04-14,2742000,383000
2001-04-21,2737000,400000
2001-04-28,2728000,406000
2001-05-05,2732000,381000
2001-05-12,2800000,390000
2001-05-19,2819000,402000
2001-05-26,2926000,405000
2001-06-02,2919000,406000
2001-06-09,2948000,411000
2001-06-16,2939000,394000
2001-06-23,2972000,381000
2001-06-30,2959000,394000
2001-07-07,3063000,401000
2001-07-14,3029000,405000
2001-07-21,2975000,398000
2001-07-28,3056000,388000
2001-08-04,3079000,401000
2001-08-11,3125000,394000
2001-08-18,3113000,402000
2001-08-25,3163000,395000
2001-09-01,3213000,402000
2001-09-08,3197000,408000
2001-09-15,3214000,395000
2001-09-22,3302000,453000
2001-09-29,3385000,517000
2001-10-06,3432000,476000
2001-10-13,3521000,482000
2001-10-20,3557000,482000
2001-10-27,3600000,483000
2001-11-03,3616000,440000
2001-11-10,3627000,428000
2001-11-17,3790000,431000
2001-11-24,3593000,491000
2001-12-01,3619000,465000
2001-12-08,3626000,393000
2001-12-15,3637000,389000
2001-12-22,3591000,416000
2001-12-29,3474000,421000
2002-01-05,3587000,397000
2002-01-12,3500000,418000
2002-01-19,3557000,405000
2002-01-26,3558000,414000
2002-02-02,3537000,404000
2002-02-09,3562000,397000
2002-02-16,3580000,397000
2002-02-23,3538000,398000
2002-03-02,3567000,392000
2002-03-09,3567000,399000
2002-03-16,3598000,392000
2002-03-23,3599000,415000
2002-03-30,3723000,479000
2002-04-06,3732000,445000
2002-04-13,3650000,442000
2002-04-20,3675000,416000
2002-04-27,3700000,414000
2002-05-04,3712000,409000
2002-05-11,3729000,413000
2002-05-18,3695000,411000
2002-05-25,3712000,403000
2002-06-01,3664000,378000
2002-06-08,3681000,388000
2002-06-15,3604000,396000
2002-06-22,3639000,388000
2002-06-29,3588000,386000
2002-07-06,3554000,391000
2002-07-13,3495000,384000
2002-07-20,3473000,379000
2002-07-27,3495000,390000
2002-08-03,3498000,388000
2002-08-10,3485000,389000
2002-08-17,3531000,399000
2002-08-24,3521000,398000
2002-08-31,3549000,394000
2002-09-07,3532000,416000
2002-09-14,3554000,412000
2002-09-21,3579000,401000
2002-09-28,3555000,409000
2002-10-05,3619000,404000
2002-10-12,3529000,405000
2002-10-19,3518000,412000
2002-10-26,3557000,409000
2002-11-02,3557000,405000
2002-11-09,3539000,400000
2002-11-16,3438000,389000
2002-11-23,3474000,390000
2002-11-30,3404000,377000
2002-12-07,3537000,425000
2002-12-14,3497000,429000
2002-12-21,3435000,394000
2002-12-28,3462000,409000
2003-01-04,3438000,393000
2003-01-11,3388000,378000
2003-01-18,3357000,402000
2003-01-25,3475000,407000
2003-02-01,3368000,413000
2003-02-08,3457000,390000
2003-02-15,3423000,420000
2003-02-22,3500000,421000
2003-03-01,3496000,436000
2003-03-08,3559000,424000
2003-03-15,3528000,430000
2003-03-22,3585000,411000
2003-03-29,3536000,436000
2003-04-05,3583000,417000
2003-04-12,3586000,434000
2003-04-19,3674000,450000
2003-04-26,3676000,444000
2003-05-03,3730000,428000
2003-05-10,3704000,417000
2003-05-17,3716000,425000
2003-05-24,3672000,419000
2003-05-31,3774000,431000
2003-06-07,3682000,429000
2003-06-14,3695000,421000
2003-06-21,3692000,408000
2003-06-28,3737000,429000
2003-07-05,3627000,433000
2003-07-12,3599000,412000
2003-07-19,3592000,403000
2003-07-26,3647000,398000
2003-08-02,3601000,401000
2003-08-09,3596000,404000
2003-08-16,3603000,398000
2003-08-23,3574000,391000
2003-08-30,3608000,407000
2003-09-06,3598000,422000
2003-09-13,3559000,394000
2003-09-20,3588000,379000
2003-09-27,3558000,387000
2003-10-04,3570000,386000
2003-10-11,3468000,376000
2003-10-18,3466000,387000
2003-10-25,3441000,379000
2003-11-01,3427000,363000
2003-11-08,3441000,371000
2003-11-15,3331000,370000
2003-11-22,3337000,354000
2003-11-29,3331000,357000
2003-12-06,3318000,367000
2003-12-13,3251000,363000
2003-12-20,3254000,354000
2003-12-27,3258000,349000
2004-01-03,3188000,356000
2004-01-10,3154000,354000
2004-01-17,3139000,362000
2004-01-24,3142000,353000
2004-01-31,3118000,376000
2004-02-07,3179000,380000
2004-02-14,3131000,356000
2004-02-21,3092000,359000
2004-02-28,3057000,348000
2004-03-06,3072000,344000
2004-03-13,3040000,338000
2004-03-20,3066000,346000
2004-03-27,3007000,340000
2004-04-03,2990000,335000
2004-04-10,3022000,355000
2004-04-17,3031000,364000
2004-04-24,2960000,339000
2004-05-01,2998000,324000
2004-05-08,2978000,329000
2004-05-15,2976000,349000
2004-05-22,3010000,342000
2004-05-29,2916000,337000
2004-06-05,2923000,355000
2004-06-12,2990000,339000
2004-06-19,2973000,354000
2004-06-26,2917000,348000
2004-07-03,2948000,326000
2004-07-10,2852000,345000
2004-07-17,2956000,355000
2004-07-24,2935000,348000
2004-07-31,2894000,341000
2004-08-07,2920000,336000
2004-08-14,2889000,332000
2004-08-21,2877000,343000
2004-08-28,2880000,352000
2004-09-04,2872000,326000
2004-09-11,2875000,331000
2004-09-18,2865000,341000
2004-09-25,2839000,351000
2004-10-02,2799000,335000
2004-10-09,2773000,338000
2004-10-16,2781000,327000
2004-10-23,2774000,338000
2004-10-30,2763000,332000
2004-11-06,2765000,330000
2004-11-13,2707000,337000
2004-11-20,2705000,313000
2004-11-27,2761000,335000
2004-12-04,2725000,343000
2004-12-11,2692000,316000
2004-12-18,2688000,322000
2004-12-25,2771000,320000
2005-01-01,2672000,356000
2005-01-08,2720000,369000
2005-01-15,2790000,332000
2005-01-22,2706000,329000
2005-01-29,2731000,331000
2005-02-05,2710000,307000
2005-02-12,2666000,308000
2005-02-19,2667000,318000
2005-02-26,2703000,314000
2005-03-05,2658000,333000
2005-03-12,2681000,324000
2005-03-19,2616000,329000
2005-03-26,2683000,342000
2005-04-02,2653000,335000
2005-04-09,2626000,323000
2005-04-16,2559000,307000
2005-04-23,2588000,317000
2005-04-30,2596000,334000
2005-05-07,2605000,327000
2005-05-14,2568000,321000
2005-05-21,2595000,320000
2005-05-28,2577000,340000
2005-06-04,2630000,338000
2005-06-11,2599000,333000
2005-06-18,2602000,321000
2005-06-25,2569000,311000
2005-07-02,2612000,327000
2005-07-09,2583000,338000
2005-07-16,2619000,323000
2005-07-23,2592000,318000
2005-07-30,2570000,316000
2005-08-06,2584000,311000
2005-08-13,2573000,319000
2005-08-20,2598000,315000
2005-08-27,2568000,318000
2005-09-03,2575000,326000
2005-09-10,2651000,422000
2005-09-17,2787000,424000
2005-09-24,2853000,359000
2005-10-01,2841000,384000
2005-10-08,2831000,383000
2005-10-15,2821000,348000
2005-10-22,2772000,324000
2005-10-29,2752000,322000
2005-11-05,2746000,325000
2005-11-12,2760000,309000
2005-11-19,2712000,324000
2005-11-26,2587000,311000
2005-12-03,2589000,321000
2005-12-10,2620000,327000
2005-12-17,2660000,312000
2005-12-24,2668000,320000
2005-12-31,2660000,302000
2006-01-07,2561000,326000
2006-01-14,2586000,285000
2006-01-21,2516000,290000
2006-01-28,2565000,282000
2006-02-04,2520000,289000
2006-02-11,2517000,298000
2006-02-18,2488000,283000
2006-02-25,2504000,293000
2006-03-04,2453000,302000
2006-03-11,2474000,307000
2006-03-18,2456000,303000
2006-03-25,2439000,295000
2006-04-01,2405000,291000
2006-04-08,2411000,299000
2006-04-15,2408000,299000
2006-04-22,2424000,308000
2006-04-29,2357000,321000
2006-05-06,2372000,347000
2006-05-13,2383000,335000
2006-05-20,2399000,319000
2006-05-27,2381000,330000
2006-06-03,2408000,307000
2006-06-10,2412000,298000
2006-06-17,2395000,308000
2006-06-24,2419000,309000
2006-07-01,2399000,316000
2006-07-08,2491000,343000
2006-07-15,2475000,318000
2006-07-22,2422000,306000
2006-07-29,2460000,311000
2006-08-05,2477000,318000
2006-08-12,2467000,310000
2006-08-19,2464000,315000
2006-08-26,2457000,314000
2006-09-02,2467000,315000
2006-09-09,2449000,314000
2006-09-16,2438000,324000
2006-09-23,2440000,319000
2006-09-30,2437000,309000
2006-10-07,2449000,316000
2006-10-14,2459000,305000
2006-10-21,2428000,313000
2006-10-28,2449000,328000
2006-11-04,2414000,319000
2006-11-11,2467000,311000
2006-11-18,2506000,326000
2006-11-25,2517000,349000
2006-12-02,2472000,327000
2006-12-09,2517000,311000
2006-12-16,2513000,318000
2006-12-23,2449000,323000
2006-12-30,2455000,341000
2007-01-06,2518000,330000
2007-01-13,2507000,296000
2007-01-20,2552000,335000
2007-01-27,2520000,308000
2007-02-03,2575000,310000
2007-02-10,2527000,338000
2007-02-17,2626000,321000
2007-02-24,2549000,322000
2007-03-03,2581000,320000
2007-03-10,2511000,308000
2007-03-17,2515000,309000
2007-03-24,2489000,303000
2007-03-31,2499000,307000
2007-04-07,2497000,332000
2007-04-14,2538000,327000
2007-04-21,2463000,321000
2007-04-28,2486000,301000
2007-05-05,2429000,300000
2007-05-12,2465000,297000
2007-05-19,2417000,310000
2007-05-26,2480000,310000
2007-06-02,2452000,313000
2007-06-09,2484000,313000
2007-06-16,2453000,320000
2007-06-23,2520000,313000
2007-06-30,2501000,317000
2007-07-07,2563000,321000
2007-07-14,2555000,317000
2007-07-21,2514000,310000
2007-07-28,2537000,305000
2007-08-04,2531000,314000
2007-08-11,2556000,316000
2007-08-18,2556000,321000
2007-08-25,2569000,329000
2007-09-01,2565000,314000
2007-09-08,2537000,321000
2007-09-15,2536000,313000
2007-09-22,2530000,302000
2007-09-29,2518000,317000
2007-10-06,2521000,316000
2007-10-13,2541000,335000
2007-10-20,2598000,334000
2007-10-27,2587000,328000
2007-11-03,2617000,327000
2007-11-10,2607000,333000
2007-11-17,2609000,332000
2007-11-24,2634000,352000
2007-12-01,2639000,344000
2007-12-08,2672000,332000
2007-12-15,2737000,350000
2007-12-22,2752000,355000
2007-12-29,2760000,360000
2008-01-05,2828000,346000
2008-01-12,2752000,322000
2008-01-19,2770000,321000
2008-01-26,2845000,366000
2008-02-02,2810000,350000
2008-02-09,2846000,344000
2008-02-16,2837000,339000
2008-02-23,2884000,354000
2008-03-01,2867000,345000
2008-03-08,2895000,348000
2008-03-15,2897000,369000
2008-03-22,2938000,368000
2008-03-29,2967000,387000
2008-04-05,2969000,354000
2008-04-12,2937000,365000
2008-04-19,2964000,349000
2008-04-26,2986000,370000
2008-05-03,2993000,370000
2008-05-10,2997000,366000
2008-05-17,3016000,367000
2008-05-24,3007000,369000
2008-05-31,3055000,362000
2008-06-07,3010000,382000
2008-06-14,3057000,378000
2008-06-21,3054000,381000
2008-06-28,3110000,392000
2008-07-05,3113000,371000
2008-07-12,3104000,385000
2008-07-19,3227000,402000
2008-07-26,3261000,434000
2008-08-02,3330000,448000
2008-08-09,3327000,430000
2008-08-16,3385000,424000
2008-08-23,3384000,421000
2008-08-30,3464000,442000
2008-09-06,3420000,441000
2008-09-13,3493000,449000
2008-09-20,3551000,483000
2008-09-27,3623000,483000
2008-10-04,3676000,482000
2008-10-11,3696000,461000
2008-10-18,3729000,478000
2008-10-25,3823000,480000
2008-11-01,3928000,490000
2008-11-08,4011000,512000
2008-11-15,4002000,536000
2008-11-22,4095000,532000
2008-11-29,4447000,529000
2008-12-06,4417000,570000
2008-12-13,4445000,566000
2008-12-20,4548000,587000
2008-12-27,4679000,533000
2009-01-03,4692000,503000
2009-01-10,4760000,551000
2009-01-17,4864000,591000
2009-01-24,4980000,586000
2009-01-31,5010000,629000
2009-02-07,5157000,637000
2009-02-14,5279000,632000
2009-02-21,5307000,655000
2009-02-28,5445000,652000
2009-03-07,5600000,660000
2009-03-14,5699000,651000
2009-03-21,5829000,661000
2009-03-28,5935000,665000
2009-04-04,6044000,653000
2009-04-11,6130000,599000
2009-04-18,6264000,639000
2009-04-25,6300000,620000
2009-05-02,6416000,602000
2009-05-09,6516000,625000
2009-05-16,6539000,620000
2009-05-23,6522000,606000
2009-05-30,6635000,607000
2009-06-06,6506000,596000
2009-06-13,6525000,595000
2009-06-20,6488000,608000
2009-06-27,6618000,594000
2009-07-04,6145000,573000
2009-07-11,6136000,546000
2009-07-18,6118000,560000
2009-07-25,6157000,587000
2009-08-01,6111000,555000
2009-08-08,6090000,555000
2009-08-15,6008000,562000
2009-08-22,6060000,560000
2009-08-29,5970000,564000
2009-09-05,6079000,558000
2009-09-12,6006000,542000
2009-09-19,5942000,536000
2009-09-26,5912000,554000
2009-10-03,5900000,533000
2009-10-10,5828000,511000
2009-10-17,5746000,531000
2009-10-24,5705000,530000
2009-10-31,5649000,522000
2009-11-07,5568000,512000
2009-11-14,5462000,507000
2009-11-21,5489000,482000
2009-11-28,5323000,475000
2009-12-05,5289000,497000
2009-12-12,5191000,498000
2009-12-19,5100000,479000
2009-12-26,4987000,468000
2010-01-02,4870000,456000
2010-01-09,4879000,469000
2010-01-16,4809000,507000
2010-01-23,4841000,471000
2010-01-30,4796000,496000
2010-02-06,4838000,466000
2010-02-13,4815000,489000
2010-02-20,4767000,500000
2010-02-27,4755000,488000
2010-03-06,4766000,472000
2010-03-13,4750000,478000
2010-03-20,4743000,472000
2010-03-27,4668000,459000
2010-04-03,4755000,479000
2010-04-10,4746000,479000
2010-04-17,4721000,469000
2010-04-24,4690000,449000
2010-05-01,4695000,451000
2010-05-08,4707000,451000
2010-05-15,4688000,474000
2010-05-22,4731000,463000
2010-05-29,4553000,458000
2010-06-05,4624000,459000
2010-06-12,4606000,467000
2010-06-19,4619000,452000
2010-06-26,4484000,464000
2010-07-03,4620000,454000
2010-07-10,4482000,439000
2010-07-17,4545000,462000
2010-07-24,4529000,465000
2010-07-31,4467000,476000
2010-08-07,4478000,483000
2010-08-14,4432000,486000
2010-08-21,4426000,464000
2010-08-28,4509000,467000
2010-09-04,4501000,452000
2010-09-11,4487000,444000
2010-09-18,4452000,459000
2010-09-25,4431000,459000
2010-10-02,4407000,446000
2010-10-09,4403000,459000
2010-10-16,4348000,444000
2010-10-23,4331000,432000
2010-10-30,4328000,453000
2010-11-06,4270000,434000
2010-11-13,4176000,432000
2010-11-20,4218000,407000
2010-11-27,4118000,432000
2010-12-04,4137000,428000
2010-12-11,4062000,425000
2010-12-18,4113000,424000
2010-12-25,4088000,404000
2011-01-01,3898000,413000
2011-01-08,3907000,434000
2011-01-15,3974000,421000
2011-01-22,3926000,446000
2011-01-29,3887000,420000
2011-02-05,3928000,402000
2011-02-12,3839000,425000
2011-02-19,3821000,394000
2011-02-26,3809000,385000
2011-03-05,3772000,414000
2011-03-12,3772000,404000
2011-03-19,3752000,407000
2011-03-26,3766000,399000
2011-04-02,3756000,395000
2011-04-09,3751000,416000
2011-04-16,3717000,402000
2011-04-23,3796000,422000
2011-04-30,3834000,468000
2011-05-07,3787000,435000
2011-05-14,3781000,414000
2011-05-21,3799000,423000
2011-05-28,3728000,418000
2011-06-04,3750000,423000
2011-06-11,3746000,413000
2011-06-18,3752000,416000
2011-06-25,3719000,421000
2011-07-02,3733000,418000
2011-07-09,3724000,408000
2011-07-16,3734000,420000
2011-07-23,3741000,411000
2011-07-30,3676000,406000
2011-08-06,3709000,405000
2011-08-13,3717000,409000
2011-08-20,3715000,415000
2011-08-27,3723000,409000
2011-09-03,3759000,414000
2011-09-10,3758000,429000
2011-09-17,3747000,422000
2011-09-24,3707000,406000
2011-10-01,3697000,405000
2011-10-08,3731000,410000
2011-10-15,3704000,395000
2011-10-22,3699000,403000
2011-10-29,3677000,399000
2011-11-05,3603000,392000
2011-11-12,3676000,383000
2011-11-19,3739000,385000
2011-11-26,3592000,397000
2011-12-03,3595000,387000
2011-12-10,3543000,368000
2011-12-17,3588000,368000
2011-12-24,3575000,386000
2011-12-31,3566000,376000
2012-01-07,3421000,391000
2012-01-14,3511000,367000
2012-01-21,3419000,381000
2012-01-28,3454000,372000
2012-02-04,3391000,368000
2012-02-11,3362000,361000
2012-02-18,3382000,359000
2012-02-25,3392000,365000
2012-03-03,3367000,375000
2012-03-10,3353000,369000
2012-03-17,3342000,368000
2012-03-24,3336000,363000
2012-03-31,3286000,358000
2012-04-07,3325000,387000
2012-04-14,3355000,381000
2012-04-21,3316000,387000
2012-04-28,3296000,372000
2012-05-05,3326000,373000
2012-05-12,3334000,369000
2012-05-19,3301000,371000
2012-05-26,3351000,381000
2012-06-02,3327000,377000
2012-06-09,3343000,383000
2012-06-16,3323000,384000
2012-06-23,3325000,380000
2012-06-30,3304000,372000
2012-07-07,3314000,360000
2012-07-14,3307000,390000
2012-07-21,3290000,368000
2012-07-28,3312000,372000
2012-08-04,3302000,371000
2012-08-11,3296000,369000
2012-08-18,3306000,376000
2012-08-25,3321000,377000
2012-09-01,3327000,371000
2012-09-08,3312000,393000
2012-09-15,3316000,392000
2012-09-22,3308000,377000
2012-09-29,3309000,376000
2012-10-06,3295000,350000
2012-10-13,3302000,386000
2012-10-20,3285000,374000
2012-10-27,3223000,364000
2012-11-03,3368000,365000
2012-11-10,3364000,446000
2012-11-17,3325000,406000
2012-11-24,3248000,388000
2012-12-01,3195000,375000
2012-12-08,3229000,340000
2012-12-15,3179000,356000
2012-12-22,3221000,362000
2012-12-29,3127000,362000
2013-01-05,3147000,363000
2013-01-12,3108000,344000
2013-01-19,3138000,339000
2013-01-26,3138000,366000
2013-02-02,3075000,361000
2013-02-09,3081000,347000
2013-02-16,3036000,362000
2013-02-23,3043000,342000
2013-03-02,3011000,340000
2013-03-09,3024000,343000
2013-03-16,3028000,343000
2013-03-23,3046000,358000
2013-03-30,3080000,375000
2013-04-06,3076000,359000
2013-04-13,3024000,356000
2013-04-20,3027000,343000
2013-04-27,3039000,331000
2013-05-04,3042000,335000
2013-05-11,2975000,360000
2013-05-18,3020000,343000
2013-05-25,3012000,353000
2013-06-01,2999000,346000
2013-06-08,3004000,337000
2013-06-15,2996000,353000
2013-06-22,2962000,347000
2013-06-29,3003000,340000
2013-07-06,3113000,351000
2013-07-13,3011000,344000
2013-07-20,2947000,355000
2013-07-27,3010000,334000
2013-08-03,2944000,339000
2013-08-10,2987000,327000
2013-08-17,2968000,340000
2013-08-24,2934000,336000
2013-08-31,2839000,325000
2013-09-07,2822000,300000
2013-09-14,2863000,323000
2013-09-21,2954000,314000
2013-09-28,2944000,319000
2013-10-05,2929000,368000
2013-10-12,2925000,368000
2013-10-19,2933000,351000
2013-10-26,2927000,347000
2013-11-02,2873000,342000
2013-11-09,2925000,340000
2013-11-16,2837000,331000
2013-11-23,2813000,316000
2013-11-30,2808000,312000
2013-12-07,2892000,354000
2013-12-14,2903000,364000
2013-12-21,2832000,334000
2013-12-28,2807000,332000
2014-01-04,2903000,322000
2014-01-11,2907000,318000
2014-01-18,2847000,327000
2014-01-25,2850000,340000
2014-02-01,2852000,331000
2014-02-08,2859000,337000
2014-02-15,2861000,332000
2014-02-22,2823000,341000
2014-03-01,2787000,319000
2014-03-08,2816000,322000
2014-03-15,2764000,321000
2014-03-22,2800000,313000
2014-03-29,2729000,330000
2014-04-05,2730000,311000
2014-04-12,2680000,308000
2014-04-19,2767000,327000
2014-04-26,2707000,345000
2014-05-03,2702000,325000
2014-05-10,2691000,303000
2014-05-17,2657000,324000
2014-05-24,2646000,305000
2014-05-31,2641000,312000
2014-06-07,2598000,317000
2014-06-14,2595000,314000
2014-06-21,2583000,315000
2014-06-28,2579000,308000
2014-07-05,2540000,302000
2014-07-12,2528000,308000
2014-07-19,2542000,294000
2014-07-26,2524000,303000
2014-08-02,2530000,295000
2014-08-09,2508000,309000
2014-08-16,2517000,303000
2014-08-23,2483000,300000
2014-08-30,2486000,303000
2014-09-06,2452000,307000
2014-09-13,2465000,288000
2014-09-20,2447000,295000
2014-09-27,2427000,290000
2014-10-04,2441000,293000
2014-10-11,2409000,281000
2014-10-18,2437000,290000
2014-10-25,2406000,291000
2014-11-01,2436000,280000
2014-11-08,2384000,291000
2014-11-15,2351000,293000
2014-11-22,2389000,303000
2014-11-29,2484000,291000
2014-12-06,2381000,291000
2014-12-13,2379000,286000
2014-12-20,2338000,276000
2014-12-27,2422000,285000
2015-01-03,2381000,294000
2015-01-10,2400000,304000
2015-01-17,2336000,298000
2015-01-24,2335000,261000
2015-01-31,2297000,281000
2015-02-07,2344000,298000
2015-02-14,2319000,285000
2015-02-21,2341000,305000
2015-02-28,2357000,317000
2015-03-07,2361000,293000
2015-03-14,2361000,290000
2015-03-21,2306000,284000
2015-03-28,2278000,269000
2015-04-04,2273000,282000
2015-04-11,2320000,298000
2015-04-18,2279000,295000
2015-04-25,2254000,269000
2015-05-02,2261000,267000
2015-05-09,2253000,271000
2015-05-16,2258000,276000
2015-05-23,2236000,281000
2015-05-30,2294000,275000
2015-06-06,2250000,278000
2015-06-13,2268000,269000
2015-06-20,2265000,273000
2015-06-27,2312000,275000
2015-07-04,2233000,292000
2015-07-11,2226000,285000
2015-07-18,2267000,265000
2015-07-25,2253000,269000
2015-08-01,2257000,270000
2015-08-08,2247000,274000
2015-08-15,2256000,279000
2015-08-22,2252000,274000
2015-08-29,2258000,279000
2015-09-05,2243000,273000
2015-09-12,2255000,264000
2015-09-19,2234000,269000
2015-09-26,2240000,272000
2015-10-03,2207000,267000
2015-10-10,2214000,265000
2015-10-17,2194000,264000
2015-10-24,2218000,264000
2015-10-31,2205000,275000
2015-11-07,2209000,276000
2015-11-14,2185000,272000
2015-11-21,2181000,261000
2015-11-28,2259000,265000
2015-12-05,2242000,280000
2015-12-12,2190000,268000
2015-12-19,2176000,260000
2015-12-26,2207000,276000
2016-01-02,2218000,273000
2016-01-09,2190000,284000
2016-01-16,2221000,290000
2016-01-23,2199000,269000
2016-01-30,2210000,282000
2016-02-06,2213000,266000
2016-02-13,2206000,262000
2016-02-20,2203000,270000
2016-02-27,2180000,269000
2016-03-05,2203000,255000
2016-03-12,2163000,263000
2016-03-19,2138000,264000
2016-03-26,2165000,271000
2016-04-02,2151000,273000
2016-04-09,2139000,263000
2016-04-16,2135000,257000
2016-04-23,2137000,259000
2016-04-30,2183000,278000
2016-05-07,2185000,289000
2016-05-14,2177000,279000
2016-05-21,2186000,267000
2016-05-28,2131000,263000
2016-06-04,2170000,265000
2016-06-11,2158000,273000
2016-06-18,2160000,261000
2016-06-25,2139000,262000
2016-07-02,2131000,255000
2016-07-09,2125000,252000
2016-07-16,2140000,260000
2016-07-23,2134000,264000
2016-07-30,2143000,266000
2016-08-06,2157000,265000
2016-08-13,2137000,264000
2016-08-20,2148000,264000
2016-08-27,2138000,261000
2016-09-03,2149000,257000
2016-09-10,2110000,252000
2016-09-17,2098000,250000
2016-09-24,2081000,247000
2016-10-01,2080000,245000
2016-10-08,2081000,250000
2016-10-15,2069000,263000
2016-10-22,2066000,256000
2016-10-29,2067000,265000
2016-11-05,2046000,250000
2016-11-12,2045000,232000
2016-11-19,2050000,246000
2016-11-26,2038000,255000
2016-12-03,2029000,248000
2016-12-10,2030000,252000
2016-12-17,2078000,260000
2016-12-24,2077000,257000
2016-12-31,2028000,244000
2017-01-07,2080000,245000
2017-01-14,2099000,240000
2017-01-21,2067000,250000
2017-01-28,2078000,241000
2017-02-04,2064000,230000
2017-02-11,2076000,233000
2017-02-18,2034000,237000
2017-02-25,2065000,221000
2017-03-04,2020000,236000
2017-03-11,2002000,228000
2017-03-18,2021000,235000
2017-03-25,2027000,236000
2017-04-01,1990000,216000
2017-04-08,1968000,222000
2017-04-15,1961000,231000
2017-04-22,1962000,238000
2017-04-29,1896000,232000
2017-05-06,1892000,233000
2017-05-13,1902000,234000
2017-05-20,1900000,236000
2017-05-27,1891000,253000
2017-06-03,1909000,251000
2017-06-10,1914000,245000
2017-06-17,1915000,249000
2017-06-24,1929000,247000
2017-07-01,1911000,256000
2017-07-08,1942000,259000
2017-07-15,1929000,245000
2017-07-22,1928000,249000
2017-07-29,1926000,245000
2017-08-05,1928000,254000
2017-08-12,1926000,245000
2017-08-19,1928000,245000
2017-08-26,1912000,247000
2017-09-02,1911000,297000
2017-09-09,1939000,280000
2017-09-16,1872000,261000
2017-09-23,1871000,264000
2017-09-30,1871000,260000
2017-10-07,1869000,252000
2017-10-14,1902000,235000
2017-10-21,1913000,241000
2017-10-28,1927000,241000
2017-11-04,1939000,248000
2017-11-11,1944000,254000
2017-11-18,1974000,246000
2017-11-25,1997000,243000
2017-12-02,1953000,241000
2017-12-09,1984000,229000
2017-12-16,2006000,244000
2017-12-23,1979000,251000
2017-12-30,1933000,248000
2018-01-06,1971000,252000
2018-01-13,1972000,230000
2018-01-20,1990000,231000
2018-01-27,1985000,228000
2018-02-03,1996000,224000
2018-02-10,1959000,225000
2018-02-17,1985000,219000
2018-02-24,1957000,216000
2018-03-03,1960000,228000
2018-03-10,1948000,223000
2018-03-17,1959000,225000
2018-03-24,1917000,221000
2018-03-31,1943000,232000
2018-04-07,1949000,234000
2018-04-14,1900000,236000
2018-04-21,1827000,207000
2018-04-28,1834000,209000
2018-05-05,1765000,211000
2018-05-12,1769000,222000
2018-05-19,1751000,230000
2018-05-26,1737000,222000
2018-06-02,1690000,223000
2018-06-09,1693000,222000
2018-06-16,1671000,218000
2018-06-23,1671000,222000
2018-06-30,1672000,228000
2018-07-07,1676000,216000
2018-07-14,1659000,205000
2018-07-21,1624000,210000
2018-07-28,1657000,207000
2018-08-04,1624000,210000
2018-08-11,1625000,206000
2018-08-18,1605000,207000
2018-08-25,1602000,211000
2018-09-01,1575000,201000
2018-09-08,1538000,204000
2018-09-15,1544000,206000
2018-09-22,1545000,205000
2018-09-29,1553000,210000
2018-10-06,1565000,211000
2018-10-13,1588000,208000
2018-10-20,1603000,217000
2018-10-27,1615000,216000
2018-11-03,1642000,218000
2018-11-10,1665000,221000
2018-11-17,1749000,225000
2018-11-24,1684000,237000
2018-12-01,1694000,232000
2018-12-08,1745000,208000
2018-12-15,1756000,217000
2018-12-22,1770000,228000
2018-12-29,1783000,238000
2019-01-05,1766000,225000
2019-01-12,1780000,218000
2019-01-19,1813000,214000
2019-01-26,1759000,234000
2019-02-02,1806000,232000
2019-02-09,1778000,226000
2019-02-16,1826000,211000
2019-02-23,1796000,221000
2019-03-02,1807000,216000
2019-03-09,1792000,218000
2019-03-16,1800000,212000
2019-03-23,1760000,210000
2019-03-30,1742000,203000
2019-04-06,1680000,196000
2019-04-13,1664000,197000
2019-04-20,1659000,222000
2019-04-27,1663000,224000
2019-05-04,1627000,225000
2019-05-11,1635000,212000
2019-05-18,1621000,215000
2019-05-25,1629000,222000
2019-06-01,1631000,223000
2019-06-08,1608000,226000
2019-06-15,1634000,217000
2019-06-22,1625000,234000
2019-06-29,1657000,226000
2019-07-06,1633000,215000
2019-07-13,1634000,211000
2019-07-20,1623000,202000
2019-07-27,1634000,206000
2019-08-03,1656000,208000
2019-08-10,1618000,212000
2019-08-17,1629000,207000
2019-08-24,1604000,213000
2019-08-31,1591000,215000
2019-09-07,1596000,207000
2019-09-14,1567000,205000
2019-09-21,1561000,211000
2019-09-28,1600000,215000
2019-10-05,1602000,209000
2019-10-12,1611000,215000
2019-10-19,1628000,210000
2019-10-26,1633000,215000
2019-11-02,1646000,214000
2019-11-09,1668000,227000
2019-11-16,1702000,229000
2019-11-23,1702000,221000
2019-11-30,1708000,231000
2019-12-07,1728000,247000
2019-12-14,1753000,236000
2019-12-21,1754000,230000
2019-12-28,1843000,231000
2020-01-04,1827000,224000
2020-01-11,1804000,207000
2020-01-18,1774000,221000
2020-01-25,1796000,210000
2020-02-01,1755000,207000
2020-02-08,1782000,202000
2020-02-15,1760000,209000
2020-02-22,1783000,218000
2020-02-29,1771000,215000
2020-03-07,1753000,208000
2020-03-14,1844000,273000
2020-03-21,3238000,2914000
2020-03-28,8004000,5946000
2020-04-04,12396000,6137000
2020-04-11,16193000,4869000
2020-04-18,17789000,4201000
2020-04-25,21750000,3446000
2020-05-02,20939000,2796000
2020-05-09,23130000,2335000
2020-05-16,19153000,2176000
2020-05-23,19194000,1921000
2020-05-30,19216000,1639000
2020-06-06,18743000,1575000
2020-06-13,17860000,1473000
2020-06-20,17501000,1467000
2020-06-27,16610000,1446000
2020-07-04,17273000,1413000
2020-07-11,16251000,1468000
2020-07-18,16799000,1393000
2020-07-25,15929000,1260000
2020-08-01,15255000,1044000
2020-08-08,14184000,884000
2020-08-15,13910000,927000
2020-08-22,13217000,876000
2020-08-29,13501000,881000
2020-09-05,12765000,892000
2020-09-12,12684000,861000
2020-09-19,11367000,859000
2020-09-26,10481000,795000
2020-10-03,9270000,785000
2020-10-10,8425000,839000
2020-10-17,7777000,804000
2020-10-24,7180000,776000
2020-10-31,6705000,773000
2020-11-07,6341000,737000
2020-11-14,6088000,738000
2020-11-21,5580000,793000
2020-11-28,5784000,737000
2020-12-05,5609000,873000
2020-12-12,5416000,886000
2020-12-19,5332000,815000
2020-12-26,5181000,773000
2021-01-02,5330000,803000
2021-01-09,5069000,890000
2021-01-16,4877000,844000
2021-01-23,4789000,799000
2021-01-30,4658000,803000
2021-02-06,4599000,812000
2021-02-13,4495000,802000
2021-02-20,4406000,702000
2021-02-27,4227000,704000
2021-03-06,4185000,693000
2021-03-13,3970000,699000
2021-03-20,3887000,627000
2021-03-27,3859000,658000
2021-04-03,3830000,645000
2021-04-10,3779000,571000
2021-04-17,3776000,566000
2021-04-24,3767000,574000
2021-05-01,3756000,517000
2021-05-08,3737000,494000
2021-05-15,3618000,467000
2021-05-22,3575000,441000
2021-05-29,3422000,427000
2021-06-05,3350000,420000
2021-06-12,3268000,428000
2021-06-19,3263000,422000
2021-06-26,3316000,369000
2021-07-03,3182000,371000
2021-07-10,3069000,332000
2021-07-17,3142000,387000
2021-07-24,2868000,380000
2021-07-31,2793000,380000
2021-08-07,2815000,361000
2021-08-14,2805000,368000
2021-08-21,2736000,358000
2021-08-28,2789000,353000
2021-09-04,2611000,337000
2021-09-11,2756000,344000
2021-09-18,2803000,367000
2021-09-25,2722000,374000
2021-10-02,2624000,314000
2021-10-09,2536000,290000
2021-10-16,2268000,290000
2021-10-23,2173000,268000
2021-10-30,2199000,262000
2021-11-06,2041000,251000
2021-11-13,1970000,250000
2021-11-20,1807000,223000
2021-11-27,1876000,222000
2021-12-04,1767000,207000
2021-12-11,1769000,227000
2021-12-18,1625000,215000
2021-12-25,1705000,216000
2022-01-01,1690000,227000
2022-01-08,1721000,247000
2022-01-15,1697000,245000
2022-01-22,1706000,238000
2022-01-29,1692000,231000
2022-02-05,1667000,210000
2022-02-12,1634000,234000
2022-02-19,1614000,225000
2022-02-26,1610000,209000
2022-03-05,1581000,222000
2022-03-12,1538000,217000
2022-03-19,1518000,207000
2022-03-26,1528000,214000
2022-04-02,1491000,215000
2022-04-09,1426000,213000
2022-04-16,1428000,209000
2022-04-23,1422000,210000
2022-04-30,1380000,219000
2022-05-07,1367000,204000
2022-05-14,1374000,225000
2022-05-21,1360000,211000
2022-05-28,1364000,200000
2022-06-04,1349000,214000
2022-06-11,1359000,213000
2022-06-18,1362000,215000
2022-06-25,1403000,212000
2022-07-02,1363000,215000
2022-07-09,1371000,212000
2022-07-16,1392000,216000
2022-07-23,1420000,220000
2022-07-30,1429000,228000
2022-08-06,1424000,221000
2022-08-13,1411000,220000
2022-08-20,1421000,215000
2022-08-27,1420000,210000
2022-09-03,1397000,204000
2022-09-10,1402000,197000
2022-09-17,1382000,201000
2022-09-24,1397000,189000
2022-10-01,1392000,204000
2022-10-08,1406000,206000
2022-10-15,1405000,199000
2022-10-22,1432000,201000
2022-10-29,1430000,202000
2022-11-05,1409000,204000
2022-11-12,1452000,210000
2022-11-19,1465000,220000
2022-11-26,1513000,209000
2022-12-03,1537000,209000
2022-12-10,1553000,210000
2022-12-17,1557000,213000
2022-12-24,1596000,204000
2022-12-31,1585000,204000
2023-01-07,1584000,208000
2023-01-14,1601000,203000
2023-01-21,1597000,203000
2023-01-28,1628000,200000
2023-02-04,1637000,215000
2023-02-11,1643000,219000
2023-02-18,1634000,217000
2023-02-25,1661000,209000
2023-03-04,1658000,229000
2023-03-11,1674000,222000
2023-03-18,1690000,230000
2023-03-25,1701000,234000
2023-04-01,1691000,217000
2023-04-08,1735000,219000
2023-04-15,1724000,223000
2023-04-22,1708000,210000
2023-04-29,1710000,214000
2023-05-06,1715000,223000
2023-05-13,1714000,225000
2023-05-20,1739000,227000
2023-05-27,1729000,230000
2023-06-03,1755000,253000
2023-06-10,1764000,258000
2023-06-17,1759000,260000
2023-06-24,1775000,236000
2023-07-01,1778000,248000
2023-07-08,1793000,229000
2023-07-15,1772000,228000
2023-07-22,1781000,231000
2023-07-29,1778000,238000
2023-08-05,1807000,258000
2023-08-12,1801000,248000
2023-08-19,1821000,240000
2023-08-26,1806000,234000
2023-09-02,1812000,227000
2023-09-09,1799000,227000
2023-09-16,1799000,210000
2023-09-23,1793000,215000
2023-09-30,1798000,216000
2023-10-07,1808000,210000
2023-10-14,1806000,200000
2023-10-21,1816000,214000
2023-10-28,1821000,217000
2023-11-04,1805000,216000
2023-11-11,1789000,229000
2023-11-18,1807000,213000
2023-11-25,1814000,214000
2023-12-02,1813000,216000
2023-12-09,1801000,204000
2023-12-16,1801000,209000
2023-12-23,1813000,210000
2023-12-30,1752000,198000
2024-01-06,1723000,199000
2024-01-13,1752000,193000
2024-01-20,1824000,223000
2024-01-27,1802000,225000
2024-02-03,1797000,214000
2024-02-10,1781000,212000
2024-02-17,1797000,203000
2024-02-24,1790000,214000
2024-03-02,1795000,212000
2024-03-09,1790000,213000
2024-03-16,1802000,213000
2024-03-23,1788000,214000
2024-03-30,1804000,223000
2024-04-06,1793000,212000
2024-04-13,1776000,211000
2024-04-20,1771000,209000
2024-04-27,1786000,209000
2024-05-04,1790000,229000
2024-05-11,1793000,222000
2024-05-18,1798000,216000
2024-05-25,1810000,221000
2024-06-01,1825000,229000
2024-06-08,1832000,241000
2024-06-15,1844000,237000
2024-06-22,1864000,233000
2024-06-29,1856000,238000
2024-07-06,1866000,222000
2024-07-13,1853000,240000
2024-07-20,1874000,236000
2024-07-27,1876000,248000
2024-08-03,1863000,234000
2024-08-10,1859000,228000
2024-08-17,1864000,232000
2024-08-24,1849000,232000
2024-08-31,1845000,228000
2024-09-07,1827000,230000
2024-09-14,1831000,222000
2024-09-21,1825000,221000
2024-09-28,1858000,227000
2024-10-05,1869000,259000
2024-10-12,1884000,240000
2024-10-19,1855000,228000
2024-10-26,1880000,218000
2024-11-02,1872000,221000
2024-11-09,1892000,219000
2024-11-16,1892000,216000
2024-11-23,1871000,216000
2024-11-30,1873000,225000
2024-12-07,1862000,239000
2024-12-14,1882000,222000
2024-12-21,1828000,219000
2024-12-28,1871000,209000
2025-01-04,1850000,205000
2025-01-11,1888000,217000
2025-01-18,1849000,222000
2025-01-25,1874000,210000
2025-02-01,1839000,222000
2025-02-08,1861000,215000
2025-02-15,1847000,224000
2025-02-22,1892000,243000
2025-03-01,1851000,224000
2025-03-08,1881000,223000
2025-03-15,1847000,225000
2025-03-22,1893000,225000
2025-03-29,1844000,219000
2025-04-05,1878000,224000
2025-04-12,1833000,216000
2025-04-19,1908000,223000
2025-04-26,1872000,241000
2025-05-03,1877000,229000
2025-05-10,1893000,228000
2025-05-17,1907000,226000
2025-05-24,1902000,239000
2025-05-31,1951000,248000
2025-06-07,1937000,250000
2025-06-14,1964000,246000
2025-06-21,1956000,237000
2025-06-28,1954000,232000
2025-07-05,1951000,228000
2025-07-12,1946000,221000
2025-07-19,1936000,217000
2025-07-26,1968000,219000
2025-08-02,1942000,227000
2025-08-09,1961000,224000
2025-08-16,1944000,234000
2025-08-23,1939000,229000
2025-08-30,1927000,236000
2025-09-06,1928000,264000
2025-09-13,1916000,232000
2025-09-20,1921000,219000
2025-09-27,1929000,224000
2025-10-04,1928000,235000
2025-10-11,1947000,220000
2025-10-18,1957000,232000
2025-10-25,1964000,220000
2025-11-01,1946000,229000
2025-11-08,1953000,228000
2025-11-15,1944000,222000
2025-11-22,1937000,217000
2025-11-29,1830000,192000
2025-12-06,1885000,237000
2025-12-13,1914000,224000
2025-12-20,1856000,215000
2025-12-27,1903000,200000
2026-01-03,1875000,207000
2026-01-10,1849000,199000
2026-01-17,,200000