date,EA.INDU,EA.SERV,EA.CONS,EA.RETA,EA.BUIL,EA.ESI,EA.EEI
2000-01-01,2.3,31.3,-0.4,-6.6,-3.6,115.9,115.6
2000-02-01,4.2,34.6,-0.7,2.1,-3.5,118.5,112.7
2000-03-01,5.8,35.7,-0.5,-4.4,-1.2,119.5,115.1
2000-04-01,5.6,28.9,-0.8,-1.1,-1.8,117.2,115.0
2000-05-01,6.8,30.6,-0.5,2.6,-0.3,118.7,116.6
2000-06-01,6.9,28.3,-2.0,-5.0,0.0,116.4,112.3
2000-07-01,6.5,29.0,-1.0,-6.2,1.4,117.0,114.6
2000-08-01,6.3,29.9,-0.6,-3.8,-1.9,117.5,112.8
2000-09-01,6.4,28.3,-3.7,-10.5,-2.0,115.1,113.7
2000-10-01,5.7,31.0,-2.7,-7.3,-2.7,116.3,112.4
2000-11-01,5.2,28.0,-1.7,-7.3,-1.8,115.6,112.5
2000-12-01,4.1,27.2,-1.5,-8.0,0.4,114.8,114.4
2001-01-01,2.7,27.1,-1.2,-3.4,-1.2,114.2,115.2
2001-02-01,0.4,23.2,-2.4,-6.3,-4.2,110.7,111.4
2001-03-01,-2.2,20.8,-2.2,-2.7,-3.2,108.7,109.0
2001-04-01,-5.5,18.6,-3.3,-8.7,-4.7,105.5,105.4
2001-05-01,-5.8,14.9,-4.0,-10.6,-4.9,103.1,103.5
2001-06-01,-7.3,16.2,-5.2,-8.6,-7.7,102.5,103.1
2001-07-01,-7.6,14.4,-5.2,-7.5,-8.7,102.0,98.3
2001-08-01,-8.7,11.5,-5.9,-12.2,-7.6,100.1,101.0
2001-09-01,-13.2,9.2,-6.6,-12.4,-10.1,96.4,98.6
2001-10-01,-15.2,2.2,-6.7,-13.9,-11.4,93.1,99.8
2001-11-01,-15.3,-5.0,-7.2,-12.0,-11.7,90.6,93.3
2001-12-01,-12.1,-3.6,-6.2,-13.6,-10.7,93.4,96.9
2002-01-01,-12.5,3.4,-5.7,-8.4,-12.0,96.0,96.1
2002-02-01,-9.8,3.5,-5.9,-16.2,-10.4,96.7,98.2
2002-03-01,-8.2,6.4,-5.8,-13.3,-12.1,98.6,97.0
2002-04-01,-8.3,5.1,-7.4,-13.4,-12.5,97.6,97.0
2002-05-01,-6.1,3.9,-7.1,-13.8,-13.3,98.3,95.0
2002-06-01,-7.3,1.6,-8.5,-14.6,-13.3,96.3,96.1
2002-07-01,-8.4,-1.0,-8.3,-14.8,-15.3,95.1,94.2
2002-08-01,-8.9,-6.4,-9.5,-13.1,-18.4,92.7,91.3
2002-09-01,-7.9,-2.5,-9.5,-11.1,-17.8,94.4,91.4
2002-10-01,-8.5,-5.0,-10.3,-13.9,-17.9,92.7,90.1
2002-11-01,-8.2,-4.0,-11.8,-10.0,-19.2,92.6,94.2
2002-12-01,-8.8,-4.0,-13.2,-13.9,-19.7,91.4,91.0
2003-01-01,-9.2,-2.6,-13.5,-15.8,-16.3,92.1,90.4
2003-02-01,-8.6,-2.5,-14.1,-14.1,-14.0,92.4,89.2
2003-03-01,-10.7,-3.3,-14.9,-16.5,-14.7,90.7,88.9
2003-04-01,-11.0,-2.6,-13.7,-16.4,-14.1,91.3,87.3
2003-05-01,-11.6,-3.3,-13.2,-15.5,-14.9,91.0,87.3
2003-06-01,-12.2,-1.2,-12.4,-14.6,-14.4,92.0,87.5
2003-07-01,-12.2,0.6,-11.9,-13.9,-14.4,92.5,88.7
2003-08-01,-9.4,2.9,-12.3,-13.5,-14.8,94.8,89.8
2003-09-01,-8.6,3.4,-12.1,-13.4,-14.6,95.4,90.5
2003-10-01,-7.0,5.6,-11.8,-11.8,-15.1,97.1,89.9
2003-11-01,-4.8,5.4,-10.9,-10.5,-13.5,99.1,90.3
2003-12-01,-6.1,8.5,-11.4,-13.6,-12.3,98.6,92.3
2004-01-01,-5.5,6.0,-11.5,-10.2,-11.8,98.1,93.5
2004-02-01,-5.4,9.5,-10.5,-10.8,-12.6,99.6,94.1
2004-03-01,-5.3,6.9,-10.4,-11.0,-13.3,99.1,92.7
2004-04-01,-3.6,6.9,-11.1,-10.6,-11.2,99.7,93.0
2004-05-01,-2.8,6.4,-11.4,-11.3,-11.1,100.2,97.4
2004-06-01,-2.7,7.9,-11.2,-11.6,-11.4,100.2,95.5
2004-07-01,-2.8,8.6,-11.1,-9.6,-14.1,100.4,96.4
2004-08-01,-3.1,6.6,-10.9,-11.6,-12.2,99.8,95.9
2004-09-01,-2.7,8.9,-10.4,-10.2,-13.1,100.8,94.9
2004-10-01,-2.1,8.0,-10.1,-10.7,-11.3,101.0,95.3
2004-11-01,-3.2,7.9,-10.7,-13.4,-11.3,99.8,94.6
2004-12-01,-3.2,6.3,-10.3,-10.2,-9.8,99.7,94.6
2005-01-01,-4.0,9.4,-9.6,-9.6,-10.5,100.6,97.0
2005-02-01,-5.0,6.9,-9.4,-11.1,-9.9,99.4,96.0
2005-03-01,-6.8,7.4,-9.4,-10.7,-9.6,98.4,97.3
2005-04-01,-8.0,8.7,-9.9,-9.3,-8.3,98.3,97.4
2005-05-01,-8.6,9.4,-11.5,-10.8,-8.5,97.1,95.7
2005-06-01,-8.3,9.3,-11.8,-11.1,-9.0,97.4,96.1
2005-07-01,-6.3,10.0,-12.1,-10.5,-8.1,98.7,96.4
2005-08-01,-5.5,9.8,-11.1,-9.1,-7.1,100.0,96.8
2005-09-01,-4.1,10.7,-11.5,-7.5,-5.4,100.6,98.6
2005-10-01,-2.5,12.5,-11.0,-6.9,-4.7,102.5,99.0
2005-11-01,-2.7,13.1,-11.2,-8.5,-1.9,102.6,97.3
2005-12-01,-1.4,13.4,-9.3,-4.6,-3.6,103.9,99.7
2006-01-01,-0.8,14.9,-8.2,-3.7,-2.7,105.7,101.1
2006-02-01,0.8,13.3,-8.5,-2.2,-2.8,105.7,103.2
2006-03-01,1.6,14.8,-8.3,-3.0,-1.3,106.7,103.8
2006-04-01,3.3,16.2,-7.6,-0.7,-1.0,108.5,106.2
2006-05-01,3.5,17.3,-8.0,-3.4,0.0,108.9,105.4
2006-06-01,4.6,16.7,-8.8,-0.9,0.6,109.1,106.8
2006-07-01,4.9,16.0,-7.8,-1.6,1.7,109.5,106.2
2006-08-01,4.3,17.4,-7.8,-0.2,0.9,110.0,106.3
2006-09-01,6.0,16.4,-7.4,1.6,1.8,110.7,108.0
2006-10-01,6.6,18.0,-7.3,1.7,2.1,111.5,107.9
2006-11-01,7.2,17.6,-6.9,0.3,2.6,111.7,109.6
2006-12-01,7.9,18.9,-5.6,-0.7,3.8,113.0,108.9
2007-01-01,6.6,17.8,-6.4,-0.2,2.7,111.2,108.9
2007-02-01,7.1,17.5,-5.6,-1.1,1.6,111.7,110.1
2007-03-01,7.1,19.1,-5.2,-0.5,1.7,112.2,110.5
2007-04-01,6.9,19.5,-5.1,1.7,1.6,112.3,109.9
2007-05-01,6.6,17.7,-3.9,1.3,1.5,112.1,110.3
2007-06-01,6.4,17.5,-4.6,0.5,1.6,111.8,109.2
2007-07-01,5.7,16.9,-4.4,1.3,1.7,111.2,109.0
2007-08-01,5.3,17.0,-6.2,1.2,0.6,110.2,111.6
2007-09-01,4.6,15.1,-7.7,-2.2,0.2,108.4,108.0
2007-10-01,4.2,15.0,-7.8,-2.5,-0.8,107.9,108.1
2007-11-01,5.6,12.9,-10.3,-1.0,-2.1,107.1,108.4
2007-12-01,4.8,12.4,-10.5,-2.7,-3.0,106.2,107.6
2008-01-01,3.5,11.9,-12.3,-3.5,-3.7,104.6,107.9
2008-02-01,2.1,10.3,-12.5,-2.9,-6.3,103.0,108.5
2008-03-01,1.9,8.7,-12.6,-2.7,-7.0,102.2,106.1
2008-04-01,-0.6,7.3,-13.2,-8.2,-8.4,99.8,105.3
2008-05-01,-1.6,7.5,-14.7,-6.2,-8.8,99.0,104.7
2008-06-01,-4.0,4.5,-18.3,-9.6,-10.7,94.7,101.6
2008-07-01,-6.2,1.3,-20.2,-15.0,-13.2,91.6,98.7
2008-08-01,-8.1,-3.0,-18.3,-14.0,-14.4,89.8,96.3
2008-09-01,-10.8,-3.6,-16.9,-12.5,-17.6,88.8,93.6
2008-10-01,-17.2,-8.1,-19.4,-17.0,-21.9,82.3,89.6
2008-11-01,-25.4,-11.1,-19.1,-17.8,-25.2,76.9,80.9
2008-12-01,-32.6,-15.8,-20.4,-25.2,-27.1,70.2,75.0
2009-01-01,-32.2,-17.5,-20.0,-21.9,-30.6,70.5,74.4
2009-02-01,-35.5,-19.2,-21.0,-21.2,-32.0,68.1,71.8
2009-03-01,-36.7,-21.8,-21.0,-17.9,-33.4,67.2,69.5
2009-04-01,-33.5,-21.4,-18.5,-21.5,-34.8,69.7,70.2
2009-05-01,-31.0,-18.1,-17.3,-14.6,-34.1,73.6,73.6
2009-06-01,-28.6,-16.1,-16.2,-16.6,-34.3,76.2,76.8
2009-07-01,-25.9,-14.3,-14.5,-14.3,-33.3,79.2,78.0
2009-08-01,-21.8,-8.5,-13.2,-12.2,-31.4,84.2,81.3
2009-09-01,-19.9,-6.8,-11.3,-12.2,-30.3,86.8,81.5
2009-10-01,-17.2,-6.0,-10.3,-12.4,-30.3,89.1,83.6
2009-11-01,-16.2,-4.3,-10.3,-10.3,-29.4,90.3,83.6
2009-12-01,-14.8,-2.2,-10.0,-10.1,-30.1,92.2,85.9
2010-01-01,-13.3,-0.7,-10.6,-7.2,-30.3,93.1,85.5
2010-02-01,-12.6,-0.3,-12.5,-9.3,-31.1,92.7,87.3
2010-03-01,-9.8,0.7,-12.8,-9.2,-28.1,94.7,89.3
2010-04-01,-6.9,4.9,-11.5,-3.5,-27.6,98.4,92.8
2010-05-01,-5.5,3.1,-14.8,-6.1,-28.5,96.9,93.7
2010-06-01,-4.8,3.0,-15.5,-6.4,-29.3,96.8,93.6
2010-07-01,-2.7,5.1,-13.5,-5.7,-28.5,99.0,95.9
2010-08-01,-1.5,5.5,-11.1,-4.0,-27.0,100.6,95.9
2010-09-01,-0.9,7.2,-10.8,-2.5,-25.2,101.6,97.9
2010-10-01,0.5,7.3,-11.2,-1.7,-25.4,102.0,100.2
2010-11-01,0.4,7.6,-10.0,-2.7,-25.4,102.7,101.5
2010-12-01,2.4,7.2,-11.1,2.1,-26.0,103.4,101.5
2011-01-01,3.2,6.8,-12.1,-0.1,-24.8,103.1,100.8
2011-02-01,3.1,8.2,-11.4,-0.4,-24.1,103.6,103.0
2011-03-01,3.6,7.3,-12.3,-1.9,-23.5,103.3,101.3
2011-04-01,3.5,7.3,-13.3,-2.0,-22.4,102.7,102.4
2011-05-01,2.0,7.9,-13.4,-2.5,-21.3,102.0,102.3
2011-06-01,1.4,7.7,-12.9,-4.9,-21.0,101.6,101.5
2011-07-01,-0.6,6.5,-12.8,-5.8,-21.3,99.9,101.9
2011-08-01,-2.8,5.1,-15.4,-9.3,-20.4,97.0,99.3
2011-09-01,-5.3,1.9,-16.0,-10.2,-22.9,94.5,96.3
2011-10-01,-5.3,1.6,-17.1,-12.3,-23.3,93.6,95.6
2011-11-01,-7.1,0.4,-16.3,-13.1,-23.1,92.9,95.2
2011-12-01,-7.4,-1.6,-17.1,-15.1,-24.2,91.3,92.8
2012-01-01,-6.8,-2.0,-17.4,-15.3,-23.7,91.5,92.3
2012-02-01,-6.7,-1.8,-16.6,-13.7,-22.5,91.9,92.4
2012-03-01,-7.6,-1.0,-15.6,-11.8,-22.7,92.5,93.6
2012-04-01,-7.8,-1.9,-16.7,-10.4,-23.1,91.7,92.7
2012-05-01,-9.5,-3.0,-17.2,-16.3,-23.9,89.9,90.6
2012-06-01,-9.8,-4.6,-17.2,-13.4,-23.8,89.7,90.9
2012-07-01,-11.3,-5.7,-17.5,-15.2,-24.5,87.9,89.7
2012-08-01,-11.6,-6.6,-18.1,-16.7,-25.9,87.1,89.9
2012-09-01,-12.0,-8.0,-19.6,-18.4,-26.4,85.8,87.8
2012-10-01,-14.6,-7.5,-19.1,-16.8,-28.4,84.9,88.8
2012-11-01,-12.5,-7.8,-19.4,-14.7,-29.1,86.0,87.4
2012-12-01,-11.6,-7.0,-20.1,-17.5,-29.1,86.4,85.9
2013-01-01,-11.4,-5.5,-18.4,-16.5,-26.2,88.1,87.6
2013-02-01,-9.4,-5.8,-18.0,-17.0,-25.9,88.7,87.4
2013-03-01,-10.3,-5.6,-18.1,-18.3,-25.9,88.6,87.1
2013-04-01,-11.3,-7.6,-17.2,-19.5,-26.3,87.8,86.9
2013-05-01,-10.4,-6.1,-18.1,-16.8,-27.2,88.4,87.8
2013-06-01,-8.8,-4.6,-17.3,-13.6,-27.0,89.7,88.4
2013-07-01,-8.3,-3.9,-16.3,-13.2,-27.1,90.5,89.7
2013-08-01,-5.4,-1.7,-14.9,-9.9,-25.7,93.2,91.4
2013-09-01,-4.6,0.1,-13.1,-7.2,-24.2,95.8,93.4
2013-10-01,-3.7,0.1,-13.6,-8.0,-24.7,95.7,93.9
2013-11-01,-3.1,1.9,-13.0,-8.2,-25.9,96.9,92.9
2013-12-01,-2.8,2.2,-12.5,-4.9,-25.4,97.7,94.4
2014-01-01,-2.6,3.7,-11.6,-4.2,-25.7,98.6,94.6
2014-02-01,-2.4,3.5,-11.3,-3.0,-25.2,99.0,95.3
2014-03-01,-2.2,5.3,-10.1,-2.5,-25.2,100.1,96.9
2014-04-01,-2.3,5.0,-10.0,-2.5,-26.2,99.6,96.9
2014-05-01,-2.8,4.6,-9.7,-3.4,-26.4,99.6,96.0
2014-06-01,-4.2,5.2,-9.8,-2.8,-27.4,99.0,96.6
2014-07-01,-3.6,4.9,-9.8,-3.5,-26.3,98.9,94.9
2014-08-01,-4.4,4.8,-11.0,-6.0,-25.8,97.7,94.3
2014-09-01,-5.3,4.4,-11.6,-8.2,-25.2,97.0,95.6
2014-10-01,-5.0,4.4,-10.9,-7.7,-24.6,97.5,94.0
2014-11-01,-3.8,4.5,-11.1,-7.1,-25.3,97.9,94.1
2014-12-01,-4.5,5.8,-10.5,-5.3,-25.6,98.1,95.4
2015-01-01,-3.8,5.9,-8.8,-3.6,-25.4,99.4,95.7
2015-02-01,-2.9,6.1,-6.6,-1.6,-24.9,101.2,98.6
2015-03-01,-1.0,7.5,-5.1,-0.3,-23.8,103.4,101.3
2015-04-01,-1.2,8.0,-5.2,0.7,-24.4,103.4,100.2
2015-05-01,-1.4,8.5,-6.3,1.4,-24.2,103.0,101.4
2015-06-01,-1.5,9.2,-6.8,-0.2,-23.3,103.1,101.6
2015-07-01,-1.2,9.6,-7.9,1.9,-22.5,103.1,101.8
2015-08-01,-1.8,11.1,-6.9,3.6,-21.4,103.4,102.4
2015-09-01,-1.3,12.1,-6.7,3.1,-21.0,104.5,102.5
2015-10-01,-1.7,12.2,-6.5,5.5,-19.8,104.7,102.4
2015-11-01,-2.1,12.7,-5.7,4.8,-18.4,105.1,103.6
2015-12-01,-1.4,12.2,-5.1,1.3,-18.0,105.3,103.9
2016-01-01,-2.0,12.3,-5.3,2.1,-18.4,104.9,103.6
2016-02-01,-2.7,11.3,-6.3,1.2,-17.7,104.1,102.6
2016-03-01,-2.1,11.0,-7.3,1.4,-18.8,103.7,102.4
2016-04-01,-2.1,11.9,-6.8,0.9,-18.4,104.3,103.3
2016-05-01,-2.4,12.1,-7.2,2.3,-17.6,104.1,103.7
2016-06-01,-1.7,11.2,-6.9,0.1,-17.2,104.2,103.1
2016-07-01,-1.8,11.2,-7.4,0.8,-15.6,104.0,104.4
2016-08-01,-2.4,10.9,-7.2,-1.9,-14.4,103.5,105.0
2016-09-01,-0.5,10.6,-7.2,-0.8,-13.6,104.5,106.3
2016-10-01,0.1,12.3,-6.2,-0.7,-12.8,106.0,108.8
2016-11-01,-0.1,12.4,-5.4,0.7,-12.3,106.3,108.8
2016-12-01,1.6,13.1,-5.0,2.4,-11.4,107.6,108.4
2017-01-01,1.9,13.7,-4.7,2.1,-11.3,108.3,108.1
2017-02-01,3.1,13.9,-6.2,1.8,-8.8,108.3,109.3
2017-03-01,2.9,14.3,-5.1,2.4,-7.7,108.9,109.5
2017-04-01,3.9,14.9,-4.5,4.1,-5.1,110.0,111.5
2017-05-01,4.5,13.8,-4.6,1.3,-4.1,109.9,109.8
2017-06-01,5.7,13.9,-3.7,3.5,-2.7,111.1,110.3
2017-07-01,6.5,14.4,-3.4,4.0,-1.2,111.9,112.7
2017-08-01,6.1,15.5,-3.2,0.2,-1.4,111.9,111.2
2017-09-01,7.9,15.8,-3.1,1.9,-0.3,113.1,112.3
2017-10-01,8.9,16.4,-2.2,4.1,0.6,114.3,113.6
2017-11-01,9.2,16.5,-1.9,3.2,2.2,114.6,112.7
2017-12-01,9.7,17.6,-1.2,5.0,3.2,115.8,115.0
2018-01-01,9.6,16.8,-1.4,4.9,4.3,115.2,115.6
2018-02-01,8.3,16.9,-2.3,4.0,4.5,114.4,114.5
2018-03-01,6.7,16.3,-2.8,1.2,5.4,112.7,114.7
2018-04-01,7.8,15.5,-2.6,-0.2,5.0,113.5,114.7
2018-05-01,6.7,14.4,-3.9,1.0,6.3,111.7,114.0
2018-06-01,7.2,14.0,-3.9,0.4,5.1,112.1,113.0
2018-07-01,5.6,14.5,-3.9,0.4,6.2,111.2,113.0
2018-08-01,5.1,14.6,-4.1,0.9,7.2,111.0,112.5
2018-09-01,5.5,15.0,-4.9,2.0,8.9,110.9,113.3
2018-10-01,4.4,14.1,-4.1,-0.7,8.7,110.6,112.2
2018-11-01,4.6,14.4,-4.7,-0.2,9.1,110.7,112.6
2018-12-01,2.8,13.1,-6.1,0.4,7.8,109.0,109.8
2019-01-01,0.5,12.4,-5.3,-1.1,8.5,107.5,109.2
2019-02-01,-0.4,12.6,-5.4,-0.5,8.1,107.0,109.0
2019-03-01,-1.7,12.0,-4.8,1.2,8.2,106.3,108.8
2019-04-01,-3.9,12.2,-5.3,-0.4,7.4,104.8,109.4
2019-05-01,-2.4,11.6,-5.0,-0.5,6.2,105.8,107.4
2019-06-01,-5.1,10.3,-5.6,0.0,7.3,103.5,106.5
2019-07-01,-6.8,9.2,-5.1,-0.4,6.2,102.6,106.7
2019-08-01,-5.4,9.0,-5.9,-0.5,5.6,103.2,104.4
2019-09-01,-7.7,9.6,-5.5,0.0,4.9,102.1,105.0
2019-10-01,-7.9,10.1,-5.9,-0.9,5.2,102.0,105.8
2019-11-01,-7.2,10.6,-5.3,-0.1,4.8,102.9,105.3
2019-12-01,-7.6,13.6,-6.4,1.8,6.1,103.5,106.2
2020-01-01,-5.3,13.2,-5.9,1.0,5.6,105.2,105.7
2020-02-01,-4.8,12.8,-5.0,0.4,5.3,105.5,105.0
2020-03-01,-11.3,-3.9,-10.9,-10.0,0.1,93.6,91.4
2020-04-01,-37.1,-47.2,-23.2,-35.7,-21.3,57.7,50.2
2020-05-01,-29.3,-51.7,-19.0,-34.1,-18.8,62.8,65.7
2020-06-01,-21.2,-39.2,-13.3,-20.2,-12.4,74.8,82.6
2020-07-01,-14.7,-27.4,-13.4,-13.9,-10.9,83.1,89.0
2020-08-01,-10.4,-14.5,-12.9,-9.0,-9.7,90.3,92.0
2020-09-01,-8.3,-7.1,-11.6,-5.4,-7.6,94.6,95.3
2020-10-01,-5.7,-7.4,-13.2,-3.6,-6.5,95.3,93.6
2020-11-01,-6.7,-11.6,-15.4,-10.5,-6.4,92.0,90.0
2020-12-01,-3.1,-8.4,-10.9,-9.6,-5.9,96.8,92.3
2021-01-01,-2.5,-7.9,-12.6,-15.8,-4.9,96.1,91.7
2021-02-01,0.0,-7.8,-12.0,-16.5,-3.8,97.8,93.2
2021-03-01,3.5,-3.7,-8.5,-10.6,-0.4,103.2,98.6
2021-04-01,7.2,-1.8,-8.4,-6.8,1.7,106.0,100.5
2021-05-01,9.3,5.2,-4.2,-2.6,3.5,111.0,107.0
2021-06-01,11.8,14.4,-0.9,5.6,4.9,117.1,112.3
2021-07-01,14.5,16.7,-2.6,6.4,4.5,119.1,113.9
2021-08-01,13.9,17.2,-4.0,6.7,5.5,118.4,114.3
2021-09-01,14.3,17.2,-2.5,4.5,7.8,119.2,115.7
2021-10-01,14.7,19.6,-4.0,4.4,8.8,119.8,116.3
2021-11-01,14.0,19.0,-6.9,4.5,9.0,117.6,116.5
2021-12-01,14.5,13.0,-8.0,2.3,9.5,115.8,114.1
2022-01-01,13.1,10.9,-8.3,3.2,8.9,113.9,113.4
2022-02-01,13.5,14.2,-8.4,4.4,9.4,115.2,116.4
2022-03-01,7.9,12.3,-20.6,-3.3,8.5,106.5,112.4
2022-04-01,7.4,12.2,-20.8,-4.6,6.3,105.1,111.7
2022-05-01,6.2,12.9,-20.1,-3.9,6.0,105.3,112.9
2022-06-01,7.5,12.7,-22.8,-4.2,3.8,104.3,111.1
2022-07-01,3.8,9.5,-26.0,-6.2,3.2,99.6,107.6
2022-08-01,1.7,8.8,-23.7,-5.5,3.8,98.7,108.5
2022-09-01,0.3,6.1,-27.5,-7.3,2.3,95.1,107.8
2022-10-01,-0.5,4.1,-26.2,-5.7,3.1,94.2,105.6
2022-11-01,-1.3,4.6,-22.5,-6.0,2.7,95.4,107.1
2022-12-01,-0.4,6.4,-20.8,-3.0,3.5,97.1,107.3
2023-01-01,0.8,8.0,-19.5,-1.2,1.7,99.2,109.4
2023-02-01,-0.8,7.7,-17.9,-0.8,2.2,98.7,109.3
2023-03-01,-1.6,7.8,-17.8,-1.7,1.5,98.4,108.7
2023-04-01,-3.5,9.3,-15.8,-0.3,1.5,99.0,108.1
2023-05-01,-5.8,7.3,-15.8,-4.7,0.6,96.7,105.5
2023-06-01,-7.1,5.8,-14.7,-5.2,-1.1,95.8,105.9
2023-07-01,-9.2,6.1,-13.8,-3.8,-2.4,95.1,104.5
2023-08-01,-9.9,5.2,-14.7,-4.7,-4.0,94.2,103.1
2023-09-01,-8.5,4.9,-16.6,-5.4,-4.4,93.9,104.0
2023-10-01,-9.2,5.2,-16.7,-7.4,-4.0,93.7,103.7
2023-11-01,-9.5,5.5,-15.7,-7.6,-3.0,94.1,103.0
2023-12-01,-8.7,7.5,-13.8,-6.2,-2.2,96.7,103.3
2024-01-01,-9.8,7.3,-14.6,-6.3,-3.3,95.6,102.3
2024-02-01,-9.9,5.7,-14.3,-7.1,-4.0,95.2,102.6
2024-03-01,-9.6,6.9,-13.4,-5.7,-4.0,96.2,102.6
2024-04-01,-10.4,6.8,-12.9,-5.9,-4.3,96.2,102.2
2024-05-01,-10.4,7.4,-12.7,-6.4,-4.4,96.4,101.9
2024-06-01,-10.1,6.6,-12.5,-7.6,-5.5,96.3,100.9
2024-07-01,-10.6,5.3,-11.5,-9.0,-4.9,96.2,99.0
2024-08-01,-10.1,6.3,-12.0,-8.1,-4.9,96.7,100.2
2024-09-01,-11.3,6.3,-11.6,-8.3,-4.1,96.1,99.9
2024-10-01,-12.5,6.9,-11.1,-7.6,-3.5,96.3,99.7
2024-11-01,-10.7,4.6,-12.2,-4.9,-3.6,96.0,98.5
2024-12-01,-14.0,5.1,-12.6,-4.7,-3.6,93.8,97.2
2025-01-01,-12.2,4.9,-12.5,-5.6,-2.6,95.2,98.8
2025-02-01,-10.9,5.3,-12.5,-5.5,-3.0,96.4,97.5
2025-03-01,-10.5,3.3,-13.2,-6.8,-3.2,95.6,96.7
2025-04-01,-10.6,3.5,-15.0,-8.3,-3.6,94.8,97.3
2025-05-01,-9.9,3.0,-13.5,-6.5,-2.9,95.8,97.3
2025-06-01,-11.4,3.0,-13.9,-7.2,-2.4,94.5,97.7
2025-07-01,-10.1,3.9,-13.5,-6.3,-2.7,96.0,97.8
2025-08-01,-9.8,3.5,-14.0,-6.2,-3.1,95.6,98.1
2025-09-01,-9.8,4.0,-13.4,-7.6,-3.0,96.0,96.7
2025-10-01,-8.0,4.0,-12.6,-6.8,-2.2,97.2,97.2
2025-11-01,-9.0,5.4,-12.9,-5.7,-1.2,97.2,97.9
2025-12-01,-8.6,5.1,-13.3,-7.0,-1.1,96.8,96.8
2026-01-01,-6.9,6.5,-12.5,-6.1,-1.3,99.0,98.0
2026-02-01,-7.3,4.6,-12.4,-5.4,-2.2,98.0,97.5
2026-03-01,-7.0,4.7,-16.3,-7.6,-2.2,96.4,96.4
2026-04-01,-7.6,1.6,-20.5,-10.0,-2.9,93.3,91.8
2026-05-01,-7.9,2.6,-19.0,-10.9,-3.9,93.7,94.4
2026-06-01,-7.7,3.2,-17.7,-9.7,-4.5,95.0,92.2