date,DE.INDU,DE.SERV,DE.CONS,DE.RETA,DE.BUIL,DE.ESI,DE.EEI
2000-01-01,-5.1,45.2,-5.7,-17.5,-37.9,110.0,96.4
2000-02-01,-3.1,45.7,-4.5,-12.2,-40.6,111.5,97.0
2000-03-01,-1.5,45.8,-4.4,-18.6,-41.0,111.8,97.1
2000-04-01,-1.2,37.6,-5.5,-14.3,-39.7,109.7,97.1
2000-05-01,0.1,38.1,-2.0,-12.5,-40.7,111.4,98.5
2000-06-01,-0.5,38.6,-5.8,-20.4,-40.8,109.5,96.3
2000-07-01,0.4,41.6,-4.0,-17.0,-42.2,111.9,97.2
2000-08-01,1.7,41.5,-3.3,-16.1,-44.6,112.2,96.9
2000-09-01,0.6,41.3,-6.2,-20.5,-44.1,110.6,94.8
2000-10-01,1.5,50.4,-7.2,-21.7,-42.5,113.5,96.4
2000-11-01,0.5,50.8,-5.3,-20.9,-42.0,113.7,97.2
2000-12-01,-0.7,49.2,-5.7,-17.4,-40.9,113.0,98.1
2001-01-01,-1.4,31.2,-4.6,-14.1,-41.0,107.5,95.4
2001-02-01,-4.7,26.2,-5.8,-24.2,-42.0,103.7,99.9
2001-03-01,-7.4,15.6,-5.2,-18.5,-42.6,99.6,94.9
2001-04-01,-11.6,20.5,-5.9,-22.3,-43.8,99.4,95.7
2001-05-01,-12.7,21.7,-7.7,-24.3,-44.2,98.4,97.3
2001-06-01,-15.6,19.5,-10.2,-23.4,-45.0,95.6,100.7
2001-07-01,-13.8,11.0,-10.3,-25.1,-43.3,93.9,91.3
2001-08-01,-16.2,10.0,-11.8,-25.5,-44.1,92.2,92.0
2001-09-01,-20.6,7.0,-11.4,-29.8,-47.8,89.2,89.3
2001-10-01,-23.4,-0.8,-10.9,-32.3,-47.0,86.0,87.5
2001-11-01,-23.3,-10.2,-12.5,-27.8,-45.6,82.8,87.6
2001-12-01,-19.5,-6.9,-13.0,-28.5,-43.0,85.5,89.1
2002-01-01,-21.7,-5.2,-14.3,-29.9,-52.2,84.1,87.0
2002-02-01,-19.0,-1.9,-15.2,-33.4,-49.1,86.2,87.6
2002-03-01,-16.5,0.9,-14.8,-33.5,-49.3,88.2,88.7
2002-04-01,-16.0,-2.1,-15.9,-32.4,-50.4,87.2,87.1
2002-05-01,-14.6,-6.5,-16.2,-32.7,-50.3,86.2,87.1
2002-06-01,-14.9,-10.4,-17.2,-37.5,-49.6,84.6,84.6
2002-07-01,-15.1,-12.6,-15.5,-39.1,-51.2,84.2,82.0
2002-08-01,-16.3,-14.8,-17.2,-33.8,-48.3,82.9,80.1
2002-09-01,-16.8,-11.7,-16.2,-39.1,-46.5,83.8,84.9
2002-10-01,-16.0,-15.3,-18.4,-39.1,-49.1,82.0,78.8
2002-11-01,-15.4,-14.0,-23.9,-35.3,-50.2,80.8,82.3
2002-12-01,-16.9,-14.5,-24.6,-39.3,-51.3,79.7,81.2
2003-01-01,-17.8,-15.0,-22.5,-39.0,-52.1,80.1,82.6
2003-02-01,-16.1,-13.1,-23.9,-31.9,-51.2,81.1,79.9
2003-03-01,-17.7,-9.5,-23.0,-34.4,-49.0,82.0,82.0
2003-04-01,-18.1,-0.1,-21.4,-32.0,-46.6,85.2,83.8
2003-05-01,-18.8,-4.6,-20.4,-27.7,-47.7,83.9,78.5
2003-06-01,-18.6,2.9,-18.7,-29.7,-47.1,86.9,80.1
2003-07-01,-19.4,4.7,-16.2,-30.6,-48.4,88.0,83.6
2003-08-01,-16.0,11.8,-18.3,-27.7,-46.4,90.8,86.1
2003-09-01,-13.9,12.8,-18.5,-25.0,-45.9,92.1,87.6
2003-10-01,-12.5,13.8,-18.1,-22.1,-47.7,93.2,86.4
2003-11-01,-10.5,16.8,-16.0,-19.9,-46.4,95.7,89.3
2003-12-01,-11.5,18.2,-17.7,-25.5,-46.7,94.6,87.6
2004-01-01,-9.6,2.6,-19.8,-25.0,-45.2,89.8,85.2
2004-02-01,-9.1,15.2,-16.6,-26.1,-45.4,95.3,86.7
2004-03-01,-9.5,8.1,-17.4,-30.1,-46.0,92.6,84.5
2004-04-01,-7.4,6.4,-17.8,-26.4,-45.8,92.9,84.7
2004-05-01,-7.4,6.1,-18.2,-28.6,-48.3,92.5,88.8
2004-06-01,-8.2,5.3,-17.3,-31.7,-47.6,91.8,85.9
2004-07-01,-6.3,7.3,-18.2,-29.1,-49.0,92.9,86.8
2004-08-01,-5.6,3.9,-17.6,-29.9,-49.0,92.5,86.8
2004-09-01,-5.3,8.2,-15.8,-28.6,-49.0,94.4,87.9
2004-10-01,-5.2,8.5,-17.1,-27.8,-49.0,94.1,90.7
2004-11-01,-6.0,10.3,-17.1,-27.3,-48.2,94.4,89.5
2004-12-01,-5.5,3.2,-16.5,-23.4,-48.6,92.6,88.7
2005-01-01,-5.6,7.7,-14.2,-24.1,-47.4,94.9,87.9
2005-02-01,-7.4,6.8,-14.8,-26.5,-48.3,93.7,89.3
2005-03-01,-10.1,4.6,-14.9,-32.5,-46.3,91.6,87.2
2005-04-01,-10.5,6.6,-15.3,-27.8,-44.2,92.2,85.8
2005-05-01,-10.7,9.0,-14.7,-27.5,-42.2,93.0,88.6
2005-06-01,-11.1,7.7,-15.1,-27.0,-44.6,92.3,88.2
2005-07-01,-8.9,10.0,-15.6,-27.2,-43.2,93.8,90.8
2005-08-01,-8.0,10.4,-14.0,-21.1,-41.0,95.2,87.7
2005-09-01,-6.3,11.7,-13.9,-19.5,-37.0,96.3,92.7
2005-10-01,-4.2,12.1,-12.6,-21.2,-34.9,97.6,94.2
2005-11-01,-5.1,11.2,-12.5,-21.3,-34.9,97.1,92.5
2005-12-01,-3.8,14.7,-11.9,-19.5,-36.3,98.6,94.7
2006-01-01,-1.3,14.5,-8.3,-14.1,-31.6,101.4,98.3
2006-02-01,0.1,15.8,-8.8,-10.2,-28.1,102.5,100.7
2006-03-01,0.9,16.0,-8.8,-9.6,-26.7,103.0,100.2
2006-04-01,4.1,14.4,-8.7,-9.1,-20.3,104.0,101.8
2006-05-01,4.0,18.0,-6.5,-9.7,-18.8,105.9,100.4
2006-06-01,5.2,14.7,-7.6,-6.6,-17.4,105.1,103.5
2006-07-01,5.8,15.4,-8.3,-12.8,-16.3,104.9,102.1
2006-08-01,6.0,14.9,-8.5,-12.7,-14.6,104.9,100.0
2006-09-01,8.5,14.0,-8.4,-8.3,-14.7,105.7,104.8
2006-10-01,10.3,16.5,-9.5,-6.3,-16.0,106.7,104.8
2006-11-01,11.6,17.6,-8.5,-7.5,-16.4,107.9,107.1
2006-12-01,11.3,19.1,-7.8,-6.9,-16.8,107.9,106.3
2007-01-01,10.7,18.3,-8.0,-7.9,-19.2,107.4,106.9
2007-02-01,8.9,14.7,-5.8,-16.1,-24.6,105.9,106.9
2007-03-01,8.8,17.9,-4.9,-13.9,-24.8,107.2,107.9
2007-04-01,8.8,20.7,-3.2,-7.7,-25.7,108.8,104.7
2007-05-01,9.0,17.3,-1.2,-7.8,-24.9,108.7,104.8
2007-06-01,9.9,17.7,-1.9,-11.7,-25.3,108.9,107.5
2007-07-01,8.9,18.3,-1.7,-9.9,-25.8,108.6,108.2
2007-08-01,8.6,17.9,-4.2,-9.9,-24.1,107.6,109.3
2007-09-01,7.8,14.6,-5.6,-12.8,-23.9,105.5,104.3
2007-10-01,7.0,16.4,-5.3,-14.0,-23.0,105.9,106.0
2007-11-01,7.1,12.2,-7.9,-13.0,-24.0,103.8,107.6
2007-12-01,6.9,12.8,-7.7,-20.4,-22.8,103.6,103.9
2008-01-01,5.2,12.5,-8.0,-20.2,-21.6,102.9,102.8
2008-02-01,5.2,12.9,-9.0,-11.5,-25.7,103.1,106.2
2008-03-01,5.2,12.3,-9.3,-9.1,-23.6,102.9,105.0
2008-04-01,3.0,9.3,-8.6,-16.1,-25.4,101.2,103.3
2008-05-01,2.9,11.0,-11.1,-14.0,-22.0,100.8,103.3
2008-06-01,-0.7,10.6,-13.1,-17.5,-22.9,98.4,102.9
2008-07-01,-3.3,4.9,-16.2,-28.6,-22.1,94.3,99.5
2008-08-01,-6.9,0.0,-17.1,-25.2,-25.8,91.0,96.8
2008-09-01,-9.4,-0.7,-15.7,-29.1,-26.0,90.2,94.0
2008-10-01,-17.2,-4.5,-18.1,-26.4,-25.6,85.2,91.7
2008-11-01,-28.8,-7.8,-17.1,-34.3,-26.3,79.7,83.9
2008-12-01,-36.9,-12.4,-20.0,-33.7,-28.0,74.1,80.1
2009-01-01,-37.5,-11.2,-19.6,-29.8,-29.7,75.1,80.3
2009-02-01,-41.3,-11.9,-19.7,-25.9,-29.8,73.6,79.1
2009-03-01,-42.0,-13.9,-20.8,-26.9,-28.7,72.8,78.1
2009-04-01,-39.7,-10.8,-19.3,-22.3,-29.5,75.1,78.5
2009-05-01,-37.9,-7.4,-18.7,-21.4,-30.5,77.3,80.7
2009-06-01,-34.7,-4.4,-17.9,-17.4,-30.1,80.3,84.3
2009-07-01,-31.2,-3.9,-15.7,-18.9,-29.3,82.6,86.1
2009-08-01,-25.2,3.6,-13.2,-16.8,-27.1,88.4,89.2
2009-09-01,-23.6,6.1,-11.4,-14.8,-29.1,90.4,87.2
2009-10-01,-19.6,6.4,-9.8,-17.3,-26.9,92.7,89.4
2009-11-01,-19.2,9.0,-11.6,-15.8,-26.2,93.1,88.3
2009-12-01,-17.4,8.2,-9.4,-15.7,-27.2,94.2,91.6
2010-01-01,-14.9,8.7,-11.3,-16.2,-27.3,94.6,90.4
2010-02-01,-12.5,6.8,-10.7,-21.0,-26.6,95.4,91.6
2010-03-01,-9.2,9.7,-9.1,-18.2,-24.3,98.2,95.8
2010-04-01,-4.3,16.5,-5.5,-3.6,-22.2,103.9,98.7
2010-05-01,-1.6,15.0,-8.6,-7.5,-22.2,103.2,98.8
2010-06-01,1.3,14.8,-7.6,-9.3,-21.2,104.5,98.9
2010-07-01,4.5,18.5,-3.8,-2.4,-18.7,108.1,103.1
2010-08-01,5.8,19.6,-2.2,0.3,-19.1,109.3,106.7
2010-09-01,6.7,21.7,-0.4,3.0,-16.8,111.0,106.1
2010-10-01,7.7,23.4,-0.7,2.7,-15.0,111.7,109.0
2010-11-01,8.0,24.3,1.3,5.8,-14.5,112.9,109.5
2010-12-01,9.4,23.0,0.6,10.4,-15.5,113.0,109.0
2011-01-01,8.5,19.9,0.4,3.9,-13.8,111.3,109.9
2011-02-01,10.5,21.4,1.0,6.1,-11.1,112.9,110.7
2011-03-01,10.5,20.7,0.0,6.1,-11.4,112.4,112.5
2011-04-01,10.9,20.5,-0.9,4.9,-8.7,112.1,113.4
2011-05-01,10.7,19.1,-1.5,5.1,-7.6,111.5,110.9
2011-06-01,9.5,19.4,-0.4,1.8,-6.7,111.3,111.0
2011-07-01,8.0,19.2,-0.7,-1.4,-7.1,110.4,110.8
2011-08-01,4.8,15.1,-4.0,-5.0,-6.2,106.7,106.7
2011-09-01,2.3,12.2,-3.0,-6.8,-7.3,105.0,107.3
2011-10-01,0.6,13.6,-5.1,-10.6,-9.8,103.6,107.3
2011-11-01,-1.5,12.6,-5.1,-6.4,-8.5,103.1,106.8
2011-12-01,-1.0,13.4,-3.9,-8.0,-10.8,103.7,105.4
2012-01-01,0.0,12.4,-4.2,-8.5,-10.4,103.6,107.0
2012-02-01,0.0,14.3,-4.7,-8.6,-9.2,104.0,106.4
2012-03-01,-2.5,15.3,-4.9,-5.8,-9.5,103.6,107.7
2012-04-01,-1.6,17.4,-4.6,-4.4,-9.5,104.7,105.4
2012-05-01,-4.3,16.3,-5.3,-12.2,-8.2,102.9,106.3
2012-06-01,-5.4,13.4,-4.6,-13.4,-9.6,101.9,103.7
2012-07-01,-8.8,9.4,-5.6,-12.6,-8.2,98.9,102.9
2012-08-01,-9.6,9.8,-6.2,-15.1,-8.8,98.5,102.0
2012-09-01,-11.9,9.6,-7.2,-18.1,-8.8,97.0,101.5
2012-10-01,-14.6,9.1,-7.1,-15.3,-10.8,95.9,100.4
2012-11-01,-11.8,8.8,-6.4,-14.5,-9.4,97.6,102.1
2012-12-01,-10.3,10.1,-6.8,-15.7,-11.9,98.2,103.9
2013-01-01,-8.8,11.3,-5.5,-14.3,-7.4,100.1,103.1
2013-02-01,-6.8,11.0,-5.2,-15.3,-6.3,100.8,102.9
2013-03-01,-7.8,13.7,-5.2,-17.8,-6.1,101.1,103.0
2013-04-01,-7.4,8.5,-4.8,-20.4,-4.2,99.9,101.0
2013-05-01,-8.0,11.8,-4.8,-13.5,-4.2,100.8,101.9
2013-06-01,-5.8,11.3,-4.5,-15.4,-5.3,101.3,100.2
2013-07-01,-6.4,12.5,-3.8,-13.9,-5.3,101.9,101.7
2013-08-01,-2.1,13.8,-3.9,-10.7,-4.2,104.0,103.7
2013-09-01,-1.7,15.7,-3.0,-8.8,-2.9,105.2,104.1
2013-10-01,1.0,12.2,-2.6,-8.7,-3.6,105.3,103.9
2013-11-01,0.9,14.2,-1.8,-8.0,-4.7,106.2,105.3
2013-12-01,0.3,14.8,-1.3,-6.2,-6.2,106.1,105.1
2014-01-01,0.5,15.1,-0.3,-7.3,-8.6,106.8,103.8
2014-02-01,0.8,15.4,0.0,-3.3,-6.4,107.3,107.2
2014-03-01,1.2,15.5,-0.6,-2.1,-7.9,107.2,107.8
2014-04-01,0.5,16.2,-0.4,0.1,-9.3,107.3,107.3
2014-05-01,0.8,14.9,-0.1,-3.0,-10.9,107.0,104.8
2014-06-01,-1.2,13.0,-0.4,-4.9,-8.5,105.4,103.3
2014-07-01,-0.9,12.9,0.0,-10.3,-11.3,105.2,103.2
2014-08-01,-2.9,12.4,-1.7,-10.3,-11.0,103.8,104.5
2014-09-01,-5.3,12.6,-2.2,-11.0,-10.1,102.5,103.2
2014-10-01,-6.4,12.5,-1.2,-13.9,-9.2,102.4,102.8
2014-11-01,-4.5,11.4,-2.0,-13.2,-12.7,102.3,99.9
2014-12-01,-4.4,12.3,-1.3,-11.2,-11.4,103.0,102.1
2015-01-01,-3.0,12.9,-0.5,-10.1,-11.7,104.1,102.9
2015-02-01,-2.1,12.2,-0.2,-8.2,-11.7,104.6,103.9
2015-03-01,-0.1,15.0,0.5,-6.0,-12.2,106.3,106.2
2015-04-01,-0.3,15.3,0.6,-4.1,-9.4,106.6,106.2
2015-05-01,-0.8,17.0,0.2,-3.8,-11.5,106.6,106.2
2015-06-01,-1.2,18.4,-0.3,-5.1,-11.4,106.9,106.4
2015-07-01,-0.7,17.8,-0.7,-1.7,-10.4,107.0,106.8
2015-08-01,-2.0,20.1,-0.9,1.6,-8.6,107.1,106.8
2015-09-01,-1.7,21.5,-2.1,0.3,-8.6,107.5,106.5
2015-10-01,-3.4,20.4,-3.3,0.0,-7.6,106.1,108.0
2015-11-01,-2.6,21.5,-3.3,-0.7,-5.4,106.9,109.1
2015-12-01,-3.0,19.6,-1.7,-2.5,-5.3,106.4,109.8
2016-01-01,-3.8,19.8,-2.2,-2.7,-5.3,105.8,109.9
2016-02-01,-4.3,17.5,-2.2,-5.1,-3.6,105.2,106.7
2016-03-01,-3.8,17.5,-2.7,-3.2,-3.1,105.4,105.8
2016-04-01,-2.8,18.2,-1.7,-3.4,-4.6,106.4,107.5
2016-05-01,-2.3,16.3,-2.0,-0.4,-0.1,106.1,106.7
2016-06-01,-1.4,17.8,-1.0,-3.8,1.1,107.1,106.0
2016-07-01,-0.9,17.0,-1.5,-2.9,1.3,106.8,107.9
2016-08-01,-2.8,17.1,-1.2,-6.5,1.9,106.0,108.6
2016-09-01,-0.6,17.6,-1.6,-4.1,4.0,106.9,110.2
2016-10-01,0.5,19.0,-1.7,-4.8,2.0,107.7,111.3
2016-11-01,0.3,18.9,-0.9,-2.9,2.2,107.9,111.7
2016-12-01,2.5,20.3,-0.3,-4.0,5.5,109.4,112.1
2017-01-01,2.5,19.3,0.0,-6.4,5.1,109.1,111.0
2017-02-01,3.8,19.8,-1.5,-6.9,4.7,109.0,111.3
2017-03-01,5.4,19.8,-0.5,-4.7,8.7,110.3,109.9
2017-04-01,7.9,20.4,0.4,3.2,10.9,112.1,113.4
2017-05-01,8.2,17.6,1.2,-5.8,10.3,111.2,111.5
2017-06-01,10.2,18.2,2.0,-0.6,13.0,112.7,113.1
2017-07-01,11.8,18.4,2.1,-2.2,12.3,113.3,114.7
2017-08-01,10.7,18.3,1.3,-6.6,12.3,112.4,112.9
2017-09-01,11.9,17.8,1.2,-4.7,11.7,112.6,114.0
2017-10-01,13.4,19.6,1.7,-2.4,10.9,113.7,114.8
2017-11-01,13.3,20.8,1.4,-2.2,12.1,114.1,114.1
2017-12-01,14.5,21.5,1.4,0.1,12.3,114.9,116.9
2018-01-01,14.8,23.0,2.4,-2.1,13.5,115.5,118.9
2018-02-01,12.5,21.5,2.3,-2.4,14.7,114.5,117.8
2018-03-01,10.7,20.3,1.6,-7.0,15.6,113.0,115.8
2018-04-01,12.2,17.8,1.4,-4.7,17.2,113.0,114.8
2018-05-01,11.6,17.6,1.2,-1.4,17.4,112.6,116.1
2018-06-01,11.9,16.1,1.4,-6.3,16.5,112.5,115.5
2018-07-01,10.4,22.8,0.1,-7.0,20.4,113.4,116.3
2018-08-01,9.6,21.7,0.7,-5.5,18.9,112.8,118.1
2018-09-01,9.2,22.5,0.3,-1.7,18.9,112.7,117.3
2018-10-01,6.8,20.6,-0.1,-5.8,20.9,111.2,117.1
2018-11-01,6.7,24.2,-0.1,-4.6,20.9,112.3,114.1
2018-12-01,3.9,21.6,-0.7,-5.0,18.9,110.2,115.7
2019-01-01,2.4,19.9,0.0,-10.3,17.6,109.2,113.0
2019-02-01,0.5,20.8,-0.4,-7.6,17.3,108.7,113.1
2019-03-01,-2.5,19.5,-0.2,-3.6,18.3,107.2,110.2
2019-04-01,-5.3,20.0,-0.4,-4.3,19.6,106.1,110.6
2019-05-01,-5.0,18.7,-1.0,-2.8,18.4,106.1,107.4
2019-06-01,-8.8,16.5,-2.8,-2.6,16.9,103.2,106.9
2019-07-01,-12.0,12.5,-2.6,-7.3,18.0,100.5,106.8
2019-08-01,-10.8,11.2,-3.4,-5.8,15.6,100.6,102.3
2019-09-01,-15.1,13.8,-2.1,-7.9,13.2,99.9,103.5
2019-10-01,-14.5,15.1,-4.1,-7.6,14.0,99.9,104.7
2019-11-01,-14.7,17.1,-2.0,-4.0,12.7,101.4,106.0
2019-12-01,-14.6,22.0,-3.6,-4.5,13.5,102.4,104.9
2020-01-01,-10.6,22.0,-2.6,-8.0,13.9,104.6,105.7
2020-02-01,-10.6,22.8,-2.3,-8.2,13.0,104.6,102.7
2020-03-01,-17.3,-1.1,-8.4,-24.1,8.8,91.6,91.2
2020-04-01,-35.7,-39.7,-18.0,-46.1,0.9,67.1,73.6
2020-05-01,-29.2,-39.9,-15.8,-31.5,-0.8,72.2,78.0
2020-06-01,-22.1,-27.6,-11.1,-16.8,0.6,81.5,88.5
2020-07-01,-15.3,-11.7,-10.5,-8.6,0.4,90.1,91.1
2020-08-01,-9.8,2.1,-8.3,-5.0,-0.5,97.2,96.0
2020-09-01,-7.4,4.5,-8.1,-4.2,2.9,98.8,98.7
2020-10-01,-3.1,5.2,-9.2,-0.9,1.7,100.5,99.7
2020-11-01,-3.7,1.9,-9.9,-6.7,0.3,98.4,99.5
2020-12-01,-0.9,-1.7,-8.5,-4.5,1.8,99.1,96.8
2021-01-01,1.1,-4.6,-11.5,-29.1,1.6,96.6,94.2
2021-02-01,6.5,-4.2,-9.5,-30.5,-0.1,99.8,93.2
2021-03-01,12.4,-0.2,-6.6,-17.8,2.1,105.2,99.8
2021-04-01,15.1,-2.0,-8.5,-13.3,2.8,105.0,101.2
2021-05-01,16.0,4.4,-4.9,-6.3,4.1,108.6,104.9
2021-06-01,19.8,18.8,-1.4,4.3,5.4,116.1,113.8
2021-07-01,22.1,20.7,-2.6,6.9,5.9,117.5,112.0
2021-08-01,23.1,22.2,-4.0,3.6,6.4,117.9,115.5
2021-09-01,24.2,20.5,-0.8,4.5,9.5,118.9,117.1
2021-10-01,21.5,22.6,-2.4,3.0,10.3,118.0,115.2
2021-11-01,20.6,19.8,-4.4,4.4,12.1,116.0,114.9
2021-12-01,23.5,8.4,-6.5,-5.5,11.2,112.7,113.6
2022-01-01,22.6,8.5,-4.9,-2.0,9.4,113.1,112.2
2022-02-01,22.2,16.0,-6.2,-0.5,12.4,115.1,116.3
2022-03-01,15.0,10.7,-15.3,-10.3,8.2,106.7,110.5
2022-04-01,15.5,13.8,-18.7,-10.6,5.3,106.4,111.7
2022-05-01,14.1,16.2,-18.7,-11.7,6.6,107.0,113.7
2022-06-01,15.0,14.7,-20.3,-14.3,5.5,105.7,112.8
2022-07-01,11.1,10.1,-24.9,-18.4,1.1,100.4,107.9
2022-08-01,8.2,7.3,-23.3,-19.5,1.8,98.6,107.8
2022-09-01,4.6,5.9,-28.1,-23.6,-2.6,94.3,105.0
2022-10-01,3.5,1.7,-26.8,-23.6,-3.2,92.8,101.4
2022-11-01,3.6,2.4,-24.2,-23.6,-2.1,94.1,105.5
2022-12-01,3.2,6.1,-22.0,-16.8,-3.1,96.1,104.7
2023-01-01,4.2,8.3,-19.8,-15.6,-2.0,98.3,107.0
2023-02-01,1.9,8.9,-16.7,-14.7,-4.4,98.6,105.7
2023-03-01,-0.5,11.1,-17.9,-15.0,-5.1,98.0,105.7
2023-04-01,-1.4,10.8,-14.3,-12.3,-6.1,99.0,105.9
2023-05-01,-5.5,7.0,-14.0,-18.4,-7.3,95.7,100.4
2023-06-01,-8.8,6.0,-14.3,-17.0,-12.8,94.0,102.9
2023-07-01,-13.6,5.8,-13.8,-17.6,-15.5,92.0,100.2
2023-08-01,-15.6,2.5,-14.9,-20.0,-17.0,89.9,100.1
2023-09-01,-13.7,2.2,-15.3,-19.7,-18.1,90.3,98.0
2023-10-01,-14.9,4.2,-15.2,-21.7,-17.9,90.7,98.3
2023-11-01,-15.4,4.8,-16.3,-19.1,-17.7,90.4,97.9
2023-12-01,-14.3,7.3,-13.7,-19.3,-17.1,92.9,100.1
2024-01-01,-16.3,5.9,-16.6,-25.6,-18.3,90.4,96.9
2024-02-01,-18.3,4.0,-13.7,-25.2,-18.3,89.9,95.7
2024-03-01,-17.0,3.3,-13.2,-20.1,-19.5,90.8,98.6
2024-04-01,-18.4,6.3,-10.3,-17.6,-17.6,92.6,97.5
2024-05-01,-18.0,8.2,-10.4,-16.6,-18.4,93.1,97.0
2024-06-01,-17.2,7.4,-10.5,-20.6,-17.3,92.9,97.7
2024-07-01,-18.9,7.9,-8.4,-24.1,-16.8,93.0,96.3
2024-08-01,-20.0,5.4,-10.1,-22.1,-16.4,91.5,94.8
2024-09-01,-22.7,6.5,-10.9,-23.8,-15.2,90.4,93.3
2024-10-01,-23.3,6.2,-8.8,-23.6,-15.7,90.9,93.0
2024-11-01,-22.6,3.1,-10.9,-19.9,-17.2,89.3,92.6
2024-12-01,-28.6,2.6,-10.1,-20.5,-14.6,86.8,90.2
2025-01-01,-25.3,3.9,-11.4,-24.0,-15.4,88.3,92.5
2025-02-01,-23.2,5.5,-11.3,-22.0,-15.8,89.7,91.2
2025-03-01,-21.0,1.2,-10.2,-24.3,-14.2,89.8,89.9
2025-04-01,-19.5,3.4,-10.6,-25.3,-16.2,91.0,92.0
2025-05-01,-17.4,2.1,-9.2,-19.7,-16.1,92.2,94.3
2025-06-01,-20.5,4.4,-9.6,-21.4,-13.7,91.4,91.8
2025-07-01,-18.0,4.0,-8.9,-23.1,-12.8,92.5,92.5
2025-08-01,-19.4,4.5,-10.6,-22.0,-12.5,91.5,93.2
2025-09-01,-20.1,1.5,-9.2,-22.9,-14.8,90.8,89.5
2025-10-01,-18.1,3.4,-10.8,-21.3,-13.6,91.7,91.4
2025-11-01,-18.8,4.3,-11.4,-23.7,-12.4,91.3,89.4
2025-12-01,-20.7,2.8,-12.1,-25.3,-12.0,89.9,88.5
2026-01-01,-17.4,5.3,-9.8,-25.2,-11.2,92.9,91.5
2026-02-01,-15.4,3.4,-10.8,-25.2,-9.9,92.7,90.6
2026-03-01,-14.7,5.8,-13.6,-25.5,-10.5,92.6,90.4
2026-04-01,-14.5,-1.2,-17.8,-31.3,-12.4,88.7,84.8
2026-05-01,-15.6,1.8,-16.0,-31.4,-13.3,89.8,90.5
2026-06-01,-13.5,2.2,-14.6,-29.8,-14.3,91.5,87.3