Index,Index Membership,Regions,Sub-Regions,Country,Company Name,Company Description,Source Industry,FIT Industry,NACE Industry,ESI Survey Component,CUSIP,ISIN,SEDOL,FIGI,CIK,Ticker,MIC Code,Exchange,Market Currency
1,CAC 40,"Europe, The Middle East and Africa",Western Europe,France,Accor Sa,"Provides accommodation, hotel-management, travel-booking and related hospitality services.",Hotels & Entertainment Services,"Leisure, Hospitality & Travel",Accommodation and food service activities,SERV,S58528423,FR0000120404,5852842,,,AC,XPAR,Euronext Paris,EUR
2,CAC 40,"Europe, The Middle East and Africa",Western Europe,France,Credit Agricole Sa,"Provides retail, corporate and investment banking services, with additional activities or exposure across insurance, asset management and private banking.",Banking Services,Banking,Financial and insurance activities,SERV,S72626104,FR0000045072,7262610,,,ACA,XPAR,Euronext Paris,EUR
3,CAC 40,"Europe, The Middle East and Africa",Western Europe,France,Lair Liquide Societe Anonyme Pour,"Produces and supplies industrial and medical gases, equipment and related engineering services.",Chemicals,Chemicals,Manufacturing,INDU,,FR0000120073,B1YXBJ7,,,AI,XPAR,Euronext Paris,EUR
4,CAC 40,"Europe, The Middle East and Africa",Western Europe,France,Airbus Group,"Designs, manufactures and supplies commercial aircraft, helicopters, defence systems and space technologies.",Aerospace & Defense,Aerospace & Defense,Manufacturing,INDU,S40122509,NL0000235190,4012250,,,AIR,XPAR,Euronext Paris,EUR
5,CAC 40,"Europe, The Middle East and Africa",Western Europe,France,Danone Sa,"Produces and distributes dairy, plant-based, bottled-water and specialised-nutrition products.",Food & Tobacco,Food & Beverage,Manufacturing,INDU,,FR0000120644,B1Y9TB3,,,BN,XPAR,Euronext Paris,EUR
6,CAC 40,"Europe, The Middle East and Africa",Western Europe,France,Bnp Paribas Sa,"Provides retail, commercial and investment banking services, with additional activities or exposure across asset management, wealth management and insurance.",Banking Services,Banking,Financial and insurance activities,SERV,S73096810,FR0000131104,7309681,,,BNP,XPAR,Euronext Paris,EUR
7,CAC 40,"Europe, The Middle East and Africa",Western Europe,France,Bureau Veritas Sa,"Provides testing, inspection, certification, classification and regulatory-compliance services.",Professional & Commercial Services,Professional Services,"Professional, scientific and technical activities",SERV,,FR0006174348,B28DTJ6,,,BVI,XPAR,Euronext Paris,EUR
8,CAC 40,"Europe, The Middle East and Africa",Western Europe,France,Carrefour Sa,"Operates grocery, general-merchandise and e-commerce retail businesses, with additional activities or exposure across financial and consumer services.",Food & Drug Retailing,Food Retail,Accommodation and food service activities,SERV,S56415672,FR0000120172,5641567,,,CA,XPAR,Euronext Paris,EUR
9,CAC 40,"Europe, The Middle East and Africa",Western Europe,France,Capgemini,"Provides consulting, digital-transformation, engineering and managed technology services.",Software & IT Solutions / Digital Services,Software & Digital Services,Information and communication,SERV,S41634379,FR0000125338,4163437,,,CAP,XPAR,Euronext Paris,EUR
10,CAC 40,"Europe, The Middle East and Africa",Western Europe,France,Axa Sa,"Provides insurance, risk-transfer and related financial services, with additional activities or exposure across asset management and banking.",Insurance,Insurance,Financial and insurance activities,SERV,S70884291,FR0000120628,7088429,,,CS,XPAR,Euronext Paris,EUR
11,CAC 40,"Europe, The Middle East and Africa",Western Europe,France,Vinci Sa,"Designs, constructs, maintains and operates transport, energy, telecommunications and other infrastructure assets.",Construction & Engineering,Construction & Engineering,Construction,BUIL,,FR0000125486,B1XH026,,,DG,XPAR,Euronext Paris,EUR
12,CAC 40,"Europe, The Middle East and Africa",Western Europe,France,Dassault Systemes,"Develops engineering, design, simulation and product-lifecycle-management software.",Software & IT Solutions / Digital Services,Software & Digital Services,Information and communication,SERV,,FR0014003TT8,BM8H5Y5,,,DSY,XPAR,Euronext Paris,EUR
13,CAC 40,"Europe, The Middle East and Africa",Western Europe,France,Edenred,"Develops employee-benefit, corporate-payment, expense-management and incentive solutions.",Professional & Commercial Services,Professional Services,"Professional, scientific and technical activities",SERV,,FR0010908533,B62G1B5,,,EDEN,XPAR,Euronext Paris,EUR
14,CAC 40,"Europe, The Middle East and Africa",Western Europe,France,Essilorluxottica Sa,"Designs, manufactures and distributes ophthalmic lenses, eyewear, optical equipment and related vision-care products.",Medical Devices & Supplies,Medical Devices,Manufacturing,INDU,S72124779,FR0000121667,7212477,,,EL,XPAR,Euronext Paris,EUR
15,CAC 40,"Europe, The Middle East and Africa",Western Europe,France,Bouygues Sa,"Provides construction, infrastructure and telecommunications services, with additional activities or exposure across media and real estate.",Construction & Engineering,Construction & Engineering,Construction,BUIL,S40021214,FR0000120503,4002121,,,EN,XPAR,Euronext Paris,EUR
16,CAC 40,"Europe, The Middle East and Africa",Western Europe,France,Engie Sa,"Generates, supplies and distributes electricity and gas, with additional activities or exposure across renewable energy and energy infrastructure.",Integrated Utilities,Utilities,"Electricity, gas, steam and air conditioning supply",SERV,,FR0010208488,B0C2CQ3,,,ENGI,XPAR,Euronext Paris,EUR
17,CAC 40,"Europe, The Middle East and Africa",Western Europe,France,Eurofins Scientific,"Provides laboratory testing, analytical and scientific services across healthcare, food, environmental and consumer-product markets.",Medical Devices & Supplies,Medical Devices,Manufacturing,INDU,,FR0014000MR3,BNDPYV1,,,ERF,XPAR,Euronext Paris,EUR
18,CAC 40,"Europe, The Middle East and Africa",Western Europe,France,Societe Generale Sa,"Provides retail, corporate and investment banking services, with additional activities or exposure across insurance, asset management and vehicle finance.",Banking Services,Banking,Financial and insurance activities,SERV,S59665166,FR0000130809,5966516,,,GLE,XPAR,Euronext Paris,EUR
19,CAC 40,"Europe, The Middle East and Africa",Western Europe,France,Thales Sa,"Develops and supplies aerospace, defence, cybersecurity, digital-identity and secure-communications technologies.",Aerospace & Defense,Aerospace & Defense,Manufacturing,INDU,S41627910,FR0000121329,4162791,,,HO,XPAR,Euronext Paris,EUR
20,CAC 40,"Europe, The Middle East and Africa",Western Europe,France,Kering Sa,"Designs, manufactures and markets luxury fashion, leather goods, jewellery, eyewear and beauty products.",Specialty Retailers,Retail,Wholesale and retail trade; repair of motor vehicles and motorcycles,SERV,S55050728,FR0000121485,5505072,,,KER,XPAR,Euronext Paris,EUR
21,CAC 40,"Europe, The Middle East and Africa",Western Europe,France,Legrand Sa,Designs and supplies electrical and digital building-infrastructure products and systems.,"Machinery, Equipment & Components",Machinery,Manufacturing,INDU,,FR0010307819,B11ZRK9,,,LR,XPAR,Euronext Paris,EUR
22,CAC 40,"Europe, The Middle East and Africa",Western Europe,France,Lvmh,"Designs, manufactures and markets luxury fashion, leather goods, jewellery, watches, beauty products, wines and spirits.",Textiles & Apparel,Textiles & Apparel,Manufacturing,INDU,S40614125,FR0000121014,4061412,,,MC,XPAR,Euronext Paris,EUR
23,CAC 40,"Europe, The Middle East and Africa",Western Europe,France,Compagnie Generale Des Etablisseme,"Designs, manufactures and distributes tyres and related mobility products, with additional activities or exposure across materials and fleet services.",Automobiles & Auto Parts,Automotive,Manufacturing,INDU,,FR001400AJ45,BPBPJ01,,,ML,XPAR,Euronext Paris,EUR
24,CAC 40,"Europe, The Middle East and Africa",Western Europe,France,Arcelormittal,"Produces steel and related metal products, with additional activities or exposure across iron-ore and coal mining.",Metals & Mining,Mining,Mining and quarrying,INDU,,,,,,MT,XAMS,Euronext Amsterdam,EUR
25,CAC 40,"Europe, The Middle East and Africa",Western Europe,France,Loreal Sa,"Develops, manufactures and markets cosmetics, skincare, haircare, fragrances and related beauty products.",Consumer & Household Products,Household Products,Manufacturing,INDU,S40578080,FR0000120321,4057808,,,OR,XPAR,Euronext Paris,EUR
26,CAC 40,"Europe, The Middle East and Africa",Western Europe,France,Orange Sa,"Provides mobile, fixed-line, broadband and enterprise-connectivity services, with additional activities or exposure across digital and financial services.",Telecommunications Services,Telecommunications,Information and communication,SERV,S51761773,FR0000133308,5176177,,,ORA,XPAR,Euronext Paris,EUR
27,CAC 40,"Europe, The Middle East and Africa",Western Europe,France,Publicis Groupe Sa,"Provides advertising, media, marketing and communications services, with additional activities or exposure across digital transformation and healthcare.",Media & Publishing,Media,Information and communication,SERV,S43804293,FR0000130577,4380429,,,PUB,XPAR,Euronext Paris,EUR
28,CAC 40,"Europe, The Middle East and Africa",Western Europe,France,Pernod Ricard Sa,"Produces and distributes wines, spirits and related alcoholic beverages.",Beverages,Food & Beverage,Manufacturing,INDU,S46823290,FR0000120693,4682329,,,RI,XPAR,Euronext Paris,EUR
29,CAC 40,"Europe, The Middle East and Africa",Western Europe,France,Hermes International,"Designs, manufactures and markets luxury leather goods, apparel, accessories, jewellery, watches and beauty products.",Textiles & Apparel,Textiles & Apparel,Manufacturing,INDU,S52539731,FR0000052292,5253973,,,RMS,XPAR,Euronext Paris,EUR
30,CAC 40,"Europe, The Middle East and Africa",Western Europe,France,Renault Sa,"Designs, manufactures and sells passenger and commercial vehicles, with additional activities or exposure across vehicle finance, mobility and electric-energy services.",Automobiles & Auto Parts,Automotive,Manufacturing,INDU,S47127980,FR0000131906,4712798,,,RNO,XPAR,Euronext Paris,EUR
31,CAC 40,"Europe, The Middle East and Africa",Western Europe,France,Safran Sa,"Designs, manufactures and supports aerospace propulsion, aircraft equipment, defence systems and cabin technologies.",Aerospace & Defense,Aerospace & Defense,Manufacturing,INDU,,FR0000073272,B058TZ6,,,SAF,XPAR,Euronext Paris,EUR
32,CAC 40,"Europe, The Middle East and Africa",Western Europe,France,Sanofi Sa,"Develops, manufactures and markets pharmaceutical products and vaccines, with additional activities or exposure across consumer healthcare.",Pharmaceuticals,Pharmaceuticals,Manufacturing,INDU,S56717358,FR0000120578,5671735,,,SAN,XPAR,Euronext Paris,EUR
33,CAC 40,"Europe, The Middle East and Africa",Western Europe,France,Compagnie De Saint Gobain Sa,"Designs, manufactures and distributes construction materials, glass and high-performance industrial products.",Residential Construction & Materials,Construction Materials & Building Products,Construction,BUIL,S73804825,FR0000125007,7380482,,,SGO,XPAR,Euronext Paris,EUR
34,CAC 40,"Europe, The Middle East and Africa",Western Europe,France,Stellantis,"Designs, manufactures and sells passenger and commercial vehicles, components and related mobility products.",Automobiles & Auto Parts,Automotive,Manufacturing,INDU,,,,,,STLAP,XPAR,Euronext Paris,EUR
35,CAC 40,"Europe, The Middle East and Africa",Western Europe,France,Stmicroelectronics Nv,"Designs, manufactures and markets semiconductors and related technologies, with additional activities or exposure across automotive, industrial and consumer markets.",Semiconductors & Chip Technologies,Semiconductors,Manufacturing,INDU,S59623322,NL0000226223,5962332,,,STMPA,XPAR,Euronext Paris,EUR
36,CAC 40,"Europe, The Middle East and Africa",Western Europe,France,Schneider Electric,"Develops and supplies energy-management, electrical-distribution, industrial-automation and related software solutions.","Machinery, Equipment & Components",Machinery,Manufacturing,INDU,S48341085,FR0000121972,4834108,,,SU,XPAR,Euronext Paris,EUR
37,CAC 40,"Europe, The Middle East and Africa",Western Europe,France,Teleperformance,"Provides outsourced customer-experience, business-process and digital-transformation services.",Professional & Commercial Services,Professional Services,"Professional, scientific and technical activities",SERV,S59993303,FR0000051807,5999330,,,TEP,XPAR,Euronext Paris,EUR
38,CAC 40,"Europe, The Middle East and Africa",Western Europe,France,Totalenergies,"Explores, produces, refines and distributes oil and natural gas, with additional activities or exposure across electricity, renewable energy and chemicals.",Oil & Gas,Oil & Gas,Mining and quarrying,INDU,,FR0000120271,B15C557,,,TTE,XPAR,Euronext Paris,EUR
39,CAC 40,"Europe, The Middle East and Africa",Western Europe,France,Unibail Rodamco We Stapled Units,"Owns, develops and manages retail, office, mixed-use and lifestyle real-estate assets.",Real Estate Investment Trusts (REITs),Real Estate Investment Trusts (REITs),Real estate activities,SERV,,FR0013326246,BF2PQ09,,,URW,XPAR,Euronext Paris,EUR
40,CAC 40,"Europe, The Middle East and Africa",Western Europe,France,Veolia Environ. Sa,"Provides water, waste-management and energy services, with additional activities or exposure across environmental infrastructure.",Integrated Utilities,Utilities,"Electricity, gas, steam and air conditioning supply",SERV,S40318792,FR0000124141,4031879,,,VIE,XPAR,Euronext Paris,EUR
41,DAX 40,"Europe, The Middle East and Africa",Western Europe,Germany,Adidas N Ag,"Designs, manufactures and markets athletic footwear, apparel, equipment and related lifestyle products.",Textiles & Apparel,Textiles & Apparel,Manufacturing,INDU,S40319766,DE000A1EWWW0,4031976,,,ADS,XETR,Xetra,EUR
42,DAX 40,"Europe, The Middle East and Africa",Western Europe,Germany,Airbus,"Designs, manufactures and supplies commercial aircraft, helicopters, defence systems and space technologies.",Aerospace & Defense,Aerospace & Defense,Manufacturing,INDU,,,,,,AIR,XETR,Xetra,EUR
43,DAX 40,"Europe, The Middle East and Africa",Western Europe,Germany,Allianz,"Designs, manufactures and supplies automotive safety systems, components and related mobility-safety technologies.",Electrical Utilities & IPPs,Utilities,"Electricity, gas, steam and air conditioning supply",SERV,S52314853,DE0008404005,5231485,,,ALV,XETR,Xetra,EUR
44,DAX 40,"Europe, The Middle East and Africa",Western Europe,Germany,Basf N,"Develops, manufactures and supplies chemicals, materials and related industrial products, with additional activities or exposure across agriculture and consumer markets.",Banking Services,Banking,Financial and insurance activities,SERV,S50865773,DE000BASF111,5086577,,,BAS,XETR,Xetra,EUR
45,DAX 40,"Europe, The Middle East and Africa",Western Europe,Germany,Bayer Ag,"Develops, manufactures and markets pharmaceutical, consumer-health and agricultural products.",Banking Services,Banking,Financial and insurance activities,SERV,S50692110,DE000BAY0017,5069211,,,BAYN,XETR,Xetra,EUR
46,DAX 40,"Europe, The Middle East and Africa",Western Europe,Germany,Beiersdorf Ag,"Develops, manufactures and markets skincare and personal-care products, with additional activities or exposure across adhesive technologies.",Integrated Utilities,Utilities,"Electricity, gas, steam and air conditioning supply",SERV,S51074011,DE0005200000,5107401,,,BEI,XETR,Xetra,EUR
47,DAX 40,"Europe, The Middle East and Africa",Western Europe,Germany,Bmw Ag,"Designs, manufactures and sells automobiles and motorcycles, with additional activities or exposure across vehicle finance and leasing.","Machinery, Equipment & Components",Machinery,Manufacturing,INDU,D12096109,DE0005190003,5756029,,,BMW,XETR,Xetra,EUR
48,DAX 40,"Europe, The Middle East and Africa",Western Europe,Germany,Brenntag,"Distributes chemicals and ingredients, with additional activities or exposure across formulation, supply-chain and technical services.",Aerospace & Defense,Aerospace & Defense,Manufacturing,INDU,,DE000A1DAHH0,B4YVF56,,,BNR,XETR,Xetra,EUR
49,DAX 40,"Europe, The Middle East and Africa",Western Europe,Germany,Commerzbank Ag,"Provides retail and commercial banking services, with additional activities or exposure across corporate finance and capital markets.",Semiconductors & Chip Technologies,Semiconductors,Manufacturing,INDU,,DE000CBK1001,B90LKT4,,,CBK,XETR,Xetra,EUR
50,DAX 40,"Europe, The Middle East and Africa",Western Europe,Germany,Continental Ag,"Develops and supplies automotive technologies, tyres and industrial materials, with additional activities or exposure across mobility and manufacturing services.",Automobiles & Auto Parts,Automotive,Manufacturing,INDU,S45985892,DE0005439004,4598589,,,CON,XETR,Xetra,EUR
51,DAX 40,"Europe, The Middle East and Africa",Western Europe,Germany,Deutsche Boerse Ag,"Operates financial-market infrastructure, trading, clearing, securities and investment-management services.",Insurance,Insurance,Financial and insurance activities,SERV,S70219639,DE0005810055,7021963,,,DB1,XETR,Xetra,EUR
52,DAX 40,"Europe, The Middle East and Africa",Western Europe,Germany,Deutsche Bank Ag,"Provides retail, corporate and investment banking services, with additional activities or exposure across asset management.",Banking Services,Banking,Financial and insurance activities,SERV,S57503559,DE0005140008,5750355,,,DBK,XETR,Xetra,EUR
53,DAX 40,"Europe, The Middle East and Africa",Western Europe,Germany,Deutsche Post Ag,"Provides logistics, express delivery, freight forwarding, supply-chain and postal services.",Freight & Logistics Services,Logistics,Transportation and storage,SERV,S46178596,DE0005552004,4617859,,,DHL,XETR,Xetra,EUR
54,DAX 40,"Europe, The Middle East and Africa",Western Europe,Germany,Deutsche Telekom N Ag,"Provides telecommunications, broadband, mobile and digital technology services.",Telecommunications Services,Telecommunications,Information and communication,SERV,S58423591,DE0005557508,5842359,,,DTE,XETR,Xetra,EUR
55,DAX 40,"Europe, The Middle East and Africa",Western Europe,Germany,Daimler Truck Holding E Ag,"Designs, manufactures and sells commercial vehicles, buses and related mobility solutions, with additional activities or exposure across vehicle finance and leasing.","Machinery, Equipment & Components",Machinery,Manufacturing,INDU,,DE000DTR0CK8,BP6VLQ4,,,DTG,XETR,Xetra,EUR
56,DAX 40,"Europe, The Middle East and Africa",Western Europe,Germany,Siemens Energy N Ag,"Develops and supplies power-generation, grid, industrial-energy and renewable-energy technologies.",Renewable Energy,Renewable Energy,"Electricity, gas, steam and air conditioning supply",SERV,,DE000ENER6Y0,BMTVQK9,,,ENR,XETR,Xetra,EUR
57,DAX 40,"Europe, The Middle East and Africa",Western Europe,Germany,E.On N,"Generates, distributes and supplies electricity and gas, with additional activities or exposure across energy infrastructure and retail energy services.",Integrated Utilities,Utilities,"Electricity, gas, steam and air conditioning supply",SERV,S49429046,DE000ENAG999,4942904,,,EOAN,XETR,Xetra,EUR
58,DAX 40,"Europe, The Middle East and Africa",Western Europe,Germany,Fresenius Medical Care Ag,Develops and supplies dialysis products and related healthcare services.,Medical Devices & Supplies,Medical Devices,Manufacturing,INDU,S51290740,DE0005785802,5129074,,,FME,XETR,Xetra,EUR
59,DAX 40,"Europe, The Middle East and Africa",Western Europe,Germany,Fresenius Se And Co Kgaa,"Develops healthcare products and medical technologies, with additional activities or exposure across hospitals, clinical nutrition and dialysis services.",Medical Devices & Supplies,Medical Devices,Manufacturing,INDU,S43520972,DE0005785604,4352097,,,FRE,XETR,Xetra,EUR
60,DAX 40,"Europe, The Middle East and Africa",Western Europe,Germany,Gea Group Ag,"Designs and supplies industrial processing systems and equipment for food, beverage, pharmaceutical and industrial customers.","Machinery, Equipment & Components",Machinery,Manufacturing,INDU,S45571049,DE0006602006,4557104,,,G1A,XETR,Xetra,EUR
61,DAX 40,"Europe, The Middle East and Africa",Western Europe,Germany,Scout24 N,Operates digital real-estate marketplaces and related property services.,Software & IT Solutions / Digital Services,Software & Digital Services,Information and communication,SERV,,DE000A12DM80,BYT9340,,,G24,XETR,Xetra,EUR
62,DAX 40,"Europe, The Middle East and Africa",Western Europe,Germany,Heidelberg Materials Ag,"Produces and distributes cement, aggregates, concrete and other construction materials.",Construction Materials,Construction Materials,Manufacturing,INDU,S51206795,DE0006047004,5120679,,,HEI,XETR,Xetra,EUR
63,DAX 40,"Europe, The Middle East and Africa",Western Europe,Germany,Henkel & Kgaa Pref Ag,"Develops, manufactures and markets consumer products, with additional activities or exposure across adhesives and industrial technologies.",Chemicals,Chemicals,Manufacturing,INDU,S50767052,DE0006048432,5076705,,,HEN3,XETR,Xetra,EUR
64,DAX 40,"Europe, The Middle East and Africa",Western Europe,Germany,Hannover Rueck,"Provides reinsurance and risk-transfer services across property, casualty, life and health markets.",Insurance,Insurance,Financial and insurance activities,SERV,S45118098,DE0008402215,4511809,,,HNR1,XETR,Xetra,EUR
65,DAX 40,"Europe, The Middle East and Africa",Western Europe,Germany,Infineon Technologies Ag,"Designs, manufactures and supplies semiconductors and related technologies, with additional activities or exposure across automotive, industrial and IoT markets.",Semiconductors & Chip Technologies,Semiconductors,Manufacturing,INDU,S58895053,DE0006231004,5889505,,,IFX,XETR,Xetra,EUR
66,DAX 40,"Europe, The Middle East and Africa",Western Europe,Germany,Mercedes-Benz Group N Ag,"Designs, manufactures and sells passenger vehicles and vans, with additional activities or exposure across vehicle finance and mobility services.",Automobiles & Auto Parts,Automotive,Manufacturing,INDU,S55290274,DE0007100000,5529027,,,MBG,XETR,Xetra,EUR
67,DAX 40,"Europe, The Middle East and Africa",Western Europe,Germany,Merck,"Develops pharmaceutical, life-science and semiconductor materials, with additional activities or exposure across laboratory technologies.",Pharmaceuticals,Pharmaceuticals,Manufacturing,INDU,S47418447,DE0006599905,4741844,,,MRK,XETR,Xetra,EUR
68,DAX 40,"Europe, The Middle East and Africa",Western Europe,Germany,Mtu Aero Engines Holding Ag,"Develops, manufactures and services aerospace propulsion systems and related technologies.",Aerospace & Defense,Aerospace & Defense,Manufacturing,INDU,,DE000A0D9PT0,B09DHL9,,,MTX,XETR,Xetra,EUR
69,DAX 40,"Europe, The Middle East and Africa",Western Europe,Germany,Muenchener Rueckversicherungs-Gese,"Provides reinsurance, insurance and related risk-management services.",Insurance,Insurance,Financial and insurance activities,SERV,S52941218,DE0008430026,5294121,,,MUV2,XETR,Xetra,EUR
70,DAX 40,"Europe, The Middle East and Africa",Western Europe,Germany,Porsche Automobil Holding Pref,"Owns and manages strategic investments across automotive, mobility and industrial technology businesses.",Automobiles & Auto Parts,Automotive,Manufacturing,INDU,S71010698,DE000PAH0038,7101069,,,PAH3,XETR,Xetra,EUR
71,DAX 40,"Europe, The Middle East and Africa",Western Europe,Germany,Qiagen Nv,"Develops molecular diagnostics, life-science technologies and bioinformatics solutions.",Biotechnology & Life Sciences,Biotechnology,Manufacturing,INDU,,NL0012169213,BYXS699,,,QIA,XETR,Xetra,EUR
72,DAX 40,"Europe, The Middle East and Africa",Western Europe,Germany,Rheinmetall Ag,"Develops and supplies defence systems, military vehicles, weapons and related technologies, with additional activities or exposure across automotive components.",Aerospace & Defense,Aerospace & Defense,Manufacturing,INDU,S53345880,DE0007030009,5334588,,,RHM,XETR,Xetra,EUR
73,DAX 40,"Europe, The Middle East and Africa",Western Europe,Germany,Rwe Ag,"Generates and trades electricity, with additional activities or exposure across renewable energy, energy storage and commodity trading.",Integrated Utilities,Utilities,"Electricity, gas, steam and air conditioning supply",SERV,S47689625,DE0007037129,4768962,,,RWE,XETR,Xetra,EUR
74,DAX 40,"Europe, The Middle East and Africa",Western Europe,Germany,Sap,"Develops enterprise software, cloud platforms and related technology services.",Software & IT Solutions / Digital Services,Software & Digital Services,Information and communication,SERV,S48462881,DE0007164600,4846288,,,SAP,XETR,Xetra,EUR
75,DAX 40,"Europe, The Middle East and Africa",Western Europe,Germany,Siemens Healthineers Ag,"Develops and supplies medical imaging, diagnostics and healthcare technologies, with additional activities or exposure across cancer therapies.",Medical Devices & Supplies,Medical Devices,Manufacturing,INDU,,DE000SHL1006,BD594Y4,,,SHL,XETR,Xetra,EUR
76,DAX 40,"Europe, The Middle East and Africa",Western Europe,Germany,Siemens N Ag,"Develops industrial automation, electrification, mobility and digital technologies, with additional activities or exposure across healthcare and financial services.","Machinery, Equipment & Components",Machinery,Manufacturing,INDU,S57279739,DE0007236101,5727973,,,SIE,XETR,Xetra,EUR
77,DAX 40,"Europe, The Middle East and Africa",Western Europe,Germany,Symrise Ag,"Develops and supplies flavours, fragrances, cosmetic ingredients and nutrition solutions.",Chemicals,Chemicals,Manufacturing,INDU,,DE000SYM9999,B1JB4K8,,,SY1,XETR,Xetra,EUR
78,DAX 40,"Europe, The Middle East and Africa",Western Europe,Germany,Vonovia Se,"Owns, develops and manages residential real-estate assets, with additional activities or exposure across property development and housing services.",Real Estate Operations,Real Estate,Real estate activities,SERV,,DE000A1ML7J1,BBJPFY1,,,VNA,XETR,Xetra,EUR
79,DAX 40,"Europe, The Middle East and Africa",Western Europe,Germany,Volkswagen Non-Voting Pref Ag,"Designs, manufactures and sells passenger vehicles, commercial vehicles and related mobility products, with additional activities or exposure across vehicle finance.",Automobiles & Auto Parts,Automotive,Manufacturing,INDU,S54971684,DE0007664039,5497168,,,VOW3,XETR,Xetra,EUR
80,DAX 40,"Europe, The Middle East and Africa",Western Europe,Germany,Zalando,"Operates digital fashion and lifestyle retail platforms, with additional activities or exposure across e-commerce infrastructure and logistics services.",Software & IT Solutions / Digital Services,Software & Digital Services,Information and communication,SERV,,DE000ZAL1111,BQV0SV7,,,ZAL,XETR,Xetra,EUR
81,FTSE MIB,"Europe, The Middle East and Africa",Southern Europe,Italy,A2A SpA,"Generates, distributes and supplies electricity and gas, with additional activities or exposure across waste management, water and environmental services.",Electrical Utilities & IPPs,Utilities,"Electricity, gas, steam and air conditioning supply",SERV,,IT0001233417,,,,A2A,XMIL,Borsa Italiana,EUR
82,FTSE MIB,"Europe, The Middle East and Africa",Southern Europe,Italy,Amplifon,"Provides hearing-care products, technologies and related healthcare services.",Medical Devices & Supplies,Medical Devices,Manufacturing,INDU,,IT0004056880,B14NJ71,,,AMP,XMIL,Borsa Italiana,EUR
83,FTSE MIB,"Europe, The Middle East and Africa",Southern Europe,Italy,Avio,"Develops and manufactures space-launch systems, propulsion technologies and aerospace components.",Aerospace & Defense,Aerospace & Defense,Manufacturing,INDU,,IT0005119810,,,,AVIO,,Borsa Italiana,
84,FTSE MIB,"Europe, The Middle East and Africa",Southern Europe,Italy,Azimut Holding SpA,"Provides asset-management, investment and related advisory services, with additional activities or exposure across insurance and wealth management.",Investment & Securities Firms,Investment Services,Financial and insurance activities,SERV,,IT0003261697,,,,AZM,XMIL,Borsa Italiana,EUR
85,FTSE MIB,"Europe, The Middle East and Africa",Southern Europe,Italy,Banco BPM SpA,"Provides retail, commercial and corporate banking services, with additional activities or exposure across insurance and investment products.",Banking Services,Banking,Financial and insurance activities,SERV,,IT0005218380,,,,BAMI,XMIL,Borsa Italiana,EUR
86,FTSE MIB,"Europe, The Middle East and Africa",Southern Europe,Italy,Brunello Cucinelli,"Designs, manufactures and markets luxury apparel, accessories and related fashion products.",Textiles & Apparel,Textiles & Apparel,Manufacturing,INDU,,IT0004764699,,,,BC,,Borsa Italiana,
87,FTSE MIB,"Europe, The Middle East and Africa",Southern Europe,Italy,Banca Mediolanum SpA,"Provides retail banking, asset-management and insurance services.",Banking Services,Banking,Financial and insurance activities,SERV,,IT0004776628,,,,BMED,XMIL,Borsa Italiana,EUR
88,FTSE MIB,"Europe, The Middle East and Africa",Southern Europe,Italy,Banca Monte dei Paschi di Siena SpA,"Provides retail, corporate and private banking services, with additional activities or exposure across asset management and insurance.",Banking Services,Banking,Financial and insurance activities,SERV,,IT0005508921,,,,BMPS,XMIL,Borsa Italiana,EUR
89,FTSE MIB,"Europe, The Middle East and Africa",Southern Europe,Italy,Bper Banca SpA,"Provides retail, commercial and corporate banking services.",Banking Services,Banking,Financial and insurance activities,SERV,,IT0000066123,,,,BPE,XMIL,Borsa Italiana,EUR
90,FTSE MIB,"Europe, The Middle East and Africa",Southern Europe,Italy,Buzzi,"Produces and distributes cement, concrete, aggregates and related construction materials.",Construction & Engineering,Construction & Engineering,Construction,BUIL,,IT0001347308,,,,BZU,,Borsa Italiana,
91,FTSE MIB,"Europe, The Middle East and Africa",Southern Europe,Italy,Davide Campari Milano Nv,"Produces and distributes branded spirits, aperitifs and related alcoholic beverages.",Beverages,Food & Beverage,Manufacturing,INDU,,NL0015435975,BMQ5W17,,,CPR,XMIL,Borsa Italiana,EUR
92,FTSE MIB,"Europe, The Middle East and Africa",Southern Europe,Italy,Diasorin,"Develops, manufactures and markets diagnostic testing products, technologies and services.",Medical Devices & Supplies,Medical Devices,Manufacturing,INDU,,IT0003492391,B234WN9,,,DIA,XMIL,Borsa Italiana,EUR
93,FTSE MIB,"Europe, The Middle East and Africa",Southern Europe,Italy,Enel,"Generates, distributes and supplies electricity and gas, with additional activities or exposure across renewable energy, energy infrastructure and electric mobility.",Electrical Utilities & IPPs,Utilities,"Electricity, gas, steam and air conditioning supply",SERV,S71445696,IT0003128367,7144569,,,ENEL,XMIL,Borsa Italiana,EUR
94,FTSE MIB,"Europe, The Middle East and Africa",Southern Europe,Italy,Eni,"Explores, produces, refines and markets oil and natural gas, with additional activities or exposure across LNG, electricity and petrochemicals.",Oil & Gas,Oil & Gas,Mining and quarrying,INDU,S71450563,IT0003132476,7145056,,,ENI,XMIL,Borsa Italiana,EUR
95,FTSE MIB,"Europe, The Middle East and Africa",Southern Europe,Italy,Finecobank Banca Fineco,"Provides digital banking, brokerage, investment and wealth-management services.",Banking Services,Banking,Financial and insurance activities,SERV,,IT0000072170,BNGN9Z1,,,FBK,XMIL,Borsa Italiana,EUR
96,FTSE MIB,"Europe, The Middle East and Africa",Southern Europe,Italy,Fincantieri,"Designs, manufactures and services commercial and naval vessels, with additional activities or exposure across offshore and defence technologies.","Machinery, Equipment & Components",Machinery,Manufacturing,,,"	IT0005599938",,,,FCT,,Borsa Italiana,
97,FTSE MIB,"Europe, The Middle East and Africa",Southern Europe,Italy,Assicurazioni Generali,"Provides insurance, risk-transfer and related financial services, with additional activities or exposure across asset management and banking.",Insurance,Insurance,Financial and insurance activities,SERV,S40567190,IT0000062072,4056719,,,G,XMIL,Borsa Italiana,EUR
98,FTSE MIB,"Europe, The Middle East and Africa",Southern Europe,Italy,Hera SpA,"Generates and supplies electricity and gas, with additional activities or exposure across water, waste-management and environmental services.",Integrated Utilities,Utilities,"Electricity, gas, steam and air conditioning supply",SERV,,IT0001250932,,,,HER,XMIL,Borsa Italiana,EUR
99,FTSE MIB,"Europe, The Middle East and Africa",Southern Europe,Italy,Italgas SpA,Operates natural-gas distribution networks and related energy infrastructure services.,Natural Gas Utilities,Utilities,"Electricity, gas, steam and air conditioning supply",SERV,,IT0005211237,,,,IG,XMIL,Borsa Italiana,EUR
100,FTSE MIB,"Europe, The Middle East and Africa",Southern Europe,Italy,Infrastrutture Wireless Italiane,Operates wireless communications infrastructure and related connectivity services.,Telecommunications Services,Telecommunications,Information and communication,SERV,,IT0005090300,BZ0P4R4,,,INW,XMIL,Borsa Italiana,EUR
101,FTSE MIB,"Europe, The Middle East and Africa",Southern Europe,Italy,Intesa Sanpaolo,"Provides retail, corporate and investment banking services, with additional activities or exposure across asset management, private banking and insurance.",Banking Services,Banking,Financial and insurance activities,SERV,S40768368,IT0000072618,4076836,,,ISP,XMIL,Borsa Italiana,EUR
102,FTSE MIB,"Europe, The Middle East and Africa",Southern Europe,Italy,Iveco Group NV,"Designs, manufactures and sells commercial vehicles, buses, powertrain systems and related mobility solutions, with additional activities or exposure across defence and financial services.","Machinery, Equipment & Components",Machinery,Manufacturing,INDU,,NL0015000LU4,,,,IVG,XMIL,Borsa Italiana,EUR
103,FTSE MIB,"Europe, The Middle East and Africa",Southern Europe,Italy,Leonardo SpA,"Develops and supplies aerospace, defence, security and space technologies.",Aerospace & Defense,Aerospace & Defense,Manufacturing,INDU,,IT0003856405,,,,LDO,XMIL,Borsa Italiana,EUR
104,FTSE MIB,"Europe, The Middle East and Africa",Southern Europe,Italy,Lottomatica Group,"Operates betting, gaming and lottery platforms, with additional activities or exposure across online gaming and entertainment services.",Hotels & Entertainment Services,"Leisure, Hospitality & Travel","Arts, entertainment and recreation",,,IT0005541336,,,,LTMC,,Borsa Italiana,
105,FTSE MIB,"Europe, The Middle East and Africa",Southern Europe,Italy,Mediobanca Banca Di Credito Finanz,"Provides corporate and investment banking services, with additional activities or exposure across consumer finance and wealth management.",Banking Services,Banking,Financial and insurance activities,SERV,S45748134,IT0000062957,4574813,,,MB,XMIL,Borsa Italiana,EUR
106,FTSE MIB,"Europe, The Middle East and Africa",Southern Europe,Italy,Moncler,"Designs, manufactures and markets luxury apparel, outerwear and fashion accessories.",Textiles & Apparel,Textiles & Apparel,Manufacturing,INDU,,IT0004965148,BGLP232,,,MONC,XMIL,Borsa Italiana,EUR
107,FTSE MIB,"Europe, The Middle East and Africa",Southern Europe,Italy,Nexi,"Develops payment technologies, digital banking infrastructure and financial technology services.",Professional & Commercial Services,Professional Services,"Professional, scientific and technical activities",SERV,,IT0005366767,BJ1F880,,,NEXI,XMIL,Borsa Italiana,EUR
108,FTSE MIB,"Europe, The Middle East and Africa",Southern Europe,Italy,Prysmian,"Designs, manufactures and supplies energy and telecommunications cable systems and related technologies.","Machinery, Equipment & Components",Machinery,Manufacturing,INDU,,IT0004176001,B1W4V69,,,PRY,XMIL,Borsa Italiana,EUR
109,FTSE MIB,"Europe, The Middle East and Africa",Southern Europe,Italy,Poste Italiane,"Provides postal, logistics, financial, payment and insurance services.",Freight & Logistics Services,Logistics,Transportation and storage,SERV,,IT0003796171,BYYN701,,,PST,XMIL,Borsa Italiana,EUR
110,FTSE MIB,"Europe, The Middle East and Africa",Southern Europe,Italy,Ferrari Nv,"Designs, manufactures and markets luxury sports cars, with additional activities or exposure across financial services.",Automobiles & Auto Parts,Automotive,Manufacturing,INDU,,NL0011585146,BD6G507,,,RACE,XMIL,Borsa Italiana,EUR
111,FTSE MIB,"Europe, The Middle East and Africa",Southern Europe,Italy,Recordati Industria Chimica E Farm,"Develops, manufactures and markets pharmaceutical products, with additional activities or exposure across rare diseases.",Pharmaceuticals,Pharmaceuticals,Manufacturing,INDU,,IT0003828271,B07DRZ5,,,REC,XMIL,Borsa Italiana,EUR
112,FTSE MIB,"Europe, The Middle East and Africa",Southern Europe,Italy,Saipem SpA,"Provides engineering, procurement, construction and drilling services, with additional activities or exposure across energy infrastructure.",Energy Equipment & Services,Energy Equipment & Services,Mining and quarrying,INDU,,IT0000068525,,,,SPM,XMIL,Borsa Italiana,EUR
113,FTSE MIB,"Europe, The Middle East and Africa",Southern Europe,Italy,Snam,"Operates natural-gas transmission, storage, regasification and distribution infrastructure.",Energy Equipment & Services,Energy Equipment & Services,"Electricity, gas, steam and air conditioning supply",SERV,S72514706,IT0003153415,7251470,,,SRG,XMIL,Borsa Italiana,EUR
114,FTSE MIB,"Europe, The Middle East and Africa",Southern Europe,Italy,Stellantis Nv,"Designs, manufactures and sells passenger and commercial vehicles, with additional activities or exposure across mobility and financial services.",Automobiles & Auto Parts,Automotive,Manufacturing,INDU,,NL00150001Q9,BMD8KX7,,,STLAM,XMIL,Borsa Italiana,EUR
115,FTSE MIB,"Europe, The Middle East and Africa",Southern Europe,Italy,STMicroelectronics NV,"Designs, manufactures and supplies semiconductors and related technologies, with additional activities or exposure across automotive, industrial and consumer electronics.",Semiconductors & Chip Technologies,Semiconductors,Manufacturing,INDU,,,,,,STMMI,XNYS,New York Stock Exchange,USD
116,FTSE MIB,"Europe, The Middle East and Africa",Southern Europe,Italy,Tenaris Sa,"Produces and supplies steel tubular products and related industrial services, with additional activities or exposure across oil and gas infrastructure.",Energy Equipment & Services,Energy Equipment & Services,"Electricity, gas, steam and air conditioning supply",SERV,S75385153,LU0156801721,7538515,,,TEN,XMIL,Borsa Italiana,EUR
117,FTSE MIB,"Europe, The Middle East and Africa",Southern Europe,Italy,Telecom Italia,"Provides telecommunications, broadband, mobile and digital connectivity services.",Telecommunications Services,Telecommunications,Information and communication,SERV,S76343946,IT0003497168,7634394,,,TIT,XMIL,Borsa Italiana,EUR
118,FTSE MIB,"Europe, The Middle East and Africa",Southern Europe,Italy,Terna Rete Elettrica Nazionale,Operates electricity transmission infrastructure and related grid-management services.,Electrical Utilities & IPPs,Utilities,"Electricity, gas, steam and air conditioning supply",SERV,,IT0003242622,B01BN57,,,TRN,XMIL,Borsa Italiana,EUR
119,FTSE MIB,"Europe, The Middle East and Africa",Southern Europe,Italy,Unicredit,"Provides retail, commercial and investment banking services, with additional activities or exposure across wealth management and insurance.",Banking Services,Banking,Financial and insurance activities,SERV,,IT0005239360,BYMXPS7,,,UCG,XMIL,Borsa Italiana,EUR
120,FTSE MIB,"Europe, The Middle East and Africa",Southern Europe,Italy,Unipol Gruppo SpA,"Provides retail and commercial banking services, with additional activities or exposure across mortgages, investment products and insurance.",Insurance,Insurance,Financial and insurance activities,SERV,,IT0004810054,,,,UNI,XMIL,Borsa Italiana,EUR
121,IBEX 35,"Europe, The Middle East and Africa",Southern Europe,Spain,Acs Actividades De Construccion Y,"Designs, constructs and operates infrastructure assets, with additional activities or exposure across engineering, renewable energy and concessions.",Construction & Engineering,Construction & Engineering,Construction,BUIL,,ES0167050915,B01FLQ6,,,ACS,BMEX,Bolsas y Mercados Espanoles,EUR
122,IBEX 35,"Europe, The Middle East and Africa",Southern Europe,Spain,Acerinox,Produces and distributes stainless-steel products and related industrial materials.,Metals & Mining,Mining,Mining and quarrying,INDU,,,,,,ACX,BMEX,Bolsas y Mercados Espanoles,EUR
123,IBEX 35,"Europe, The Middle East and Africa",Southern Europe,Spain,Aena Sme Sa,"Operates airports and related aviation, commercial and infrastructure services.",Transport Infrastructure,Transportation Infrastructure,Transportation and storage,SERV,,ES0105046009,BVRZ8L1,,,AENA,BMEX,Bolsas y Mercados Espanoles,EUR
124,IBEX 35,"Europe, The Middle East and Africa",Southern Europe,Spain,Amadeus It Group Sa,"Develops travel technology platforms, reservation systems and related digital services.",Software & IT Solutions / Digital Services,Software & Digital Services,Information and communication,SERV,,ES0109067019,B3MSM28,,,AMS,BMEX,Bolsas y Mercados Espanoles,EUR
125,IBEX 35,"Europe, The Middle East and Africa",Southern Europe,Spain,Acciona Sa,"Develops, constructs and operates renewable-energy assets and infrastructure, with additional activities or exposure across engineering and water services.",Construction & Engineering,Construction & Engineering,Construction,BUIL,S55791073,ES0125220311,5579107,,,ANA,BMEX,Bolsas y Mercados Espanoles,EUR
126,IBEX 35,"Europe, The Middle East and Africa",Southern Europe,Spain,Corporacion Acciona Energias Renov,"Generates and supplies renewable electricity, with additional activities or exposure across energy infrastructure and industrial services.",Electrical Utilities & IPPs,Utilities,"Electricity, gas, steam and air conditioning supply",SERV,,ES0105563003,BP7L895,,,ANE,BMEX,Bolsas y Mercados Espanoles,EUR
127,IBEX 35,"Europe, The Middle East and Africa",Southern Europe,Spain,Banco Bilbao Vizcaya Argentaria Sa,"Provides retail, commercial and investment banking services, with additional activities or exposure across asset management, private banking and insurance.",Banking Services,Banking,Financial and insurance activities,SERV,S55019061,ES0113211835,5501906,,,BBVA,BMEX,Bolsas y Mercados Espanoles,EUR
128,IBEX 35,"Europe, The Middle East and Africa",Southern Europe,Spain,Bankinter,"Provides retail, commercial and consumer banking services, with additional activities or exposure across investment management.",Banking Services,Banking,Financial and insurance activities,SERV,,,,,,BKT,BMEX,Bolsas y Mercados Espanoles,EUR
129,IBEX 35,"Europe, The Middle East and Africa",Southern Europe,Spain,Caixabank Sa,"Provides retail, commercial and corporate banking services, with additional activities or exposure across insurance and investments.",Banking Services,Banking,Financial and insurance activities,SERV,,ES0140609019,B283W97,,,CABK,BMEX,Bolsas y Mercados Espanoles,EUR
130,IBEX 35,"Europe, The Middle East and Africa",Southern Europe,Spain,Cellnex Telecom Sa,Operates wireless telecommunications infrastructure and related connectivity services.,Telecommunications Services,Telecommunications,Information and communication,SERV,,ES0105066007,BX90C05,,,CLNX,BMEX,Bolsas y Mercados Espanoles,EUR
131,IBEX 35,"Europe, The Middle East and Africa",Southern Europe,Spain,Inmobiliaria Colonial,"Owns, develops and manages commercial real-estate assets, with additional activities or exposure across flexible office space.",Real Estate Investment Trusts (REITs),Real Estate Investment Trusts (REITs),Real estate activities,SERV,,,,,,COL,BMEX,Bolsas y Mercados Espanoles,EUR
132,IBEX 35,"Europe, The Middle East and Africa",Southern Europe,Spain,Endesa Sa,"Generates, distributes and supplies electricity and gas, with additional activities or exposure across energy services.",Electrical Utilities & IPPs,Utilities,"Electricity, gas, steam and air conditioning supply",SERV,S52717824,ES0130670112,5271782,,,ELE,BMEX,Bolsas y Mercados Espanoles,EUR
133,IBEX 35,"Europe, The Middle East and Africa",Southern Europe,Spain,Enagas Sa,"Operates natural-gas transmission, storage and regasification infrastructure.",Energy Equipment & Services,Energy Equipment & Services,"Electricity, gas, steam and air conditioning supply",SERV,S73830721,ES0130960018,7383072,,,ENG,BMEX,Bolsas y Mercados Espanoles,EUR
134,IBEX 35,"Europe, The Middle East and Africa",Southern Europe,Spain,Fluidra,"Designs, manufactures and supplies swimming-pool, wellness and water-treatment products.",Leisure Products,Leisure Products,Manufacturing,INDU,,,,,,FDR,BMEX,Bolsas y Mercados Espanoles,EUR
135,IBEX 35,"Europe, The Middle East and Africa",Southern Europe,Spain,Ferrovial Se,"Designs, constructs and operates transport and energy infrastructure, with additional activities or exposure across airports and mobility services.",Construction & Engineering,Construction & Engineering,Construction,BUIL,,NL0015001FS8,BRS7CF0,,,FER,BMEX,Bolsas y Mercados Espanoles,EUR
136,IBEX 35,"Europe, The Middle East and Africa",Southern Europe,Spain,Grifols Sa Class A,"Develops, manufactures and markets plasma-derived medicines, diagnostic technologies and related healthcare products.",Pharmaceuticals,Pharmaceuticals,Manufacturing,INDU,,ES0171996087,BYY3DX6,,,GRF,BMEX,Bolsas y Mercados Espanoles,EUR
137,IBEX 35,"Europe, The Middle East and Africa",Southern Europe,Spain,International Airlines Group,"Provides passenger and cargo airline services, with additional activities or exposure across aircraft maintenance and loyalty programmes.",Passenger Transportation Services,Transportation,Transportation and storage,SERV,,,,,,IAG,BMEX,Bolsas y Mercados Espanoles,EUR
138,IBEX 35,"Europe, The Middle East and Africa",Southern Europe,Spain,Iberdrola Sa,"Generates, distributes and supplies electricity and gas, with additional activities or exposure across renewable energy and energy infrastructure.",Electrical Utilities & IPPs,Utilities,"Electricity, gas, steam and air conditioning supply",SERV,,ES0144580Y14,B288C92,,,IBE,BMEX,Bolsas y Mercados Espanoles,EUR
139,IBEX 35,"Europe, The Middle East and Africa",Southern Europe,Spain,Indra,"Provides consulting, digital transformation and technology services, with additional activities or exposure across defence, aerospace and air-traffic management.",Software & IT Solutions / Digital Services,Software & Digital Services,Information and communication,SERV,,,,,,IDR,BMEX,Bolsas y Mercados Espanoles,EUR
140,IBEX 35,"Europe, The Middle East and Africa",Southern Europe,Spain,Industria De Diseno Textil Inditex,"Designs, manufactures and markets apparel, footwear, fashion accessories and home furnishings.",Specialty Retailers,Retail,Wholesale and retail trade; repair of motor vehicles and motorcycles,SERV,,ES0148396007,BP9DL90,,,ITX,BMEX,Bolsas y Mercados Espanoles,EUR
141,IBEX 35,"Europe, The Middle East and Africa",Southern Europe,Spain,Logista,"Provides logistics, distribution and supply-chain services.",Freight & Logistics Services,Logistics,Transportation and storage,SERV,,,,,,LOG,BMEX,Bolsas y Mercados Espanoles,EUR
142,IBEX 35,"Europe, The Middle East and Africa",Southern Europe,Spain,Mapfre,"Provides insurance, reinsurance and related financial services, with additional activities or exposure across asset management.",Insurance,Insurance,Financial and insurance activities,SERV,,,,,,MAP,BMEX,Bolsas y Mercados Espanoles,EUR
143,IBEX 35,"Europe, The Middle East and Africa",Southern Europe,Spain,Merlin Properties,"Owns, develops and manages commercial real-estate assets.",Real Estate Investment Trusts (REITs),Real Estate Investment Trusts (REITs),Real estate activities,SERV,,,,,,MRL,BMEX,Bolsas y Mercados Espanoles,EUR
144,IBEX 35,"Europe, The Middle East and Africa",Southern Europe,Spain,ArcelorMittal,"Produces steel and related metal products, with additional activities or exposure across iron-ore and coal mining.",Metals & Mining,Mining,Mining and quarrying,INDU,,,,,,MTS,BMEX,Bolsas y Mercados Espanoles,EUR
145,IBEX 35,"Europe, The Middle East and Africa",Southern Europe,Spain,Naturgy Energy Sa,"Generates, distributes and supplies electricity and gas, with additional activities or exposure across LNG and energy infrastructure.",Natural Gas Utilities,Utilities,"Electricity, gas, steam and air conditioning supply",SERV,S56504228,ES0116870314,5650422,,,NTGY,BMEX,Bolsas y Mercados Espanoles,EUR
146,IBEX 35,"Europe, The Middle East and Africa",Southern Europe,Spain,Puig,"Develops, manufactures and markets fragrances, cosmetics, beauty and personal-care products.",Specialty Retailers,Retail,Wholesale and retail trade; repair of motor vehicles and motorcycles,SERV,,,,,,PUIG,,Bolsas y Mercados Espanoles,
147,IBEX 35,"Europe, The Middle East and Africa",Southern Europe,Spain,Redeia Corporacion Sa,Operates electricity transmission and telecommunications infrastructure.,Electrical Utilities & IPPs,Utilities,"Electricity, gas, steam and air conditioning supply",SERV,,ES0173093024,BD6FXN3,,,RED,BMEX,Bolsas y Mercados Espanoles,EUR
148,IBEX 35,"Europe, The Middle East and Africa",Southern Europe,Spain,Repsol Sa,"Explores, produces, refines and markets oil and natural gas, with additional activities or exposure across renewable energy and petrochemicals.",Oil & Gas,Oil & Gas,Mining and quarrying,INDU,S56693542,ES0173516115,5669354,,,REP,BMEX,Bolsas y Mercados Espanoles,EUR
149,IBEX 35,"Europe, The Middle East and Africa",Southern Europe,Spain,Laboratorios Rovi [es],"Develops, manufactures and markets pharmaceutical products, with additional activities or exposure across diagnostic technologies and contract manufacturing.",Pharmaceuticals,Pharmaceuticals,Manufacturing,INDU,,,,,,ROVI,BMEX,Bolsas y Mercados Espanoles,EUR
150,IBEX 35,"Europe, The Middle East and Africa",Southern Europe,Spain,Banco Sabadell,"Provides retail, commercial and corporate banking services, with additional activities or exposure across wealth management and insurance.",Banking Services,Banking,Financial and insurance activities,SERV,,,,,,SAB,BMEX,Bolsas y Mercados Espanoles,EUR
151,IBEX 35,"Europe, The Middle East and Africa",Southern Europe,Spain,Sacyr,"Designs, constructs and operates infrastructure assets, with additional activities or exposure across concessions and water services.",Construction & Engineering,Construction & Engineering,Construction,BUIL,,,,,,SACYR,BMEX,Bolsas y Mercados Espanoles,EUR
152,IBEX 35,"Europe, The Middle East and Africa",Southern Europe,Spain,Banco Santander Sa,"Provides retail, commercial and investment banking services, with additional activities or exposure across wealth management, insurance and digital payments.",Banking Services,Banking,Financial and insurance activities,SERV,S57059461,ES0113900J37,5705946,,,SAN,BMEX,Bolsas y Mercados Espanoles,EUR
153,IBEX 35,"Europe, The Middle East and Africa",Southern Europe,Spain,Solaria,"Develops, constructs and operates renewable-energy generation assets, with additional activities or exposure across solar technologies.",Electrical Utilities & IPPs,Utilities,"Electricity, gas, steam and air conditioning supply",SERV,,,,,,SLR,BMEX,Bolsas y Mercados Espanoles,EUR
154,IBEX 35,"Europe, The Middle East and Africa",Southern Europe,Spain,Telefonica Sa,"Provides telecommunications, broadband, mobile and digital connectivity services, with additional activities or exposure across cybersecurity and digital technologies.",Telecommunications Services,Telecommunications,Information and communication,SERV,879382109,ES0178430E18,5732524,,,TEF,BMEX,Bolsas y Mercados Espanoles,EUR
155,IBEX 35,"Europe, The Middle East and Africa",Southern Europe,Spain,Unicaja,"Provides retail and commercial banking services, with additional activities or exposure across mortgages, investment products and insurance.",Banking Services,Banking,Financial and insurance activities,SERV,,,,,,UNI,BMEX,Bolsas y Mercados Espanoles,EUR
156,FTSE 100,"Europe, The Middle East and Africa",Western Europe,United Kingdom,Airtel Africa Plc,"Provides mobile telecommunications, broadband and mobile-money services.",Telecommunications Services,Telecommunications,Information and communication,,,GB00BKDRYJ47,BKDRYJ4,,,AAF,XLON,London Stock Exchange,GBP
157,FTSE 100,"Europe, The Middle East and Africa",Western Europe,United Kingdom,Anglo American Plc,"Produces copper, iron ore and related mining products, with additional activities or exposure across crop nutrients.",Metals & Mining,Mining,Mining and quarrying,,,GB00B1XZS820,B1XZS82,,,AAL,XLON,London Stock Exchange,GBP
158,FTSE 100,"Europe, The Middle East and Africa",Western Europe,United Kingdom,Abrdn Plc,"Provides asset-management, investment and related advisory services.",Investment & Securities Firms,Investment Services,Financial and insurance activities,,,GB00BF8Q6K64,BF8Q6K6,,,ABDN,XLON,London Stock Exchange,GBP
159,FTSE 100,"Europe, The Middle East and Africa",Western Europe,United Kingdom,Associated British Foods Plc,"Produces and distributes food, ingredients and agricultural products, with additional activities or exposure across retail.",Food & Tobacco,Food & Beverage,Manufacturing,,S06731236,GB0006731235,673123,,,ABF,XLON,London Stock Exchange,GBP
160,FTSE 100,"Europe, The Middle East and Africa",Western Europe,United Kingdom,Admiral Group Plc,"Provides insurance, risk-transfer and related financial services, with additional activities or exposure across consumer finance.",Insurance,Insurance,Financial and insurance activities,,,GB00B02J6398,B02J639,,,ADM,XLON,London Stock Exchange,GBP
161,FTSE 100,"Europe, The Middle East and Africa",Western Europe,United Kingdom,Alliance Witan,Provides investment management and diversified equity investment services.,Collective Investments,Investment Services,Financial and insurance activities,,,,,,,ALW,,London Stock Exchange,
162,FTSE 100,"Europe, The Middle East and Africa",Western Europe,United Kingdom,Antofagasta Plc,"Produces copper and related mining products, with additional activities or exposure across transport services.",Metals & Mining,Mining,Mining and quarrying,,S00456145,GB0000456144,45614,,,ANTO,XLON,London Stock Exchange,GBP
163,FTSE 100,"Europe, The Middle East and Africa",Western Europe,United Kingdom,Auto Trader Group Plc,Operates digital automotive marketplaces and related vehicle services.,Software & IT Solutions / Digital Services,Software & Digital Services,Information and communication,,,GB00BVYVFW23,BVYVFW2,,,AUTO,XLON,London Stock Exchange,GBP
164,FTSE 100,"Europe, The Middle East and Africa",Western Europe,United Kingdom,Aviva Plc,"Provides insurance, wealth-management and retirement services, with additional activities or exposure across asset management.",Insurance,Insurance,Financial and insurance activities,,,GB00BPQY8M80,BPQY8M8,,,AV,XLON,London Stock Exchange,GBP
165,FTSE 100,"Europe, The Middle East and Africa",Western Europe,United Kingdom,Astrazeneca Plc,"Develops, manufactures and markets pharmaceutical products, with additional activities or exposure across biotechnology and vaccines.",Pharmaceuticals,Pharmaceuticals,Manufacturing,,S09895293,GB0009895292,989529,,91832,AZN,XNAS,Nasdaq Stock Market,USD
166,FTSE 100,"Europe, The Middle East and Africa",Western Europe,United Kingdom,Bae Systems Plc,"Develops and supplies aerospace, defence, cybersecurity and security technologies.",Aerospace & Defense,Aerospace & Defense,Manufacturing,,S02634947,GB0002634946,263494,,,BA,XLON,London Stock Exchange,GBP
167,FTSE 100,"Europe, The Middle East and Africa",Western Europe,United Kingdom,Babcock International Group Plc,"Provides defence engineering, aerospace and critical infrastructure services.",Aerospace & Defense,Aerospace & Defense,Manufacturing,,S09697038,GB0009697037,969703,,,BAB,XLON,London Stock Exchange,GBP
168,FTSE 100,"Europe, The Middle East and Africa",Western Europe,United Kingdom,Barclays Plc,"Provides retail, corporate and investment banking services, with additional activities or exposure across wealth management.",Banking Services,Banking,Financial and insurance activities,,S31348659,GB0031348658,3134865,,,BARC,XLON,London Stock Exchange,GBP
169,FTSE 100,"Europe, The Middle East and Africa",Western Europe,United Kingdom,British American Tobacco Plc,"Develops, manufactures and markets tobacco, nicotine and related consumer products.",Food & Tobacco,Food & Beverage,Manufacturing,,S02875805,GB0002875804,287580,,,BATS,XLON,London Stock Exchange,GBP
170,FTSE 100,"Europe, The Middle East and Africa",Western Europe,United Kingdom,Tritax Big Box Reit Plc,"Owns, develops and manages logistics and industrial real-estate assets.",Real Estate Investment Trusts (REITs),Real Estate Investment Trusts (REITs),Real estate activities,,,GB00BG49KP99,BG49KP9,,,BBOX,XLON,London Stock Exchange,GBP
171,FTSE 100,"Europe, The Middle East and Africa",Western Europe,United Kingdom,Beazley Plc,"Provides insurance, reinsurance and specialist risk-management services.",Insurance,Insurance,Financial and insurance activities,,,GB00BYQ0JC66,BYQ0JC6,,,BEZ,XLON,London Stock Exchange,GBP
172,FTSE 100,"Europe, The Middle East and Africa",Western Europe,United Kingdom,Bank Of Georgia Group Plc,"Provides retail, commercial and investment banking services, with additional activities or exposure across digital financial services.",Banking Services,Banking,Financial and insurance activities,,,GB00BF4HYT85,BF4HYT8,,,BGEO,XLON,London Stock Exchange,GBP
173,FTSE 100,"Europe, The Middle East and Africa",Western Europe,United Kingdom,British Land Reit Plc,"Owns, develops and manages commercial and mixed-use real-estate assets.",Real Estate Investment Trusts (REITs),Real Estate Investment Trusts (REITs),Real estate activities,,S01367010,GB0001367019,136701,,,BLND,XLON,London Stock Exchange,GBP
174,FTSE 100,"Europe, The Middle East and Africa",Western Europe,United Kingdom,Bunzl,"Distributes industrial, healthcare, retail and consumer support products and services.",Industrial Distributors,Industrial Distribution,Wholesale and retail trade; repair of motor vehicles and motorcycles,,,GB00B0744B38,B0744B3,,,BNZL,XLON,London Stock Exchange,GBP
175,FTSE 100,"Europe, The Middle East and Africa",Western Europe,United Kingdom,Bp Plc,"Explores, produces, refines and markets oil and natural gas, with additional activities or exposure across renewable energy, hydrogen and electric mobility.",Oil & Gas,Oil & Gas,Mining and quarrying,,S07980592,GB0007980591,798059,,,BP,XLON,London Stock Exchange,GBP
176,FTSE 100,"Europe, The Middle East and Africa",Western Europe,United Kingdom,Burberry Group Plc,"Designs, manufactures and markets luxury apparel, accessories and related fashion products.",Specialty Retailers,Retail,Wholesale and retail trade; repair of motor vehicles and motorcycles,,S31743008,GB0031743007,3174300,,,BRBY,XLON,London Stock Exchange,GBP
177,FTSE 100,"Europe, The Middle East and Africa",Western Europe,United Kingdom,Bt Group Plc,"Provides telecommunications, broadband, mobile and digital connectivity services, with additional activities or exposure across cybersecurity and managed services.",Telecommunications Services,Telecommunications,Information and communication,,S30913578,GB0030913577,3091357,,,BT-A,XLON,London Stock Exchange,GBP
178,FTSE 100,"Europe, The Middle East and Africa",Western Europe,United Kingdom,Barratt Redrow,Develops and constructs residential properties and related real-estate projects.,Homebuilding & Construction Supplies,Homebuilding & Residential Development,Construction,,,,,,,BTRW,,London Stock Exchange,
179,FTSE 100,"Europe, The Middle East and Africa",Western Europe,United Kingdom,Computacenter Plc,"Provides technology infrastructure, digital transformation and managed IT services.",Software & IT Solutions / Digital Services,Software & Digital Services,Information and communication,,,GB00BV9FP302,BV9FP30,,,CCC,XLON,London Stock Exchange,GBP
180,FTSE 100,"Europe, The Middle East and Africa",Western Europe,United Kingdom,Coca Cola Europacific Partners Plc,"Produces, markets and distributes non-alcoholic beverages.",Beverages,Food & Beverage,Manufacturing,,,GB00BDCPN049,BYQQ3P5,,1650107,CCEP,XNAS,Nasdaq Stock Market,USD
181,FTSE 100,"Europe, The Middle East and Africa",Western Europe,United Kingdom,Coca Cola Hbc Ag,"Produces, markets and distributes non-alcoholic beverages.",Beverages,Food & Beverage,Manufacturing,,,CH0198251305,B9895B7,,,CCH,XLON,London Stock Exchange,GBP
182,FTSE 100,"Europe, The Middle East and Africa",Western Europe,United Kingdom,Centrica Plc,"Generates, supplies and trades energy, with additional activities or exposure across energy infrastructure and services.",Integrated Utilities,Utilities,"Electricity, gas, steam and air conditioning supply",,,GB00B033F229,B033F22,,,CNA,XLON,London Stock Exchange,GBP
183,FTSE 100,"Europe, The Middle East and Africa",Western Europe,United Kingdom,Compass Group Plc,"Provides food, catering and support services across commercial, healthcare, education and public-sector markets.",Hotels & Entertainment Services,"Leisure, Hospitality & Travel",Accommodation and food service activities,,,GB00BD6K4575,BD6K457,,,CPG,XLON,London Stock Exchange,GBP
184,FTSE 100,"Europe, The Middle East and Africa",Western Europe,United Kingdom,Croda International Plc,"Develops and supplies specialty chemicals and related technologies, with additional activities or exposure across life sciences and consumer products.",Chemicals,Chemicals,Manufacturing,,,GB00BJFFLV09,BJFFLV0,,,CRDA,XLON,London Stock Exchange,GBP
185,FTSE 100,"Europe, The Middle East and Africa",Western Europe,United Kingdom,Convatec Group Plc,"Develops and supplies medical devices, products and related healthcare technologies.",Medical Devices & Supplies,Medical Devices,Manufacturing,,,GB00BD3VFW73,BD3VFW7,,,CTEC,XLON,London Stock Exchange,GBP
186,FTSE 100,"Europe, The Middle East and Africa",Western Europe,United Kingdom,Dcc Plc,"Distributes energy products and technology solutions, with additional activities or exposure across energy mobility.",Consumer Goods Conglomerates,Diversified Consumer Goods,Manufacturing,,,IE0002424939,242493,,,DCC,XLON,London Stock Exchange,GBP
187,FTSE 100,"Europe, The Middle East and Africa",Western Europe,United Kingdom,Diageo Plc,Produces and distributes premium alcoholic beverages.,Beverages,Food & Beverage,Manufacturing,,S02374007,GB0002374006,237400,,,DGE,XLON,London Stock Exchange,GBP
188,FTSE 100,"Europe, The Middle East and Africa",Western Europe,United Kingdom,Diploma Plc,"Distributes specialised industrial, healthcare and life-science products and services.","Machinery, Equipment & Components",Machinery,Manufacturing,,S01826635,GB0001826634,182663,,,DPLM,XLON,London Stock Exchange,GBP
189,FTSE 100,"Europe, The Middle East and Africa",Western Europe,United Kingdom,Endeavour Mining,Produces gold and related mining products.,Metals & Mining,Mining,Mining and quarrying,,,GB00BL6K5J42,BL6K5J4,,,EDV,XLON,London Stock Exchange,GBP
190,FTSE 100,"Europe, The Middle East and Africa",Western Europe,United Kingdom,Entain Plc,"Operates sports betting, gaming and digital entertainment platforms.",Hotels & Entertainment Services,"Leisure, Hospitality & Travel","Arts, entertainment and recreation",,,IM00B5VQMV65,B5VQMV6,,,ENT,XLON,London Stock Exchange,GBP
191,FTSE 100,"Europe, The Middle East and Africa",Western Europe,United Kingdom,Experian Plc,"Develops data, analytics and software solutions, with additional activities or exposure across fraud prevention and financial technology.",Professional & Commercial Services,Professional Services,"Professional, scientific and technical activities",,,GB00B19NLV48,B19NLV4,,,EXPN,XLON,London Stock Exchange,GBP
192,FTSE 100,"Europe, The Middle East and Africa",Western Europe,United Kingdom,F&C Investment Trust Plc,Provides diversified investment management services.,Pooled Investment Vehicles,Investment Services,Financial and insurance activities,,,GB0003466074,,,,FCIT,XLON,London Stock Exchange,GBP
193,FTSE 100,"Europe, The Middle East and Africa",Western Europe,United Kingdom,Fresnillo Plc,"Produces silver, gold and related mining products.",Metals & Mining,Mining,Mining and quarrying,,,GB00B2QPKJ12,,,,FRES,XLON,London Stock Exchange,GBP
194,FTSE 100,"Europe, The Middle East and Africa",Western Europe,United Kingdom,Games Workshop Group Plc,"Designs, manufactures and markets miniature games, hobby products and related entertainment content.",Leisure Products,Leisure Products,Manufacturing,,S03718475,GB0003718474,371847,,,GAW,XLON,London Stock Exchange,GBP
195,FTSE 100,"Europe, The Middle East and Africa",Western Europe,United Kingdom,Glencore Plc,"Produces and markets metals, minerals, energy products and related commodities.",Metals & Mining,Mining,Mining and quarrying,,,JE00B4T3BW64,B4T3BW6,,,GLEN,XLON,London Stock Exchange,GBP
196,FTSE 100,"Europe, The Middle East and Africa",Western Europe,United Kingdom,Glaxosmithkline,"Develops, manufactures and markets pharmaceutical products, vaccines and related healthcare technologies.",Pharmaceuticals,Pharmaceuticals,Manufacturing,,,GB00BN7SWP63,BN7SWP6,,,GSK,XLON,London Stock Exchange,GBP
197,FTSE 100,"Europe, The Middle East and Africa",Western Europe,United Kingdom,Halma Plc,"Develops and supplies safety, environmental and healthcare technologies.",Electronic Components & Systems,Electronics,Manufacturing,,S04052072,GB0004052071,405207,,,HLMA,XLON,London Stock Exchange,GBP
198,FTSE 100,"Europe, The Middle East and Africa",Western Europe,United Kingdom,Haleon Plc,"Develops, manufactures and markets consumer healthcare products.",Pharmaceuticals,Pharmaceuticals,Manufacturing,,,GB00BMX86B70,BMX86B7,,,HLN,XLON,London Stock Exchange,GBP
199,FTSE 100,"Europe, The Middle East and Africa",Western Europe,United Kingdom,Hsbc Holdings Plc,"Provides retail, commercial and investment banking services, with additional activities or exposure across wealth management and insurance.",Banking Services,Banking,Financial and insurance activities,,S05405287,GB0005405286,540528,,,HSBA,XLON,London Stock Exchange,GBP
200,FTSE 100,"Europe, The Middle East and Africa",Western Europe,United Kingdom,Hiscox Ltd,"Provides insurance, reinsurance and specialist risk-management services.",Insurance,Insurance,Financial and insurance activities,,G4593F138,BMG4593F1389,BVZHXQ9,,,HSX,XLON,London Stock Exchange,GBP
201,FTSE 100,"Europe, The Middle East and Africa",Western Europe,United Kingdom,Howden Joinery Group Plc,"Designs, manufactures and supplies kitchens, joinery products and related home-improvement solutions.",Residential Construction & Materials,Construction Materials & Building Products,Construction,,S05576814,GB0005576813,557681,,,HWDN,XLON,London Stock Exchange,GBP
202,FTSE 100,"Europe, The Middle East and Africa",Western Europe,United Kingdom,International Airlines Group Sa,"Provides passenger and cargo airline services, with additional activities or exposure across aircraft maintenance and loyalty programmes.",Passenger Transportation Services,Transportation,Transportation and storage,,,ES0177542018,,,,IAG,XLON,London Stock Exchange,GBP
203,FTSE 100,"Europe, The Middle East and Africa",Western Europe,United Kingdom,Icg Enterprise Trust,"Provides alternative asset-management, private debt and investment services, with additional activities or exposure across infrastructure and private equity.",Pooled Investment Vehicles,Investment Services,Financial and insurance activities,,,,,,,ICG,XLON,London Stock Exchange,GBP
204,FTSE 100,"Europe, The Middle East and Africa",Western Europe,United Kingdom,Ig Group Holdings Plc,"Provides online trading, investment and financial market services, with additional activities or exposure across financial education.",Investment & Securities Firms,Investment Services,Financial and insurance activities,,,GB00B06QFB75,B06QFB7,,,IGG,XLON,London Stock Exchange,GBP
205,FTSE 100,"Europe, The Middle East and Africa",Western Europe,United Kingdom,Intercontinental Hotels Group Plc,"Provides accommodation, hotel-management and related hospitality services.",Hotels & Entertainment Services,"Leisure, Hospitality & Travel",Accommodation and food service activities,,,GB00BHJYC057,BHJYC05,,,IHG,XLON,London Stock Exchange,GBP
206,FTSE 100,"Europe, The Middle East and Africa",Western Europe,United Kingdom,3I Group Plc,"Provides private-equity, infrastructure investment and asset-management services.",Investment & Securities Firms,Investment Services,Financial and insurance activities,,,GB00B1YW4409,B1YW440,,,III,XLON,London Stock Exchange,GBP
207,FTSE 100,"Europe, The Middle East and Africa",Western Europe,United Kingdom,Imperial Brands Plc,"Develops, manufactures and markets tobacco, nicotine and related consumer products.",Food & Tobacco,Food & Beverage,Manufacturing,,S04544920,GB0004544929,454492,,,IMB,XLON,London Stock Exchange,GBP
208,FTSE 100,"Europe, The Middle East and Africa",Western Europe,United Kingdom,Imi Plc,"Develops and supplies industrial engineering, fluid-control and automation technologies.","Machinery, Equipment & Components",Machinery,Manufacturing,,,GB00BGLP8L22,BGLP8L2,,,IMI,XLON,London Stock Exchange,GBP
209,FTSE 100,"Europe, The Middle East and Africa",Western Europe,United Kingdom,Informa Plc,"Provides business events, publishing, research and digital information services.",Professional & Commercial Services,Professional Services,"Professional, scientific and technical activities",,,GB00BMJ6DW54,BMJ6DW5,,,INF,XLON,London Stock Exchange,GBP
210,FTSE 100,"Europe, The Middle East and Africa",Western Europe,United Kingdom,Investec Plc,"Provides private, corporate and investment banking services, with additional activities or exposure across wealth management.",Investment & Securities Firms,Investment Services,Financial and insurance activities,,,GB00B17BBQ50,B17BBQ5,,,INVP,XLON,London Stock Exchange,GBP
211,FTSE 100,"Europe, The Middle East and Africa",Western Europe,United Kingdom,Intertek Group Plc,"Provides testing, inspection, certification and quality-assurance services.",Professional & Commercial Services,Professional Services,"Professional, scientific and technical activities",,S31638364,GB0031638363,3163836,,,ITRK,XLON,London Stock Exchange,GBP
212,FTSE 100,"Europe, The Middle East and Africa",Western Europe,United Kingdom,Jd Sports Fashion Plc,"Operates sports, fashion and outdoor retail businesses, with additional activities or exposure across e-commerce.",Specialty Retailers,Retail,Wholesale and retail trade; repair of motor vehicles and motorcycles,,,GB00BM8Q5M07,BM8Q5M0,,,JD,XLON,London Stock Exchange,GBP
213,FTSE 100,"Europe, The Middle East and Africa",Western Europe,United Kingdom,Kingfisher Plc,"Operates home-improvement retail businesses, with additional activities or exposure across trade and e-commerce services.",Specialty Retailers,Retail,Wholesale and retail trade; repair of motor vehicles and motorcycles,,S33195215,GB0033195214,3319521,,,KGF,XLON,London Stock Exchange,GBP
214,FTSE 100,"Europe, The Middle East and Africa",Western Europe,United Kingdom,Land Securities Group Reit Plc,"Owns, develops and manages commercial and mixed-use real-estate assets.",Real Estate Investment Trusts (REITs),Real Estate Investment Trusts (REITs),Real estate activities,,,GB00BYW0PQ60,BYW0PQ6,,,LAND,XLON,London Stock Exchange,GBP
215,FTSE 100,"Europe, The Middle East and Africa",Western Europe,United Kingdom,Legal And General Group Plc,"Provides insurance, asset-management, retirement and related financial services.",Investment & Securities Firms,Investment Services,Financial and insurance activities,,S05603998,GB0005603997,560399,,,LGEN,XLON,London Stock Exchange,GBP
216,FTSE 100,"Europe, The Middle East and Africa",Western Europe,United Kingdom,Lloyds Banking Group Plc,"Provides retail, commercial and corporate banking services, with additional activities or exposure across insurance and pensions.",Banking Services,Banking,Financial and insurance activities,,S08706129,GB0008706128,870612,,,LLOY,XLON,London Stock Exchange,GBP
217,FTSE 100,"Europe, The Middle East and Africa",Western Europe,United Kingdom,Londonmetric Property Reit Plc,"Owns, develops and manages logistics, healthcare and commercial real-estate assets.",Real Estate Investment Trusts (REITs),Real Estate Investment Trusts (REITs),Real estate activities,,,GB00B4WFW713,B4WFW71,,,LMP,XLON,London Stock Exchange,GBP
218,FTSE 100,"Europe, The Middle East and Africa",Western Europe,United Kingdom,London Stock Exchange Group Plc,"Operates financial-market infrastructure, trading, clearing, indices and financial-data services.",Investment & Securities Firms,Investment Services,Financial and insurance activities,,,GB00B0SWJX34,B0SWJX3,,,LSEG,XLON,London Stock Exchange,GBP
219,FTSE 100,"Europe, The Middle East and Africa",Western Europe,United Kingdom,Marks And Spencer Group Plc,"Operates food, clothing, home and general-merchandise retail businesses, with additional activities or exposure across financial services.",Food & Drug Retailing,Food Retail,Accommodation and food service activities,,S31274897,GB0031274896,3127489,,,MKS,XLON,London Stock Exchange,GBP
220,FTSE 100,"Europe, The Middle East and Africa",Western Europe,United Kingdom,M&G Plc,"Provides asset-management, savings, retirement and investment services.",Investment & Securities Firms,Investment Services,Financial and insurance activities,,,GB00BKFB1C65,BKFB1C6,,,MNG,XLON,London Stock Exchange,GBP
221,FTSE 100,"Europe, The Middle East and Africa",Western Europe,United Kingdom,Melrose Industries Plc,"Develops and supplies aerospace components, systems and related technologies.",Aerospace & Defense,Aerospace & Defense,Manufacturing,,,GB00BNGDN821,BNGDN82,,,MRO,XLON,London Stock Exchange,GBP
222,FTSE 100,"Europe, The Middle East and Africa",Western Europe,United Kingdom,Metlen Energy & Metals,"Produces metals and develops energy infrastructure, with additional activities or exposure across renewable energy and engineering services.",Multiline Utilities,Utilities,"Electricity, gas, steam and air conditioning supply",,,,,,,MTLN,,London Stock Exchange,
223,FTSE 100,"Europe, The Middle East and Africa",Western Europe,United Kingdom,National Grid Plc,"Transmits and distributes electricity and gas, with additional activities or exposure across energy infrastructure.",Integrated Utilities,Utilities,"Electricity, gas, steam and air conditioning supply",,,GB00BDR05C01,BDR05C0,,,NG,XLON,London Stock Exchange,GBP
224,FTSE 100,"Europe, The Middle East and Africa",Western Europe,United Kingdom,Natwest Group Plc,"Provides retail, commercial and corporate banking services, with additional activities or exposure across private banking.",Banking Services,Banking,Financial and insurance activities,,,GB00BM8PJY71,BM8PJY7,,,NWG,XLON,London Stock Exchange,GBP
225,FTSE 100,"Europe, The Middle East and Africa",Western Europe,United Kingdom,Next Plc,"Operates clothing, homeware and lifestyle retail businesses, with additional activities or exposure across digital retail platforms.",Specialty Retailers,Retail,Wholesale and retail trade; repair of motor vehicles and motorcycles,,S32089864,GB0032089863,3208986,,,NXT,XLON,London Stock Exchange,GBP
226,FTSE 100,"Europe, The Middle East and Africa",Western Europe,United Kingdom,Polar Capital Technology Trust,Provides technology-focused investment management services.,Pooled Investment Vehicles,Investment Services,Financial and insurance activities,,,,,,,PCT,XLON,London Stock Exchange,GBP
227,FTSE 100,"Europe, The Middle East and Africa",Western Europe,United Kingdom,Prudential Plc,"Provides life insurance, health insurance, asset-management and related financial services.",Insurance,Insurance,Financial and insurance activities,,S07099542,GB0007099541,709954,,,PRU,XLON,London Stock Exchange,GBP
228,FTSE 100,"Europe, The Middle East and Africa",Western Europe,United Kingdom,Pershing Square Holdings,Provides concentrated investment management and capital-allocation services.,Pooled Investment Vehicles,Investment Services,Financial and insurance activities,,,,,,,PSH,XLON,London Stock Exchange,GBP
229,FTSE 100,"Europe, The Middle East and Africa",Western Europe,United Kingdom,Persimmon Plc,Develops and constructs residential properties and related real-estate projects.,Residential Construction & Materials,Homebuilding & Residential Development,Construction,,S06825384,GB0006825383,682538,,,PSN,XLON,London Stock Exchange,GBP
230,FTSE 100,"Europe, The Middle East and Africa",Western Europe,United Kingdom,Pearson Plc,"Develops educational content, assessment, certification and digital learning services.",Media & Publishing,Media,Information and communication,,S06776082,GB0006776081,677608,,,PSON,XLON,London Stock Exchange,GBP
231,FTSE 100,"Europe, The Middle East and Africa",Western Europe,United Kingdom,Relx Plc,"Provides information, analytics and decision-support services, with additional activities or exposure across legal, scientific and risk-management markets.",Software & IT Solutions / Digital Services,Software & Digital Services,Information and communication,,,GB00B2B0DG97,B2B0DG9,,,REL,XLON,London Stock Exchange,GBP
232,FTSE 100,"Europe, The Middle East and Africa",Western Europe,United Kingdom,Rio Tinto Plc,"Produces iron ore, aluminium, copper and related mining products.",Metals & Mining,Mining,Mining and quarrying,,S07188758,GB0007188757,718875,,,RIO,XLON,London Stock Exchange,GBP
233,FTSE 100,"Europe, The Middle East and Africa",Western Europe,United Kingdom,Reckitt Benckiser Group Plc,"Develops, manufactures and markets consumer health, hygiene and household products.",Consumer & Household Products,Household Products,Manufacturing,,,GB00B24CGK77,B24CGK7,,,RKT,XLON,London Stock Exchange,GBP
234,FTSE 100,"Europe, The Middle East and Africa",Western Europe,United Kingdom,Rolls-Royce Holdings Plc,"Develops and supplies aerospace propulsion, defence and power-generation technologies.",Aerospace & Defense,Aerospace & Defense,Manufacturing,,,GB00B63H8491,B63H849,,,RR,XLON,London Stock Exchange,GBP
235,FTSE 100,"Europe, The Middle East and Africa",Western Europe,United Kingdom,Rentokil Initial Plc,"Provides pest-control, hygiene and workplace wellbeing services.",Professional & Commercial Services,Professional Services,"Professional, scientific and technical activities",,,GB00B082RF11,B082RF1,,,RTO,XLON,London Stock Exchange,GBP
236,FTSE 100,"Europe, The Middle East and Africa",Western Europe,United Kingdom,Sainsbury(J) Plc,"Operates food, general-merchandise and clothing retail businesses, with additional activities or exposure across banking and financial services.",Food & Drug Retailing,Food Retail,Accommodation and food service activities,,,GB00B019KW72,B019KW7,,,SBRY,XLON,London Stock Exchange,GBP
237,FTSE 100,"Europe, The Middle East and Africa",Western Europe,United Kingdom,Standard Life,"Provides savings, retirement, investment and financial-advice services.",Insurance,Insurance,Financial and insurance activities,,,,,,,SDLF,,London Stock Exchange,
238,FTSE 100,"Europe, The Middle East and Africa",Western Europe,United Kingdom,Schroders Plc,"Provides asset-management, wealth-management and investment-advisory services.",Investment & Securities Firms,Investment Services,Financial and insurance activities,,,GB00BP9LHF23,BP9LHF2,,,SDR,XLON,London Stock Exchange,GBP
239,FTSE 100,"Europe, The Middle East and Africa",Western Europe,United Kingdom,Sage Group Plc,"Develops accounting, payroll, human-resources and business-management software.",Software & IT Solutions / Digital Services,Software & Digital Services,Information and communication,,,GB00B8C3BL03,B8C3BL0,,,SGE,XLON,London Stock Exchange,GBP
240,FTSE 100,"Europe, The Middle East and Africa",Western Europe,United Kingdom,Segro Reit Plc,"Owns, develops and manages logistics, warehouse and industrial real-estate assets.",Real Estate Investment Trusts (REITs),Real Estate Investment Trusts (REITs),Real estate activities,,,GB00B5ZN1N88,B5ZN1N8,,,SGRO,XLON,London Stock Exchange,GBP
241,FTSE 100,"Europe, The Middle East and Africa",Western Europe,United Kingdom,Shell Plc,"Explores, produces, refines and markets oil and natural gas, with additional activities or exposure across LNG, chemicals and renewable energy.",Oil & Gas,Oil & Gas,Mining and quarrying,,,GB00BP6MXD84,BP6MXD8,,,SHEL,XLON,London Stock Exchange,GBP
242,FTSE 100,"Europe, The Middle East and Africa",Western Europe,United Kingdom,Smiths Group Plc,"Develops and supplies industrial engineering technologies, with additional activities or exposure across aerospace, energy and healthcare.",Consumer Goods Conglomerates,Diversified Consumer Goods,Manufacturing,,,GB00B1WY2338,B1WY233,,,SMIN,XLON,London Stock Exchange,GBP
243,FTSE 100,"Europe, The Middle East and Africa",Western Europe,United Kingdom,Scottish Mortgage Investment Trust,"Provides global investment management services, with additional activities or exposure across private companies.",Pooled Investment Vehicles,Investment Services,Financial and insurance activities,,,GB00BLDYK618,,,,SMT,XLON,London Stock Exchange,GBP
244,FTSE 100,"Europe, The Middle East and Africa",Western Europe,United Kingdom,Smith And Nephew Plc,"Develops and supplies medical devices, orthopaedic technologies and advanced wound-care products.",Medical Devices & Supplies,Medical Devices,Manufacturing,,S09223207,GB0009223206,922320,,,SN,XLON,London Stock Exchange,GBP
245,FTSE 100,"Europe, The Middle East and Africa",Western Europe,United Kingdom,Spirax-Sarco Engineering Plc,Develops and supplies thermal-energy management and fluid-technology solutions.,"Machinery, Equipment & Components",Machinery,Manufacturing,,,GB00BWFGQN14,BWFGQN1,,,SPX,XLON,London Stock Exchange,GBP
246,FTSE 100,"Europe, The Middle East and Africa",Western Europe,United Kingdom,Sse Plc,"Generates, transmits and distributes electricity, with additional activities or exposure across renewable energy and energy infrastructure.",Electrical Utilities & IPPs,Utilities,"Electricity, gas, steam and air conditioning supply",,S07908734,GB0007908733,790873,,,SSE,XLON,London Stock Exchange,GBP
247,FTSE 100,"Europe, The Middle East and Africa",Western Europe,United Kingdom,Standard Chartered Plc,"Provides retail, corporate and investment banking services, with additional activities or exposure across wealth management and digital banking.",Banking Services,Banking,Financial and insurance activities,,S04082848,GB0004082847,408284,,,STAN,XLON,London Stock Exchange,GBP
248,FTSE 100,"Europe, The Middle East and Africa",Western Europe,United Kingdom,St Jamess Place Plc,"Provides wealth-management, investment and financial-advisory services.",Investment & Securities Firms,Investment Services,Financial and insurance activities,,S07669377,GB0007669376,766937,,,STJ,XLON,London Stock Exchange,GBP
249,FTSE 100,"Europe, The Middle East and Africa",Western Europe,United Kingdom,Severn Trent Plc,"Provides water, wastewater and related environmental infrastructure services.",Water Utilities,Water Utilities,"Water supply; sewerage, waste management and remediation activities",,,GB00B1FH8J72,B1FH8J7,,,SVT,XLON,London Stock Exchange,GBP
250,FTSE 100,"Europe, The Middle East and Africa",Western Europe,United Kingdom,Tesco Plc,"Operates food and general-merchandise retail businesses, with additional activities or exposure across wholesale and financial services.",Food & Drug Retailing,Food Retail,Accommodation and food service activities,,,GB00BLGZ9862,BLGZ986,,,TSCO,XLON,London Stock Exchange,GBP
251,FTSE 100,"Europe, The Middle East and Africa",Western Europe,United Kingdom,Unilever Plc,"Develops, manufactures and markets consumer products across beauty, personal care, home care and foods.",Consumer & Household Products,Household Products,Manufacturing,,,GB00B10RZP78,B10RZP7,,,ULVR,XLON,London Stock Exchange,GBP
252,FTSE 100,"Europe, The Middle East and Africa",Western Europe,United Kingdom,United Utilities Group Plc,"Provides water, wastewater and related utility services.",Water Utilities,Water Utilities,"Water supply; sewerage, waste management and remediation activities",,,GB00B39J2M42,B39J2M4,,,UU,XLON,London Stock Exchange,GBP
253,FTSE 100,"Europe, The Middle East and Africa",Western Europe,United Kingdom,Vodafone Group Plc,"Provides telecommunications, broadband, mobile and digital connectivity services, with additional activities or exposure across IoT and financial technology.",Telecommunications Services,Telecommunications,Information and communication,,,GB00BH4HKS39,BH4HKS3,,,VOD,XLON,London Stock Exchange,GBP
254,FTSE 100,"Europe, The Middle East and Africa",Western Europe,United Kingdom,Weir Group Plc,"Develops and supplies mining, industrial processing and engineering technologies.","Machinery, Equipment & Components",Machinery,Manufacturing,,S09465808,GB0009465807,946580,,,WEIR,XLON,London Stock Exchange,GBP
255,FTSE 100,"Europe, The Middle East and Africa",Western Europe,United Kingdom,Whitbread Plc,"Provides accommodation, hotel-management and related hospitality services, with additional activities or exposure across restaurant operations.",Hotels & Entertainment Services,"Leisure, Hospitality & Travel",Accommodation and food service activities,,,GB00B1KJJ408,B1KJJ40,,,WTB,XLON,London Stock Exchange,GBP