date,ES.INDU,ES.SERV,ES.CONS,ES.RETA,ES.BUIL,ES.ESI,ES.EEI
2000-01-01,-0.4,30.8,13.1,4.1,16.4,110.9,108.9
2000-02-01,2.1,40.2,14.3,3.4,14.4,114.3,113.0
2000-03-01,3.9,37.9,14.9,4.5,36.7,115.9,119.0
2000-04-01,3.2,44.5,13.8,-2.2,23.8,115.6,122.9
2000-05-01,3.8,35.7,12.2,3.1,29.3,114.5,112.5
2000-06-01,5.1,32.9,12.1,8.2,25.3,114.7,107.6
2000-07-01,2.6,41.3,12.4,3.1,38.3,115.5,110.7
2000-08-01,5.0,38.7,12.4,1.7,0.2,116.2,108.9
2000-09-01,3.7,40.4,9.4,0.0,7.4,114.9,112.7
2000-10-01,0.4,36.6,9.2,1.1,5.7,111.2,111.6
2000-11-01,1.6,38.5,10.6,0.0,10.0,112.9,109.7
2000-12-01,2.5,35.2,10.2,3.4,31.6,113.4,108.8
2001-01-01,2.6,41.1,10.9,3.4,18.1,114.9,112.8
2001-02-01,-0.3,32.4,10.5,-0.9,8.6,110.8,108.4
2001-03-01,-2.3,46.5,11.2,3.0,20.9,112.9,120.1
2001-04-01,-4.3,30.0,8.0,-4.8,17.2,107.5,104.4
2001-05-01,-4.0,27.5,8.6,-1.4,20.4,106.4,97.2
2001-06-01,-4.7,37.4,8.0,-1.0,7.7,107.9,101.1
2001-07-01,-5.5,37.4,7.0,1.4,7.5,107.4,109.2
2001-08-01,-7.0,29.4,8.6,0.8,18.1,106.8,109.4
2001-09-01,-7.6,34.0,7.3,3.1,8.1,106.8,115.4
2001-10-01,-10.0,31.3,9.2,-3.2,6.5,104.6,106.6
2001-11-01,-10.1,26.2,7.7,-5.9,2.6,103.3,99.1
2001-12-01,-6.0,22.0,7.3,-0.4,13.2,106.1,105.1
2002-01-01,-8.7,28.5,5.9,-1.3,11.4,105.3,108.5
2002-02-01,-8.1,29.4,6.8,-2.0,15.3,105.5,107.7
2002-03-01,-8.6,22.6,5.4,-3.6,0.2,103.0,96.4
2002-04-01,-7.2,24.7,5.1,-5.8,6.7,104.7,99.5
2002-05-01,-2.7,21.2,5.7,-1.7,9.6,107.2,96.6
2002-06-01,-4.9,20.4,3.8,-3.3,18.1,105.3,103.5
2002-07-01,-3.8,21.0,2.7,-4.1,12.6,106.0,103.2
2002-08-01,-4.2,16.4,1.8,-2.4,-16.9,104.0,96.7
2002-09-01,-6.1,19.0,5.1,-1.5,4.3,104.6,100.8
2002-10-01,-5.5,20.6,3.7,-1.4,3.2,104.5,101.5
2002-11-01,-7.3,18.6,4.5,-1.5,-1.9,103.3,101.3
2002-12-01,-8.6,19.1,-1.4,-3.5,4.8,100.7,100.6
2003-01-01,-5.9,16.6,-0.8,-3.9,16.3,103.2,100.1
2003-02-01,-2.4,22.4,-0.1,0.5,19.0,106.7,101.7
2003-03-01,-5.7,18.3,-0.6,-2.8,9.4,103.3,104.2
2003-04-01,-4.9,21.3,1.3,-2.8,13.3,105.0,102.9
2003-05-01,-6.0,17.9,2.7,-4.4,9.4,103.9,102.5
2003-06-01,-7.8,16.0,3.8,-2.0,16.5,102.9,105.9
2003-07-01,-5.7,18.9,2.8,-3.0,17.3,104.6,102.5
2003-08-01,-0.8,16.9,3.8,-1.9,5.8,107.4,100.8
2003-09-01,-4.8,18.6,4.6,-1.3,1.8,104.6,101.5
2003-10-01,-2.1,23.0,2.3,0.4,-3.2,106.9,104.5
2003-11-01,-1.6,17.9,3.9,-0.9,2.0,106.7,103.8
2003-12-01,-3.0,17.6,3.6,-0.9,7.0,105.7,105.1
2004-01-01,-3.6,19.0,2.8,-1.2,6.9,105.5,105.3
2004-02-01,-1.3,19.5,3.5,-0.6,8.8,107.1,104.6
2004-03-01,-3.4,22.1,3.5,-1.4,7.1,106.4,102.8
2004-04-01,-1.5,19.8,4.7,-2.5,14.3,107.4,105.5
2004-05-01,-0.6,19.0,4.5,-8.7,9.8,107.8,103.6
2004-06-01,-0.5,16.6,2.1,-4.8,14.5,106.5,106.4
2004-07-01,-1.9,14.6,3.3,-6.2,5.6,105.1,101.0
2004-08-01,-2.7,12.8,1.9,-9.0,24.0,104.2,102.8
2004-09-01,-2.2,16.5,2.0,-8.6,13.3,104.7,103.5
2004-10-01,-0.1,8.6,3.8,-11.1,21.8,105.0,99.4
2004-11-01,-1.6,10.4,3.3,-11.5,15.8,103.9,102.2
2004-12-01,-2.9,12.0,4.0,-8.6,23.2,104.1,104.5
2005-01-01,-2.1,15.7,2.9,-7.2,20.0,105.4,105.8
2005-02-01,-5.4,14.1,2.9,-9.5,31.1,103.5,102.8
2005-03-01,-4.8,15.9,1.8,-6.0,23.7,104.2,104.8
2005-04-01,-5.4,16.8,2.4,-4.8,20.4,104.2,105.2
2005-05-01,-6.2,24.3,2.2,-3.1,14.5,104.4,100.6
2005-06-01,-6.9,23.3,2.2,-5.7,13.5,103.6,104.7
2005-07-01,-3.4,19.4,2.5,-4.4,16.8,104.9,102.7
2005-08-01,-2.7,17.5,2.7,-5.6,20.8,105.5,103.9
2005-09-01,-2.3,17.7,2.4,-4.2,21.7,105.6,103.8
2005-10-01,-1.5,16.4,2.8,-4.5,17.9,106.5,104.6
2005-11-01,-3.7,17.9,-0.2,-4.5,35.5,104.3,101.3
2005-12-01,-1.5,18.3,2.4,-4.9,21.0,105.5,104.4
2006-01-01,-6.3,15.5,0.1,-9.4,21.7,101.7,104.1
2006-02-01,-3.4,4.9,-0.2,-12.1,8.9,101.5,103.2
2006-03-01,-2.6,10.7,-0.1,-12.3,17.8,102.5,104.8
2006-04-01,-3.3,17.5,0.9,-2.1,11.1,104.2,107.0
2006-05-01,0.3,20.3,-0.3,-13.2,9.7,105.8,103.9
2006-06-01,0.0,13.8,-1.3,-21.5,15.0,103.1,102.9
2006-07-01,-1.1,13.1,-0.7,-8.9,19.4,103.6,102.7
2006-08-01,-2.2,21.9,0.9,-2.5,3.1,105.1,106.3
2006-09-01,1.2,13.5,0.0,-3.9,13.7,105.6,104.4
2006-10-01,0.1,16.8,2.8,-7.1,9.6,105.8,106.0
2006-11-01,-1.1,12.8,3.2,-12.4,15.9,103.5,104.6
2006-12-01,3.0,16.4,2.1,-7.5,16.9,107.0,106.5
2007-01-01,2.3,15.3,0.0,-13.0,11.4,105.5,104.1
2007-02-01,1.8,11.2,0.5,-10.5,13.7,104.9,106.2
2007-03-01,3.9,13.5,1.4,-11.6,11.3,107.1,103.6
2007-04-01,1.3,13.4,0.3,-9.1,18.2,105.2,105.0
2007-05-01,-0.1,11.7,0.0,-10.0,12.7,104.1,105.2
2007-06-01,0.6,12.3,0.4,-12.1,16.4,104.8,104.3
2007-07-01,-0.1,9.3,2.2,-15.5,16.5,103.8,103.3
2007-08-01,-0.8,13.9,0.2,-7.1,1.5,103.8,102.4
2007-09-01,0.0,7.2,-1.6,-18.2,11.6,103.3,102.3
2007-10-01,-5.5,4.7,-2.5,-14.4,3.3,98.6,101.0
2007-11-01,-1.6,-1.5,-4.4,-17.7,-7.3,98.9,100.5
2007-12-01,-1.3,0.0,-7.8,-17.4,-5.8,99.3,102.9
2008-01-01,-5.0,-3.2,-8.4,-15.3,-7.8,95.5,99.7
2008-02-01,-8.5,-7.4,-9.0,-26.0,-20.1,91.6,97.1
2008-03-01,-9.8,-15.2,-8.1,-27.5,-21.6,89.1,95.0
2008-04-01,-10.4,-15.4,-11.6,-30.6,-21.7,88.5,93.9
2008-05-01,-14.6,-7.1,-15.9,-23.8,-15.2,87.6,93.1
2008-06-01,-17.7,-21.4,-22.5,-27.8,-16.6,81.0,87.9
2008-07-01,-15.8,-12.8,-23.4,-26.0,-28.4,85.1,90.6
2008-08-01,-18.9,-27.5,-19.9,-32.1,-17.1,80.3,84.2
2008-09-01,-22.1,-29.3,-20.7,-30.5,-25.9,78.2,85.1
2008-10-01,-28.6,-23.2,-24.3,-29.1,-41.5,73.8,82.5
2008-11-01,-32.1,-26.9,-23.1,-25.3,-28.4,72.4,83.4
2008-12-01,-37.4,-33.6,-24.0,-31.5,-33.5,67.6,77.3
2009-01-01,-34.0,-36.5,-23.6,-28.6,-39.1,69.7,78.1
2009-02-01,-37.3,-37.5,-28.0,-29.9,-37.4,66.9,72.6
2009-03-01,-38.3,-38.8,-21.5,-27.1,-38.6,67.6,76.8
2009-04-01,-32.7,-32.1,-18.4,-28.8,-40.1,74.0,77.7
2009-05-01,-32.1,-30.4,-13.7,-21.7,-30.1,76.3,83.5
2009-06-01,-31.8,-31.7,-12.8,-24.8,-31.6,75.9,82.5
2009-07-01,-27.6,-27.0,-9.8,-22.5,-29.8,80.9,83.1
2009-08-01,-22.8,-17.5,-8.8,-19.6,-23.6,86.4,85.7
2009-09-01,-24.4,-21.2,-9.5,-20.7,-21.5,84.3,84.2
2009-10-01,-21.7,-20.9,-9.0,-18.1,-35.4,85.9,84.9
2009-11-01,-21.9,-19.9,-9.5,-21.8,-18.1,86.2,83.8
2009-12-01,-22.4,-17.1,-7.0,-23.2,-24.6,86.5,85.0
2010-01-01,-19.7,-20.8,-7.0,-22.6,-31.5,87.6,84.3
2010-02-01,-20.7,-21.0,-9.9,-14.8,-40.3,86.4,84.7
2010-03-01,-16.3,-19.5,-10.9,-15.1,-15.1,89.8,86.6
2010-04-01,-13.8,-17.7,-10.1,-12.5,-18.1,91.9,86.4
2010-05-01,-15.8,-27.3,-13.8,-16.2,-24.0,87.1,83.9
2010-06-01,-13.8,-22.9,-16.9,-18.3,-31.4,88.2,86.1
2010-07-01,-13.2,-26.1,-16.2,-22.8,-30.4,87.8,85.0
2010-08-01,-12.8,-27.1,-11.2,-19.7,-29.8,89.2,85.0
2010-09-01,-14.2,-21.6,-9.5,-14.2,-21.2,89.9,87.6
2010-10-01,-12.2,-25.5,-10.5,-22.0,-40.7,88.8,88.0
2010-11-01,-11.8,-27.3,-11.0,-21.2,-44.7,89.4,88.8
2010-12-01,-9.6,-32.0,-13.2,-22.8,-51.7,88.4,86.3
2011-01-01,-10.1,-32.6,-13.8,-21.6,-56.6,88.0,85.6
2011-02-01,-10.5,-31.8,-11.5,-21.2,-61.4,88.3,87.5
2011-03-01,-12.3,-29.7,-11.4,-24.0,-62.1,87.2,86.9
2011-04-01,-11.8,-32.9,-12.2,-22.5,-51.5,87.0,83.9
2011-05-01,-13.6,-11.2,-10.1,-16.9,-54.8,90.6,86.0
2011-06-01,-10.8,-12.4,-9.7,-18.1,-52.2,92.5,85.0
2011-07-01,-14.1,-10.6,-8.6,-17.5,-55.1,90.1,84.9
2011-08-01,-12.8,-9.2,-10.8,-19.4,-46.8,91.4,86.6
2011-09-01,-16.1,-15.7,-11.0,-18.2,-57.1,87.7,85.5
2011-10-01,-14.6,-20.0,-13.1,-18.9,-51.6,87.5,80.9
2011-11-01,-17.5,-19.5,-9.6,-19.0,-49.0,87.7,83.8
2011-12-01,-20.1,-22.4,-9.8,-22.1,-59.1,84.5,81.0
2012-01-01,-14.2,-20.3,-14.7,-23.7,-62.8,88.9,83.1
2012-02-01,-15.7,-18.1,-16.0,-21.7,-50.8,87.1,86.4
2012-03-01,-16.2,-17.1,-18.5,-21.6,-47.4,86.9,82.1
2012-04-01,-16.3,-21.3,-20.0,-21.2,-48.7,85.4,84.3
2012-05-01,-15.4,-22.9,-22.3,-21.5,-54.1,85.8,81.6
2012-06-01,-18.8,-18.4,-19.2,-18.2,-46.0,85.0,85.2
2012-07-01,-17.1,-21.3,-21.6,-21.5,-43.2,84.6,86.5
2012-08-01,-20.2,-22.4,-28.0,-23.6,-61.1,80.4,87.6
2012-09-01,-18.4,-33.4,-25.1,-23.7,-52.3,80.9,81.9
2012-10-01,-18.7,-20.9,-22.7,-18.9,-61.4,83.8,81.2
2012-11-01,-16.8,-24.5,-22.8,-15.4,-67.2,84.5,82.6
2012-12-01,-16.3,-27.1,-24.7,-20.4,-64.0,83.6,82.1
2013-01-01,-16.8,-25.3,-20.3,-21.0,-45.5,84.9,81.0
2013-02-01,-13.5,-27.1,-21.5,-15.3,-55.8,85.8,84.8
2013-03-01,-15.4,-29.6,-19.0,-16.1,-48.6,84.7,84.3
2013-04-01,-15.8,-21.0,-18.6,-11.8,-54.0,86.6,86.6
2013-05-01,-14.3,-17.9,-20.0,-16.0,-66.4,87.5,85.9
2013-06-01,-13.4,-13.9,-17.4,-10.9,-48.6,89.6,89.7
2013-07-01,-13.1,-8.7,-13.0,-8.7,-59.2,91.4,89.7
2013-08-01,-12.2,-6.0,-11.9,-6.6,-68.9,91.7,87.8
2013-09-01,-11.7,-4.3,-7.6,-3.4,-44.9,94.6,90.3
2013-10-01,-14.0,-4.7,-10.5,-4.3,-69.9,91.5,89.4
2013-11-01,-12.2,-4.4,-9.2,-1.7,-61.4,92.9,86.6
2013-12-01,-9.3,0.6,-9.0,2.6,-48.4,97.2,93.3
2014-01-01,-9.7,4.5,-6.5,3.9,-54.7,96.6,95.5
2014-02-01,-7.7,0.3,-7.5,-0.1,-55.0,96.8,89.9
2014-03-01,-9.7,8.1,-4.5,5.7,-50.1,98.2,91.2
2014-04-01,-9.7,4.3,-4.8,6.1,-51.5,97.1,94.9
2014-05-01,-8.8,5.6,-4.4,6.5,-49.5,97.6,95.9
2014-06-01,-7.2,13.8,-1.3,6.3,-62.7,100.8,95.9
2014-07-01,-5.5,7.9,-2.6,5.0,-34.9,101.1,95.1
2014-08-01,-6.4,8.5,-0.5,7.7,-32.2,100.2,98.3
2014-09-01,-6.7,13.1,-0.8,7.5,-23.8,101.6,97.1
2014-10-01,-6.9,8.9,-1.4,5.4,-22.2,99.9,98.2
2014-11-01,-5.4,11.8,-3.3,7.3,-25.2,101.7,99.7
2014-12-01,-6.9,18.2,0.0,7.1,-27.5,102.7,97.7
2015-01-01,-4.5,13.9,4.8,8.3,-28.4,104.4,101.4
2015-02-01,-3.3,15.9,4.6,12.5,-26.4,105.7,104.7
2015-03-01,-0.7,14.8,7.3,13.7,-20.8,107.5,104.2
2015-04-01,0.5,21.0,8.4,16.9,-30.4,109.1,102.8
2015-05-01,2.1,19.1,6.6,15.5,-30.4,109.3,105.1
2015-06-01,1.1,18.5,5.8,14.4,-31.9,108.0,98.8
2015-07-01,-0.2,20.2,5.9,13.8,-28.4,108.0,101.7
2015-08-01,1.3,22.3,6.7,14.1,-23.2,109.3,103.0
2015-09-01,0.2,20.9,7.8,12.2,-29.6,108.4,105.0
2015-10-01,-2.4,19.3,8.9,14.2,-27.6,106.4,102.1
2015-11-01,-2.8,19.4,9.7,16.7,-23.6,107.2,106.5
2015-12-01,1.6,21.1,12.9,15.4,-18.9,111.5,109.7
2016-01-01,-2.2,18.2,8.5,15.7,-31.3,107.1,104.1
2016-02-01,-2.1,15.8,8.0,14.0,-24.1,106.4,105.3
2016-03-01,-1.6,17.9,5.6,11.7,-42.6,106.1,103.9
2016-04-01,-2.2,14.7,5.5,12.7,-39.5,105.0,104.4
2016-05-01,-3.6,18.3,3.9,13.6,-45.5,104.6,102.3
2016-06-01,-1.1,19.2,5.4,9.9,-47.8,106.2,101.0
2016-07-01,-2.3,20.6,2.8,14.1,-37.0,105.8,106.5
2016-08-01,-4.8,16.8,5.4,11.7,-45.5,103.3,101.3
2016-09-01,-2.6,16.2,5.2,11.2,-39.9,105.4,103.4
2016-10-01,-0.5,18.4,7.2,10.8,-45.4,107.4,104.5
2016-11-01,0.6,19.9,8.4,12.4,-34.0,108.9,107.1
2016-12-01,-2.9,22.8,8.5,13.2,-37.0,106.9,107.7
2017-01-01,0.3,20.9,8.0,12.7,-57.3,107.5,106.5
2017-02-01,3.1,19.5,6.1,10.5,-28.1,109.8,108.1
2017-03-01,-0.1,18.5,8.1,11.8,-37.9,107.2,110.0
2017-04-01,-1.1,23.7,9.4,13.2,-23.7,107.8,112.6
2017-05-01,-0.1,24.1,9.6,11.5,-27.2,108.0,109.7
2017-06-01,1.8,24.5,9.8,13.9,-26.2,109.7,109.4
2017-07-01,-1.4,24.7,10.6,13.1,-17.4,107.8,112.1
2017-08-01,-0.2,26.7,11.1,8.9,-30.0,109.6,108.1
2017-09-01,2.1,25.5,10.9,10.6,-13.1,110.3,109.5
2017-10-01,2.2,25.0,10.3,9.5,-14.0,110.9,111.2
2017-11-01,5.6,20.1,9.5,10.9,-11.3,112.6,107.6
2017-12-01,4.3,21.6,9.9,10.9,-15.0,112.1,111.6
2018-01-01,3.8,20.4,10.3,11.2,-5.7,112.2,109.6
2018-02-01,2.5,21.6,9.1,12.6,-0.9,111.3,109.0
2018-03-01,1.0,25.5,5.7,10.5,-6.9,108.6,112.3
2018-04-01,3.2,21.8,7.8,12.3,-15.2,110.7,112.2
2018-05-01,-0.1,23.3,8.1,9.1,-2.6,108.2,112.7
2018-06-01,0.0,23.9,11.0,10.5,-9.7,109.4,113.5
2018-07-01,-2.7,23.5,9.7,11.2,-19.7,106.8,109.9
2018-08-01,-4.7,21.8,8.6,9.7,-15.5,105.5,108.4
2018-09-01,-3.7,19.0,5.4,8.5,6.4,105.2,108.7
2018-10-01,-1.2,20.3,5.9,8.1,1.0,107.8,108.5
2018-11-01,0.1,18.5,7.4,11.6,2.7,108.0,112.6
2018-12-01,-3.4,14.8,6.1,11.1,-5.3,104.5,105.5
2019-01-01,-4.0,14.7,6.8,7.1,3.8,104.4,109.5
2019-02-01,-4.4,16.7,7.0,5.2,-3.2,105.4,108.6
2019-03-01,-1.4,13.0,10.6,10.1,-3.5,107.8,110.5
2019-04-01,-4.6,15.3,6.7,6.9,-10.7,104.4,109.2
2019-05-01,-3.9,18.0,8.2,4.9,-28.9,105.0,105.3
2019-06-01,-3.8,12.7,10.8,4.9,4.0,104.6,106.2
2019-07-01,-2.9,15.3,6.5,3.1,-4.5,105.6,107.1
2019-08-01,0.5,15.5,5.9,4.7,-14.2,107.9,106.6
2019-09-01,-5.2,14.9,4.7,3.0,-5.6,103.4,105.1
2019-10-01,-7.6,10.4,2.1,-2.5,-6.7,100.9,104.3
2019-11-01,-3.7,9.6,1.9,1.3,-11.0,103.2,103.4
2019-12-01,-2.5,10.9,1.0,4.6,-11.8,103.4,105.8
2020-01-01,-5.2,10.0,1.0,2.9,-4.1,101.7,104.6
2020-02-01,-3.3,8.9,4.0,3.4,-3.1,103.8,104.3
2020-03-01,-6.6,0.8,0.6,1.8,-10.7,99.8,100.2
2020-04-01,-36.6,-58.0,-20.7,-42.8,-32.1,66.2,57.2
2020-05-01,-33.1,-59.8,-18.8,-39.2,-41.2,69.3,73.8
2020-06-01,-22.6,-40.2,-12.1,-28.4,-18.0,82.2,85.7
2020-07-01,-11.7,-30.2,-12.8,-22.4,-20.1,91.3,97.4
2020-08-01,-10.3,-34.1,-15.4,-29.4,-32.8,88.8,84.9
2020-09-01,-9.2,-31.0,-13.8,-24.5,-19.2,90.5,90.3
2020-10-01,-9.1,-26.0,-13.4,-17.8,-7.3,90.6,92.7
2020-11-01,-7.5,-29.7,-14.1,-22.9,-9.0,90.3,88.0
2020-12-01,-7.7,-17.1,-7.3,-17.9,-11.6,93.5,93.6
2021-01-01,-4.0,-21.1,-8.6,-19.7,-6.7,96.0,92.3
2021-02-01,-6.9,-21.9,-10.2,-24.8,-6.9,93.0,89.9
2021-03-01,-3.0,-13.3,-1.2,-11.7,-3.3,99.8,97.2
2021-04-01,-1.4,0.7,-0.4,-1.8,-4.3,102.5,99.7
2021-05-01,0.6,6.4,2.0,1.3,-7.2,105.1,99.0
2021-06-01,-1.1,21.1,3.0,9.0,8.0,107.5,102.8
2021-07-01,3.0,23.7,3.2,6.2,-4.3,110.8,101.4
2021-08-01,1.8,19.0,3.9,7.5,-10.2,108.3,102.8
2021-09-01,2.6,21.3,3.1,5.9,8.2,109.5,107.5
2021-10-01,5.5,26.7,4.6,11.2,5.4,112.3,108.3
2021-11-01,4.4,26.3,-2.7,8.9,-1.6,109.4,106.6
2021-12-01,5.7,14.2,-2.1,8.7,0.2,108.1,103.7
2022-01-01,6.9,14.8,-1.2,4.1,-0.1,108.9,106.5
2022-02-01,9.5,14.5,1.5,8.7,5.7,111.9,109.6
2022-03-01,3.9,15.8,-17.0,2.0,10.5,104.2,107.6
2022-04-01,-1.3,14.7,-14.7,-5.0,5.9,99.6,105.4
2022-05-01,1.2,16.2,-10.9,1.8,17.4,103.9,106.1
2022-06-01,1.1,17.8,-16.9,3.0,2.6,101.8,105.4
2022-07-01,-4.4,14.2,-23.6,-3.4,2.5,96.6,102.4
2022-08-01,-5.6,12.9,-19.5,-0.9,9.9,97.0,105.9
2022-09-01,-5.4,7.5,-20.0,-1.8,6.8,96.3,103.0
2022-10-01,-3.6,4.9,-18.7,-1.2,14.6,98.1,101.0
2022-11-01,-7.4,7.7,-15.5,-4.1,12.5,96.2,103.2
2022-12-01,-5.2,4.8,-12.7,0.5,17.7,98.2,102.8
2023-01-01,-3.5,11.5,-10.2,2.3,-6.9,101.4,102.6
2023-02-01,-5.8,9.6,-9.0,1.8,12.0,99.2,105.1
2023-03-01,-3.4,8.8,-11.6,3.0,6.0,99.4,104.7
2023-04-01,-1.5,12.9,-7.5,7.5,10.0,103.4,104.8
2023-05-01,-5.4,15.0,-8.0,4.3,11.5,100.7,106.4
2023-06-01,-8.7,15.7,-4.0,0.0,14.6,99.6,108.2
2023-07-01,-9.6,17.1,0.1,6.2,13.3,100.8,107.2
2023-08-01,-6.8,16.1,-2.9,1.4,0.9,102.0,105.5
2023-09-01,-9.1,14.1,-8.3,1.8,4.5,98.4,106.9
2023-10-01,-8.1,16.4,-7.3,3.3,7.6,100.3,109.0
2023-11-01,-9.9,14.8,-7.1,3.3,15.9,98.4,109.0
2023-12-01,-6.5,15.0,-6.3,0.3,15.3,101.0,106.8
2024-01-01,-4.8,18.8,-6.7,2.8,2.3,102.5,108.2
2024-02-01,-4.5,15.2,-4.8,4.9,6.5,102.2,107.8
2024-03-01,-5.6,17.2,-3.3,4.0,9.0,102.0,107.4
2024-04-01,-3.7,13.9,-1.8,2.3,12.8,104.6,107.0
2024-05-01,-6.5,14.1,-1.8,2.5,14.4,101.3,107.7
2024-06-01,-6.1,19.0,-1.8,2.9,-0.9,102.3,106.5
2024-07-01,-4.4,17.1,-1.0,1.9,12.1,104.0,106.4
2024-08-01,-3.8,21.1,-2.8,5.2,1.4,105.1,109.5
2024-09-01,-0.9,16.5,0.0,2.8,7.8,107.2,105.0
2024-10-01,-7.8,NA,-0.4,NA,14.1,100.6,110.1
2024-11-01,-5.5,NA,0.6,NA,8.7,102.5,107.2
2024-12-01,-4.9,NA,1.8,NA,5.3,103.3,104.8
2025-01-01,-4.1,NA,0.5,NA,11.7,104.3,110.2
2025-02-01,-6.0,NA,-1.1,NA,16.5,102.3,111.1
2025-03-01,-5.1,NA,-2.0,NA,12.2,103.0,108.9
2025-04-01,-4.5,NA,-4.3,NA,12.0,102.4,107.9
2025-05-01,-5.0,NA,-2.2,NA,18.0,102.9,106.9
2025-06-01,-6.3,NA,-2.9,NA,17.1,101.5,109.1
2025-07-01,-4.7,NA,-4.5,NA,18.5,102.5,109.0
2025-08-01,-5.8,NA,-2.6,NA,8.8,101.4,105.9
2025-09-01,-4.5,NA,-0.9,NA,16.1,104.3,107.5
2025-10-01,-4.6,NA,-0.1,NA,20.2,103.7,111.0
2025-11-01,-3.6,NA,-0.9,NA,22.1,104.8,107.7
2025-12-01,-3.6,NA,-1.9,NA,19.2,104.4,110.1
2026-01-01,-2.6,NA,-1.9,NA,26.2,106.0,110.9
2026-02-01,-2.5,NA,-1.7,NA,15.0,105.9,109.7
2026-03-01,-4.4,NA,-3.1,NA,14.3,103.5,107.5
2026-04-01,-4.9,NA,-6.3,NA,26.6,102.7,108.3
2026-05-01,-4.1,NA,-6.4,NA,14.4,102.6,106.9
2026-06-01,-3.2,NA,-5.3,NA,12.1,103.3,105.4